ISO-10303-21;
HEADER;
FILE_DESCRIPTION (( 'STEP AP203' ),
    '1' );
FILE_NAME ('Sensor_Box_base.STEP',
    '2026-07-01T10:44:33',
    ( '' ),
    ( '' ),
    'SwSTEP 2.0',
    'SolidWorks 2025',
    '' );
FILE_SCHEMA (( 'CONFIG_CONTROL_DESIGN' ));
ENDSEC;

DATA;
#1 = VECTOR ( 'NONE', #3336, 1000.000000000000000 ) ;
#2 = VERTEX_POINT ( 'NONE', #995 ) ;
#3 = DIRECTION ( 'NONE',  ( -7.575358389869429657E-17, 1.000000000000000000, -9.743762734840437292E-17 ) ) ;
#4 = ORIENTED_EDGE ( 'NONE', *, *, #3321, .F. ) ;
#5 = ORIENTED_EDGE ( 'NONE', *, *, #1367, .T. ) ;
#6 = EDGE_LOOP ( 'NONE', ( #3173, #1518 ) ) ;
#7 = DIRECTION ( 'NONE',  ( 1.000000000000000000, 0.000000000000000000, 0.000000000000000000 ) ) ;
#8 = LINE ( 'NONE', #2758, #2820 ) ;
#9 = PLANE ( 'NONE',  #2603 ) ;
#10 = DIRECTION ( 'NONE',  ( 1.000000000000000000, 0.000000000000000000, 0.000000000000000000 ) ) ;
#11 = ORIENTED_EDGE ( 'NONE', *, *, #4521, .T. ) ;
#12 = LINE ( 'NONE', #2919, #3513 ) ;
#13 = EDGE_CURVE ( 'NONE', #3415, #4449, #4809, .T. ) ;
#14 = ORIENTED_EDGE ( 'NONE', *, *, #2243, .F. ) ;
#15 = DIRECTION ( 'NONE',  ( 1.000000000000000000, -0.000000000000000000, -0.000000000000000000 ) ) ;
#16 = EDGE_CURVE ( 'NONE', #1102, #4483, #3108, .T. ) ;
#17 = EDGE_LOOP ( 'NONE', ( #4344, #2878, #460, #1263 ) ) ;
#18 = CARTESIAN_POINT ( 'NONE',  ( 0.000000000000000000, 0.000000000000000000, 0.000000000000000000 ) ) ;
#19 = LINE ( 'NONE', #2332, #3993 ) ;
#20 = AXIS2_PLACEMENT_3D ( 'NONE', #4092, #1142, #755 ) ;
#21 = CIRCLE ( 'NONE', #2748, 8.099999999999994316 ) ;
#22 = CARTESIAN_POINT ( 'NONE',  ( 0.000000000000000000, 0.000000000000000000, 90.00000000000000000 ) ) ;
#23 = ORIENTED_EDGE ( 'NONE', *, *, #2291, .T. ) ;
#24 = DIRECTION ( 'NONE',  ( -0.7071067811865475727, 0.000000000000000000, -0.7071067811865475727 ) ) ;
#25 = DIRECTION ( 'NONE',  ( -1.000000000000000000, 0.000000000000000000, -0.000000000000000000 ) ) ;
#26 = VECTOR ( 'NONE', #2111, 1000.000000000000000 ) ;
#27 = AXIS2_PLACEMENT_3D ( 'NONE', #3997, #265, #2136 ) ;
#28 = VECTOR ( 'NONE', #3260, 1000.000000000000000 ) ;
#29 = ORIENTED_EDGE ( 'NONE', *, *, #3557, .F. ) ;
#30 = EDGE_CURVE ( 'NONE', #4570, #4633, #4348, .T. ) ;
#31 = CIRCLE ( 'NONE', #3538, 8.099999999999988987 ) ;
#32 = FACE_OUTER_BOUND ( 'NONE', #1987, .T. ) ;
#33 = ORIENTED_EDGE ( 'NONE', *, *, #2534, .F. ) ;
#34 = VERTEX_POINT ( 'NONE', #4310 ) ;
#35 = DIRECTION ( 'NONE',  ( -0.000000000000000000, -0.000000000000000000, 1.000000000000000000 ) ) ;
#36 = CARTESIAN_POINT ( 'NONE',  ( -1.599999999999998535, 115.4499999999999886, 42.82691193458121148 ) ) ;
#37 = DIRECTION ( 'NONE',  ( 0.000000000000000000, -1.000000000000000000, -0.000000000000000000 ) ) ;
#38 = DIRECTION ( 'NONE',  ( 0.7071067811865474617, 0.000000000000000000, -0.7071067811865474617 ) ) ;
#39 = VECTOR ( 'NONE', #1638, 1000.000000000000000 ) ;
#40 = ORIENTED_EDGE ( 'NONE', *, *, #363, .T. ) ;
#41 = DIRECTION ( 'NONE',  ( -0.000000000000000000, -1.000000000000000000, -0.000000000000000000 ) ) ;
#42 = AXIS2_PLACEMENT_3D ( 'NONE', #1251, #2366, #2838 ) ;
#43 = ORIENTED_EDGE ( 'NONE', *, *, #2740, .T. ) ;
#44 = CARTESIAN_POINT ( 'NONE',  ( -6.999999999999999112, 92.95000000000000284, 68.60000000000000853 ) ) ;
#45 = ORIENTED_EDGE ( 'NONE', *, *, #4342, .F. ) ;
#46 = CARTESIAN_POINT ( 'NONE',  ( -100.3259559672906107, 72.19500000000002160, 13.00000000000000178 ) ) ;
#47 = EDGE_CURVE ( 'NONE', #1469, #3075, #2478, .T. ) ;
#48 = DIRECTION ( 'NONE',  ( 0.000000000000000000, -1.000000000000000000, 1.779203565104416882E-16 ) ) ;
#49 = CARTESIAN_POINT ( 'NONE',  ( -16.26345596729060006, 67.04999999999999716, 16.26345596729059650 ) ) ;
#50 = DIRECTION ( 'NONE',  ( 0.000000000000000000, 1.000000000000000000, 0.000000000000000000 ) ) ;
#51 = ORIENTED_EDGE ( 'NONE', *, *, #4329, .T. ) ;
#52 = CARTESIAN_POINT ( 'NONE',  ( -1.599999999999998535, 119.4999999999999858, 38.77691193458120722 ) ) ;
#53 = ORIENTED_EDGE ( 'NONE', *, *, #4181, .F. ) ;
#54 = ADVANCED_FACE ( 'NONE', ( #175 ), #1996, .T. ) ;
#55 = EDGE_LOOP ( 'NONE', ( #2902, #2675, #682, #975 ) ) ;
#56 = EDGE_CURVE ( 'NONE', #4185, #879, #2382, .T. ) ;
#57 = LINE ( 'NONE', #2365, #3530 ) ;
#58 = CIRCLE ( 'NONE', #2784, 3.000000000000002665 ) ;
#59 = CARTESIAN_POINT ( 'NONE',  ( 0.000000000000000000, 3.000000000000000000, 0.000000000000000000 ) ) ;
#60 = DIRECTION ( 'NONE',  ( 1.000000000000000000, 1.224646799147353207E-16, 0.000000000000000000 ) ) ;
#61 = DIRECTION ( 'NONE',  ( 0.7071067811865479058, 0.000000000000000000, 0.7071067811865470176 ) ) ;
#62 = VERTEX_POINT ( 'NONE', #535 ) ;
#63 = EDGE_CURVE ( 'NONE', #319, #732, #4578, .T. ) ;
#64 = DIRECTION ( 'NONE',  ( 1.000000000000000000, 0.000000000000000000, 0.000000000000000000 ) ) ;
#65 = EDGE_LOOP ( 'NONE', ( #4490, #2339, #3354, #3096 ) ) ;
#66 = CARTESIAN_POINT ( 'NONE',  ( 0.000000000000000000, 132.6794919243112076, 90.00000000000000000 ) ) ;
#67 = ORIENTED_EDGE ( 'NONE', *, *, #1760, .F. ) ;
#68 = DIRECTION ( 'NONE',  ( 0.000000000000000000, 0.000000000000000000, 1.000000000000000000 ) ) ;
#69 = DIRECTION ( 'NONE',  ( 0.000000000000000000, 0.000000000000000000, -1.000000000000000000 ) ) ;
#70 = ADVANCED_FACE ( 'NONE', ( #2426, #2064 ), #222, .T. ) ;
#71 = CARTESIAN_POINT ( 'NONE',  ( 0.000000000000000000, 92.95000000000000284, 68.60000000000000853 ) ) ;
#72 = EDGE_CURVE ( 'NONE', #2708, #1331, #630, .T. ) ;
#73 = DIRECTION ( 'NONE',  ( 1.000000000000000000, 0.000000000000000000, 0.000000000000000000 ) ) ;
#74 = DIRECTION ( 'NONE',  ( -0.000000000000000000, -0.000000000000000000, -1.000000000000000000 ) ) ;
#75 = AXIS2_PLACEMENT_3D ( 'NONE', #1777, #404, #7 ) ;
#76 = ORIENTED_EDGE ( 'NONE', *, *, #1812, .T. ) ;
#77 = DIRECTION ( 'NONE',  ( 1.000000000000000000, -0.000000000000000000, -0.000000000000000000 ) ) ;
#78 = EDGE_CURVE ( 'NONE', #62, #4535, #998, .T. ) ;
#79 = ORIENTED_EDGE ( 'NONE', *, *, #168, .T. ) ;
#80 = ORIENTED_EDGE ( 'NONE', *, *, #4306, .F. ) ;
#81 = VECTOR ( 'NONE', #2683, 1000.000000000000000 ) ;
#82 = AXIS2_PLACEMENT_3D ( 'NONE', #520, #4134, #2278 ) ;
#83 = VECTOR ( 'NONE', #500, 1000.000000000000000 ) ;
#84 = DIRECTION ( 'NONE',  ( -0.000000000000000000, -0.000000000000000000, -1.000000000000000000 ) ) ;
#85 = LINE ( 'NONE', #1176, #3469 ) ;
#86 = CARTESIAN_POINT ( 'NONE',  ( -9.828784258493019621, 92.95000000000000284, 21.28391411371508113 ) ) ;
#87 = VERTEX_POINT ( 'NONE', #2981 ) ;
#88 = CYLINDRICAL_SURFACE ( 'NONE', #2172, 8.099999999999996092 ) ;
#89 = VERTEX_POINT ( 'NONE', #4750 ) ;
#90 = DIRECTION ( 'NONE',  ( -0.000000000000000000, 1.000000000000000000, 0.000000000000000000 ) ) ;
#91 = EDGE_CURVE ( 'NONE', #2117, #1276, #368, .T. ) ;
#92 = EDGE_CURVE ( 'NONE', #1421, #1588, #1391, .T. ) ;
#93 = VERTEX_POINT ( 'NONE', #4021 ) ;
#94 = APPROVAL_DATE_TIME ( #4619, #1198 ) ;
#95 = CARTESIAN_POINT ( 'NONE',  ( -8.000000000000000000, 0.000000000000000000, 90.00000000000000000 ) ) ;
#96 = EDGE_CURVE ( 'NONE', #1411, #1499, #149, .T. ) ;
#97 = PLANE ( 'NONE',  #4373 ) ;
#98 = CIRCLE ( 'NONE', #3055, 1.062499999999994005 ) ;
#99 = CARTESIAN_POINT ( 'NONE',  ( -6.999999999999999112, 92.95000000000000284, 60.50000000000001421 ) ) ;
#100 = AXIS2_PLACEMENT_3D ( 'NONE', #3777, #1522, #107 ) ;
#101 = ORIENTED_EDGE ( 'NONE', *, *, #3190, .F. ) ;
#102 = DIRECTION ( 'NONE',  ( -1.000000000000000000, 0.000000000000000000, -0.000000000000000000 ) ) ;
#103 = ORIENTED_EDGE ( 'NONE', *, *, #2795, .F. ) ;
#104 = VERTEX_POINT ( 'NONE', #3658 ) ;
#105 = CIRCLE ( 'NONE', #2285, 4.062499999999983125 ) ;
#106 = VECTOR ( 'NONE', #1256, 1000.000000000000000 ) ;
#107 = DIRECTION ( 'NONE',  ( 0.000000000000000000, -1.000000000000000000, 0.000000000000000000 ) ) ;
#108 = VECTOR ( 'NONE', #603, 1000.000000000000000 ) ;
#109 = AXIS2_PLACEMENT_3D ( 'NONE', #2240, #1517, #3350 ) ;
#110 = VECTOR ( 'NONE', #1661, 1000.000000000000000 ) ;
#111 = LINE ( 'NONE', #1592, #264 ) ;
#112 = CYLINDRICAL_SURFACE ( 'NONE', #542, 8.099999999999996092 ) ;
#113 = VERTEX_POINT ( 'NONE', #2955 ) ;
#114 = DIRECTION ( 'NONE',  ( 0.000000000000000000, 1.000000000000000000, -0.000000000000000000 ) ) ;
#115 = ORIENTED_EDGE ( 'NONE', *, *, #2657, .F. ) ;
#116 = PLANE ( 'NONE',  #2504 ) ;
#117 = EDGE_LOOP ( 'NONE', ( #621, #1436, #1681, #2988 ) ) ;
#118 = COORDINATED_UNIVERSAL_TIME_OFFSET ( 1, 0, .AHEAD. ) ;
#119 = DIRECTION ( 'NONE',  ( -0.7071067811865472397, -0.7071067811865479058, 0.000000000000000000 ) ) ;
#120 = AXIS2_PLACEMENT_3D ( 'NONE', #1035, #4009, #1832 ) ;
#121 = LINE ( 'NONE', #3896, #818 ) ;
#122 = APPLICATION_CONTEXT ( 'configuration controlled 3d designs of mechanical parts and assemblies' ) ;
#123 = DIRECTION ( 'NONE',  ( 0.000000000000000000, 0.000000000000000000, 1.000000000000000000 ) ) ;
#124 = ORIENTED_EDGE ( 'NONE', *, *, #816, .T. ) ;
#125 = DIRECTION ( 'NONE',  ( -1.000000000000000000, -0.000000000000000000, -0.000000000000000000 ) ) ;
#126 = VERTEX_POINT ( 'NONE', #2182 ) ;
#127 = VERTEX_POINT ( 'NONE', #1487 ) ;
#128 = DIRECTION ( 'NONE',  ( 0.000000000000000000, 0.000000000000000000, -1.000000000000000000 ) ) ;
#129 = PRODUCT_RELATED_PRODUCT_CATEGORY ( 'detail', '', ( #1916 ) ) ;
#130 = CARTESIAN_POINT ( 'NONE',  ( -2.999999999999999556, 3.000000000000000000, 68.67999999999999261 ) ) ;
#131 = EDGE_CURVE ( 'NONE', #3587, #3089, #643, .T. ) ;
#132 = DIRECTION ( 'NONE',  ( 0.000000000000000000, 0.000000000000000000, 1.000000000000000000 ) ) ;
#133 = EDGE_LOOP ( 'NONE', ( #4089, #4263 ) ) ;
#134 = EDGE_CURVE ( 'NONE', #498, #200, #3636, .T. ) ;
#135 = VECTOR ( 'NONE', #4211, 1000.000000000000000 ) ;
#136 = CARTESIAN_POINT ( 'NONE',  ( -16.33416664540924401, 92.95000000000000284, 4.879036790187192274 ) ) ;
#137 = ORIENTED_EDGE ( 'NONE', *, *, #375, .T. ) ;
#138 = FACE_OUTER_BOUND ( 'NONE', #1419, .T. ) ;
#139 = EDGE_LOOP ( 'NONE', ( #3327, #3802, #1829, #436 ) ) ;
#140 = ADVANCED_FACE ( 'NONE', ( #1415 ), #3614, .T. ) ;
#141 = LINE ( 'NONE', #2776, #1272 ) ;
#142 = CARTESIAN_POINT ( 'NONE',  ( -152.0000000000000000, 151.9999999999999716, 90.00000000000000000 ) ) ;
#143 = ADVANCED_FACE ( 'NONE', ( #1445 ), #4070, .F. ) ;
#144 = ORIENTED_EDGE ( 'NONE', *, *, #1585, .T. ) ;
#145 = ADVANCED_FACE ( 'NONE', ( #2160, #4388, #3686, #1748, #1025 ), #1050, .T. ) ;
#146 = DIRECTION ( 'NONE',  ( 0.000000000000000000, 0.000000000000000000, 1.000000000000000000 ) ) ;
#147 = DIRECTION ( 'NONE',  ( -0.7071067811865475727, 0.000000000000000000, 0.7071067811865475727 ) ) ;
#148 = DIRECTION ( 'NONE',  ( 0.5773502691896253980, 0.5773502691896256200, 0.5773502691896263972 ) ) ;
#149 = CIRCLE ( 'NONE', #2876, 1.000000000000000888 ) ;
#150 = ORIENTED_EDGE ( 'NONE', *, *, #1711, .F. ) ;
#151 = DIRECTION ( 'NONE',  ( 1.000000000000000000, 0.000000000000000000, 0.000000000000000000 ) ) ;
#152 = EDGE_CURVE ( 'NONE', #4176, #1377, #2750, .T. ) ;
#153 = CIRCLE ( 'NONE', #3112, 8.099999999999988987 ) ;
#154 = DIRECTION ( 'NONE',  ( 0.000000000000000000, 0.000000000000000000, -1.000000000000000000 ) ) ;
#155 = AXIS2_PLACEMENT_3D ( 'NONE', #3334, #3702, #354 ) ;
#156 = DIRECTION ( 'NONE',  ( 0.000000000000000000, 1.000000000000000000, -0.000000000000000000 ) ) ;
#157 = TOROIDAL_SURFACE ( 'NONE', #393, 9.099999999999994316, 1.000000000000000000 ) ;
#158 = CARTESIAN_POINT ( 'NONE',  ( -6.999999999999999112, 67.04999999999999716, 60.50000000000000711 ) ) ;
#159 = VERTEX_POINT ( 'NONE', #2505 ) ;
#160 = VECTOR ( 'NONE', #2731, 1000.000000000000000 ) ;
#161 = DIRECTION ( 'NONE',  ( 0.000000000000000000, -1.000000000000000000, 0.000000000000000000 ) ) ;
#162 = TOROIDAL_SURFACE ( 'NONE', #1403, 9.099999999999994316, 1.000000000000000000 ) ;
#163 = ORIENTED_EDGE ( 'NONE', *, *, #275, .F. ) ;
#164 = CARTESIAN_POINT ( 'NONE',  ( -92.95000000000000284, 6.999999999999998224, 60.50000000000001421 ) ) ;
#165 = ORIENTED_EDGE ( 'NONE', *, *, #2144, .T. ) ;
#166 = SECURITY_CLASSIFICATION_LEVEL ( 'unclassified' ) ;
#167 = TOROIDAL_SURFACE ( 'NONE', #4365, 9.099999999999990763, 1.000000000000000000 ) ;
#168 = EDGE_CURVE ( 'NONE', #93, #244, #3292, .T. ) ;
#169 = DIRECTION ( 'NONE',  ( 0.000000000000000000, 1.000000000000000000, -0.000000000000000000 ) ) ;
#170 = DIRECTION ( 'NONE',  ( -1.000000000000000000, -0.000000000000000000, -0.000000000000000000 ) ) ;
#171 = CARTESIAN_POINT ( 'NONE',  ( 0.000000000000000000, 0.000000000000000000, 8.000000000000000000 ) ) ;
#172 = ORIENTED_EDGE ( 'NONE', *, *, #3118, .F. ) ;
#173 = CARTESIAN_POINT ( 'NONE',  ( -8.000000000000000000, 92.95000000000000284, 52.40000000000001990 ) ) ;
#174 = CARTESIAN_POINT ( 'NONE',  ( -1.599999999999998535, 123.5499999999999829, 42.82691193458121148 ) ) ;
#175 = FACE_OUTER_BOUND ( 'NONE', #2512, .T. ) ;
#176 = ORIENTED_EDGE ( 'NONE', *, *, #506, .T. ) ;
#177 = PLANE ( 'NONE',  #1811 ) ;
#178 = AXIS2_PLACEMENT_3D ( 'NONE', #2273, #4220, #454 ) ;
#179 = VECTOR ( 'NONE', #3708, 1000.000000000000000 ) ;
#180 = EDGE_CURVE ( 'NONE', #4322, #319, #657, .T. ) ;
#181 = DIRECTION ( 'NONE',  ( 0.000000000000000000, 0.000000000000000000, -1.000000000000000000 ) ) ;
#182 = ORIENTED_EDGE ( 'NONE', *, *, #2152, .T. ) ;
#183 = ORIENTED_EDGE ( 'NONE', *, *, #4487, .F. ) ;
#184 = AXIS2_PLACEMENT_3D ( 'NONE', #579, #2871, #3188 ) ;
#185 = VECTOR ( 'NONE', #1721, 1000.000000000000114 ) ;
#186 = DIRECTION ( 'NONE',  ( 0.000000000000000000, -1.000000000000000000, 0.000000000000000000 ) ) ;
#187 = ORIENTED_EDGE ( 'NONE', *, *, #2218, .F. ) ;
#188 = LINE ( 'NONE', #2411, #106 ) ;
#189 = AXIS2_PLACEMENT_3D ( 'NONE', #4793, #2236, #1464 ) ;
#190 = ORIENTED_EDGE ( 'NONE', *, *, #1295, .F. ) ;
#191 = DIRECTION ( 'NONE',  ( 0.000000000000000000, 0.000000000000000000, -1.000000000000000000 ) ) ;
#192 = DIRECTION ( 'NONE',  ( -0.000000000000000000, -1.000000000000000000, -0.000000000000000000 ) ) ;
#193 = EDGE_CURVE ( 'NONE', #879, #4014, #734, .T. ) ;
#194 = CARTESIAN_POINT ( 'NONE',  ( -98.20095596729062493, 72.19500000000002160, 13.00000000000000178 ) ) ;
#195 = TOROIDAL_SURFACE ( 'NONE', #507, 4.050000000000003375, 0.5000000000000000000 ) ;
#196 = ORIENTED_EDGE ( 'NONE', *, *, #3176, .T. ) ;
#197 = CARTESIAN_POINT ( 'NONE',  ( -157.0000000000000000, 159.9999999999999432, 75.67999999999999261 ) ) ;
#198 = CARTESIAN_POINT ( 'NONE',  ( 0.000000000000000000, 0.000000000000000000, 8.000000000000000000 ) ) ;
#199 = ORIENTED_EDGE ( 'NONE', *, *, #3097, .F. ) ;
#200 = VERTEX_POINT ( 'NONE', #1824 ) ;
#201 = DIRECTION ( 'NONE',  ( 0.000000000000000000, -0.000000000000000000, -1.000000000000000000 ) ) ;
#202 = ADVANCED_FACE ( 'NONE', ( #2210 ), #1770, .F. ) ;
#203 = DIRECTION ( 'NONE',  ( 0.000000000000000000, 0.000000000000000000, 1.000000000000000000 ) ) ;
#204 = EDGE_LOOP ( 'NONE', ( #1997, #2598 ) ) ;
#205 = EDGE_CURVE ( 'NONE', #2840, #3651, #2856, .T. ) ;
#206 = ORIENTED_EDGE ( 'NONE', *, *, #3609, .F. ) ;
#207 = CARTESIAN_POINT ( 'NONE',  ( -1.599999999999998535, 115.4499999999999886, 42.82691193458121148 ) ) ;
#208 = LINE ( 'NONE', #3181, #389 ) ;
#209 = ORIENTED_EDGE ( 'NONE', *, *, #4317, .F. ) ;
#210 = EDGE_CURVE ( 'NONE', #366, #3697, #2252, .T. ) ;
#211 = CARTESIAN_POINT ( 'NONE',  ( -152.0000000000000000, 60.50000000000001421, 45.00000000000000000 ) ) ;
#212 = ADVANCED_FACE ( 'NONE', ( #4496 ), #3748, .T. ) ;
#213 = EDGE_LOOP ( 'NONE', ( #2645, #3817, #1631, #3391 ) ) ;
#214 = EDGE_CURVE ( 'NONE', #4449, #3415, #1005, .T. ) ;
#215 = PLANE ( 'NONE',  #1483 ) ;
#216 = DIRECTION ( 'NONE',  ( 1.000000000000000000, 3.469446951953616950E-15, -0.000000000000000000 ) ) ;
#217 = ADVANCED_FACE ( 'NONE', ( #1858 ), #3018, .F. ) ;
#218 = DIRECTION ( 'NONE',  ( 0.000000000000000000, 0.000000000000000000, -1.000000000000000000 ) ) ;
#219 = ORIENTED_EDGE ( 'NONE', *, *, #4661, .T. ) ;
#220 = FACE_BOUND ( 'NONE', #133, .T. ) ;
#221 = CARTESIAN_POINT ( 'NONE',  ( -144.0000000000000284, 157.0000000000000000, 74.68000000000002103 ) ) ;
#222 = PLANE ( 'NONE',  #2471 ) ;
#223 = ORIENTED_EDGE ( 'NONE', *, *, #4457, .F. ) ;
#224 = DIRECTION ( 'NONE',  ( -0.7071067811865474617, 0.000000000000000000, -0.7071067811865474617 ) ) ;
#225 = EDGE_CURVE ( 'NONE', #4713, #1096, #4759, .T. ) ;
#226 = DIRECTION ( 'NONE',  ( -1.000000000000000000, 0.000000000000000000, -0.000000000000000000 ) ) ;
#227 = ORIENTED_EDGE ( 'NONE', *, *, #2164, .F. ) ;
#228 = ORIENTED_EDGE ( 'NONE', *, *, #2059, .T. ) ;
#229 = LINE ( 'NONE', #207, #1270 ) ;
#230 = AXIS2_PLACEMENT_3D ( 'NONE', #4369, #2538, #2219 ) ;
#231 = FACE_OUTER_BOUND ( 'NONE', #4347, .T. ) ;
#232 = ORIENTED_EDGE ( 'NONE', *, *, #1383, .T. ) ;
#233 = CARTESIAN_POINT ( 'NONE',  ( -152.0000000000000000, 0.000000000000000000, 86.00000000000000000 ) ) ;
#234 = ORIENTED_EDGE ( 'NONE', *, *, #1521, .T. ) ;
#235 = AXIS2_PLACEMENT_3D ( 'NONE', #3020, #1135, #4034 ) ;
#236 = EDGE_CURVE ( 'NONE', #3649, #1274, #3509, .T. ) ;
#237 = FACE_OUTER_BOUND ( 'NONE', #4797, .T. ) ;
#238 = DIRECTION ( 'NONE',  ( 0.7071067811865442421, 0.7071067811865507924, 0.000000000000000000 ) ) ;
#239 = CARTESIAN_POINT ( 'NONE',  ( -153.0000000000000000, 67.04999999999999716, 60.50000000000000711 ) ) ;
#240 = CARTESIAN_POINT ( 'NONE',  ( -152.0000000000000000, 99.50000000000001421, 44.99999999999999289 ) ) ;
#241 = VERTEX_POINT ( 'NONE', #4804 ) ;
#242 = DIRECTION ( 'NONE',  ( -0.000000000000000000, -1.000000000000000000, 0.000000000000000000 ) ) ;
#243 = DIRECTION ( 'NONE',  ( 0.000000000000000000, 0.000000000000000000, 1.000000000000000000 ) ) ;
#244 = VERTEX_POINT ( 'NONE', #2222 ) ;
#245 = DIRECTION ( 'NONE',  ( -1.000000000000000000, -3.469446951953616950E-15, 0.000000000000000000 ) ) ;
#246 = LINE ( 'NONE', #660, #828 ) ;
#247 = ORIENTED_EDGE ( 'NONE', *, *, #3607, .T. ) ;
#248 = ORIENTED_EDGE ( 'NONE', *, *, #3746, .T. ) ;
#249 = DIRECTION ( 'NONE',  ( 0.000000000000000000, 1.000000000000000000, 0.000000000000000000 ) ) ;
#250 = EDGE_CURVE ( 'NONE', #4483, #1102, #3104, .T. ) ;
#251 = CARTESIAN_POINT ( 'NONE',  ( -27.32050807568878170, 160.0000000000000000, 90.00000000000000000 ) ) ;
#252 = ORIENTED_EDGE ( 'NONE', *, *, #2832, .F. ) ;
#253 = DIRECTION ( 'NONE',  ( 0.000000000000000000, 0.000000000000000000, -1.000000000000000000 ) ) ;
#254 = CARTESIAN_POINT ( 'NONE',  ( -2.999999999999999556, 3.000000000000002220, 78.68000000000000682 ) ) ;
#255 = ORIENTED_EDGE ( 'NONE', *, *, #633, .T. ) ;
#256 = VERTEX_POINT ( 'NONE', #770 ) ;
#257 = AXIS2_PLACEMENT_3D ( 'NONE', #2580, #3744, #2690 ) ;
#258 = CYLINDRICAL_SURFACE ( 'NONE', #4590, 4.062499999999983125 ) ;
#259 = CARTESIAN_POINT ( 'NONE',  ( -160.0000000000000000, 0.000000000000000000, 78.68000000000000682 ) ) ;
#260 = CARTESIAN_POINT ( 'NONE',  ( -4.999999999999998224, 152.0000000000000000, 53.02691193458121433 ) ) ;
#261 = DIRECTION ( 'NONE',  ( 0.000000000000000000, 1.000000000000000000, 0.000000000000000000 ) ) ;
#262 = VERTEX_POINT ( 'NONE', #4785 ) ;
#263 = CARTESIAN_POINT ( 'NONE',  ( -67.04999999999999716, 153.0000000000000000, 68.59999999999999432 ) ) ;
#264 = VECTOR ( 'NONE', #60, 1000.000000000000000 ) ;
#265 = DIRECTION ( 'NONE',  ( 1.000000000000000000, 0.000000000000000000, 0.000000000000000000 ) ) ;
#266 = DIRECTION ( 'NONE',  ( -0.000000000000000000, 1.000000000000000000, 0.000000000000000000 ) ) ;
#267 = DIRECTION ( 'NONE',  ( 0.000000000000000000, 1.000000000000000000, 0.000000000000000000 ) ) ;
#268 = EDGE_CURVE ( 'NONE', #4577, #3486, #3345, .T. ) ;
#269 = CIRCLE ( 'NONE', #3007, 9.099999999999990763 ) ;
#270 = CARTESIAN_POINT ( 'NONE',  ( -152.0000000000000000, 54.87500000000000711, 90.00000000000000000 ) ) ;
#271 = ORIENTED_EDGE ( 'NONE', *, *, #4595, .F. ) ;
#272 = CC_DESIGN_DATE_AND_TIME_ASSIGNMENT ( #3679, #4812, ( #2779 ) ) ;
#273 = VERTEX_POINT ( 'NONE', #4058 ) ;
#274 = DIRECTION ( 'NONE',  ( -1.000000000000000000, -0.000000000000000000, -0.000000000000000000 ) ) ;
#275 = EDGE_CURVE ( 'NONE', #3633, #4586, #1473, .T. ) ;
#276 = ORIENTED_EDGE ( 'NONE', *, *, #2743, .T. ) ;
#277 = CARTESIAN_POINT ( 'NONE',  ( -156.0000000000000000, 54.87500000000000711, 86.00000000000000000 ) ) ;
#278 = DIRECTION ( 'NONE',  ( 0.7071067811865475727, 0.000000000000000000, -0.7071067811865474617 ) ) ;
#279 = EDGE_CURVE ( 'NONE', #1411, #372, #4574, .T. ) ;
#280 = ORIENTED_EDGE ( 'NONE', *, *, #3804, .T. ) ;
#281 = LINE ( 'NONE', #1787, #2169 ) ;
#282 = DIRECTION ( 'NONE',  ( 0.000000000000000000, 0.000000000000000000, 1.000000000000000000 ) ) ;
#283 = AXIS2_PLACEMENT_3D ( 'NONE', #18, #2258, #2547 ) ;
#284 = CARTESIAN_POINT ( 'NONE',  ( -178.0277563773199461, 39.19000000000000483, 34.53999999999999915 ) ) ;
#285 = VECTOR ( 'NONE', #4743, 1000.000000000000000 ) ;
#286 = CARTESIAN_POINT ( 'NONE',  ( 0.000000000000000000, 67.04999999999999716, 68.59999999999999432 ) ) ;
#287 = ORIENTED_EDGE ( 'NONE', *, *, #1701, .F. ) ;
#288 = CARTESIAN_POINT ( 'NONE',  ( -67.04999999999999716, 6.999999999999998224, 51.40000000000001279 ) ) ;
#289 = LINE ( 'NONE', #1769, #1659 ) ;
#290 = CARTESIAN_POINT ( 'NONE',  ( -149.0000000000000000, 57.49999999999999289, 44.99999999999997158 ) ) ;
#291 = CARTESIAN_POINT ( 'NONE',  ( -8.000000000000000000, -9.797174393178825657E-16, 78.68000000000000682 ) ) ;
#292 = EDGE_CURVE ( 'NONE', #2584, #429, #3646, .T. ) ;
#293 = PLANE ( 'NONE',  #4476 ) ;
#294 = EDGE_LOOP ( 'NONE', ( #3365, #859, #4249, #4601 ) ) ;
#295 = EDGE_CURVE ( 'NONE', #4697, #765, #379, .T. ) ;
#296 = ORIENTED_EDGE ( 'NONE', *, *, #1575, .F. ) ;
#297 = FACE_BOUND ( 'NONE', #559, .T. ) ;
#298 = DIRECTION ( 'NONE',  ( 0.000000000000000000, -0.7071067811865482389, -0.7071067811865469066 ) ) ;
#299 = CARTESIAN_POINT ( 'NONE',  ( -67.04999999999999716, 152.0000000000000000, 69.59999999999999432 ) ) ;
#300 = CARTESIAN_POINT ( 'NONE',  ( -152.0000000000000000, 99.50000000000001421, 44.99999999999999289 ) ) ;
#301 = EDGE_CURVE ( 'NONE', #4185, #2309, #1497, .T. ) ;
#302 = DESIGN_CONTEXT ( 'detailed design', #1362, 'design' ) ;
#303 = CARTESIAN_POINT ( 'NONE',  ( -2.999999999999999556, 3.000000000000000000, 68.67999999999999261 ) ) ;
#304 = ORIENTED_EDGE ( 'NONE', *, *, #3310, .F. ) ;
#305 = LINE ( 'NONE', #1112, #2650 ) ;
#306 = ORIENTED_EDGE ( 'NONE', *, *, #3369, .F. ) ;
#307 = CARTESIAN_POINT ( 'NONE',  ( -152.0000000000000000, 67.04999999999999716, 60.50000000000000711 ) ) ;
#308 = CIRCLE ( 'NONE', #2559, 8.099999999999996092 ) ;
#309 = VECTOR ( 'NONE', #1564, 1000.000000000000000 ) ;
#310 = CARTESIAN_POINT ( 'NONE',  ( -99.26345596729062493, 72.19500000000002160, 8.000000000000000000 ) ) ;
#311 = PLANE ( 'NONE',  #3288 ) ;
#312 = ORIENTED_EDGE ( 'NONE', *, *, #2568, .T. ) ;
#313 = DIRECTION ( 'NONE',  ( 0.000000000000000000, 0.7071067811865482389, 0.7071067811865469066 ) ) ;
#314 = DIRECTION ( 'NONE',  ( 0.7071067811865475727, -0.000000000000000000, -0.7071067811865474617 ) ) ;
#315 = DIRECTION ( 'NONE',  ( 0.000000000000000000, 0.000000000000000000, -1.000000000000000000 ) ) ;
#316 = CARTESIAN_POINT ( 'NONE',  ( -16.00000000000000000, 3.000000000000000000, 74.67999999999999261 ) ) ;
#317 = CYLINDRICAL_SURFACE ( 'NONE', #1283, 8.099999999999988987 ) ;
#318 = ORIENTED_EDGE ( 'NONE', *, *, #2494, .F. ) ;
#319 = VERTEX_POINT ( 'NONE', #4108 ) ;
#320 = CARTESIAN_POINT ( 'NONE',  ( -4.999999999999998224, 152.0000000000000000, 24.52691193458121433 ) ) ;
#321 = LINE ( 'NONE', #1106, #4204 ) ;
#322 = CARTESIAN_POINT ( 'NONE',  ( -67.04999999999999716, 7.999999999999998224, 51.40000000000001279 ) ) ;
#323 = AXIS2_PLACEMENT_3D ( 'NONE', #1332, #2805, #3941 ) ;
#324 = CIRCLE ( 'NONE', #4374, 1.000000000000000888 ) ;
#325 = DIRECTION ( 'NONE',  ( -1.000000000000000000, -0.000000000000000000, -0.000000000000000000 ) ) ;
#326 = ORIENTED_EDGE ( 'NONE', *, *, #3746, .F. ) ;
#327 = DIRECTION ( 'NONE',  ( -1.000000000000000000, 0.000000000000000000, -0.000000000000000000 ) ) ;
#328 = CIRCLE ( 'NONE', #2191, 8.099999999999988987 ) ;
#329 = ORIENTED_EDGE ( 'NONE', *, *, #3766, .F. ) ;
#330 = CARTESIAN_POINT ( 'NONE',  ( -157.0000000000000000, 159.9999999999999716, 78.68000000000000682 ) ) ;
#331 = FACE_OUTER_BOUND ( 'NONE', #2986, .T. ) ;
#332 = EDGE_CURVE ( 'NONE', #587, #3344, #4083, .T. ) ;
#333 = AXIS2_PLACEMENT_3D ( 'NONE', #2009, #3576, #2845 ) ;
#334 = AXIS2_PLACEMENT_3D ( 'NONE', #4256, #2775, #2102 ) ;
#335 = AXIS2_PLACEMENT_3D ( 'NONE', #3124, #3566, #4628 ) ;
#336 = AXIS2_PLACEMENT_3D ( 'NONE', #612, #249, #3808 ) ;
#337 = DIRECTION ( 'NONE',  ( 1.000000000000000000, 0.000000000000000000, -0.000000000000000000 ) ) ;
#338 = EDGE_LOOP ( 'NONE', ( #4318, #2846, #3110, #14 ) ) ;
#339 = ADVANCED_FACE ( 'NONE', ( #2249 ), #2918, .T. ) ;
#340 = FACE_OUTER_BOUND ( 'NONE', #2123, .T. ) ;
#341 = DIRECTION ( 'NONE',  ( -0.000000000000000000, -1.000000000000000000, 0.000000000000000000 ) ) ;
#342 = AXIS2_PLACEMENT_3D ( 'NONE', #3420, #3049, #1843 ) ;
#343 = DIRECTION ( 'NONE',  ( 0.000000000000000000, 0.000000000000000000, -1.000000000000000000 ) ) ;
#344 = CARTESIAN_POINT ( 'NONE',  ( 0.000000000000000000, 160.0000000000000000, 90.00000000000000000 ) ) ;
#345 = VERTEX_POINT ( 'NONE', #2941 ) ;
#346 = ORIENTED_EDGE ( 'NONE', *, *, #1504, .F. ) ;
#347 = EDGE_LOOP ( 'NONE', ( #2761, #3494, #2189 ) ) ;
#348 = CIRCLE ( 'NONE', #3074, 1.000000000000000888 ) ;
#349 = EDGE_CURVE ( 'NONE', #126, #1827, #4033, .T. ) ;
#350 = FACE_OUTER_BOUND ( 'NONE', #2698, .T. ) ;
#351 = EDGE_CURVE ( 'NONE', #789, #3089, #2171, .T. ) ;
#352 = LINE ( 'NONE', #4008, #2726 ) ;
#353 = CARTESIAN_POINT ( 'NONE',  ( -157.0000000000000000, 157.0000000000000000, 68.67999999999999261 ) ) ;
#354 = DIRECTION ( 'NONE',  ( 0.000000000000000000, 0.000000000000000000, 1.000000000000000000 ) ) ;
#355 = EDGE_LOOP ( 'NONE', ( #948, #4019, #4566, #1572 ) ) ;
#356 = CARTESIAN_POINT ( 'NONE',  ( -152.0000000000000000, 67.04999999999999716, 60.50000000000000711 ) ) ;
#357 = ADVANCED_FACE ( 'NONE', ( #3673 ), #167, .T. ) ;
#358 = ADVANCED_FACE ( 'NONE', ( #3131 ), #3822, .F. ) ;
#359 = ORIENTED_EDGE ( 'NONE', *, *, #2875, .F. ) ;
#360 = CARTESIAN_POINT ( 'NONE',  ( -24.52691193458120367, 152.0000000000000000, 24.52691193458121433 ) ) ;
#361 = VERTEX_POINT ( 'NONE', #798 ) ;
#362 = LINE ( 'NONE', #3316, #2628 ) ;
#363 = EDGE_CURVE ( 'NONE', #2491, #273, #792, .T. ) ;
#364 = FACE_BOUND ( 'NONE', #2268, .T. ) ;
#365 = DIRECTION ( 'NONE',  ( -3.469446951953616950E-15, 1.000000000000000000, 0.000000000000000000 ) ) ;
#366 = VERTEX_POINT ( 'NONE', #2739 ) ;
#367 = LINE ( 'NONE', #4820, #2046 ) ;
#368 = LINE ( 'NONE', #4363, #3501 ) ;
#369 = DIRECTION ( 'NONE',  ( 0.000000000000000000, 0.000000000000000000, -1.000000000000000000 ) ) ;
#370 = ORIENTED_EDGE ( 'NONE', *, *, #332, .F. ) ;
#371 = CARTESIAN_POINT ( 'NONE',  ( 20.89316397477042742, -20.89316397477040610, 20.89316397477044518 ) ) ;
#372 = VERTEX_POINT ( 'NONE', #1156 ) ;
#373 = ORIENTED_EDGE ( 'NONE', *, *, #1865, .F. ) ;
#374 = ORIENTED_EDGE ( 'NONE', *, *, #773, .T. ) ;
#375 = EDGE_CURVE ( 'NONE', #1801, #4626, #3844, .T. ) ;
#376 = DIRECTION ( 'NONE',  ( -0.000000000000000000, 1.000000000000000000, -0.000000000000000000 ) ) ;
#377 = DIRECTION ( 'NONE',  ( 0.000000000000000000, 0.000000000000000000, 1.000000000000000000 ) ) ;
#378 = CARTESIAN_POINT ( 'NONE',  ( -24.52691193458120367, 110.9999999999999858, 53.02691193458121433 ) ) ;
#379 = LINE ( 'NONE', #2993, #2469 ) ;
#380 = ORIENTED_EDGE ( 'NONE', *, *, #1521, .F. ) ;
#381 = VECTOR ( 'NONE', #4472, 1000.000000000000000 ) ;
#382 = LINE ( 'NONE', #772, #3756 ) ;
#383 = EDGE_LOOP ( 'NONE', ( #29, #3151, #1231, #1834 ) ) ;
#384 = LINE ( 'NONE', #1503, #4664 ) ;
#385 = VECTOR ( 'NONE', #3715, 999.9999999999998863 ) ;
#386 = ORIENTED_EDGE ( 'NONE', *, *, #3290, .T. ) ;
#387 = DIRECTION ( 'NONE',  ( 0.000000000000000000, 1.000000000000000000, 0.000000000000000000 ) ) ;
#388 = CARTESIAN_POINT ( 'NONE',  ( -144.0000000000000284, 160.0000000000000284, 78.68000000000000682 ) ) ;
#389 = VECTOR ( 'NONE', #1423, 1000.000000000000000 ) ;
#390 = EDGE_CURVE ( 'NONE', #3728, #2270, #3867, .T. ) ;
#391 = DIRECTION ( 'NONE',  ( 0.7071067811865474617, -0.000000000000000000, 0.7071067811865474617 ) ) ;
#392 = VERTEX_POINT ( 'NONE', #434 ) ;
#393 = AXIS2_PLACEMENT_3D ( 'NONE', #3716, #1825, #4433 ) ;
#394 = CARTESIAN_POINT ( 'NONE',  ( -160.0000000000000000, 67.04999999999999716, 68.59999999999999432 ) ) ;
#395 = DIRECTION ( 'NONE',  ( -1.000000000000000000, 0.000000000000000000, -0.000000000000000000 ) ) ;
#396 = DIRECTION ( 'NONE',  ( -1.000000000000000000, 0.000000000000000000, 0.000000000000000000 ) ) ;
#397 = VECTOR ( 'NONE', #3306, 1000.000000000000000 ) ;
#398 = VERTEX_POINT ( 'NONE', #2343 ) ;
#399 = DIRECTION ( 'NONE',  ( -0.000000000000000000, -0.000000000000000000, -1.000000000000000000 ) ) ;
#400 = EDGE_LOOP ( 'NONE', ( #2195, #115, #1928, #4177, #924, #4078 ) ) ;
#401 = VECTOR ( 'NONE', #2643, 1000.000000000000000 ) ;
#402 = EDGE_LOOP ( 'NONE', ( #1340, #3064, #1298, #2280 ) ) ;
#403 = EDGE_CURVE ( 'NONE', #3962, #1677, #1637, .T. ) ;
#404 = DIRECTION ( 'NONE',  ( 0.000000000000000000, 0.000000000000000000, 1.000000000000000000 ) ) ;
#405 = FACE_OUTER_BOUND ( 'NONE', #1441, .T. ) ;
#406 = CARTESIAN_POINT ( 'NONE',  ( -144.0000000000000568, 160.0000000000000000, 78.67949192431133554 ) ) ;
#407 = DIRECTION ( 'NONE',  ( 0.000000000000000000, 0.000000000000000000, 1.000000000000000000 ) ) ;
#408 = EDGE_CURVE ( 'NONE', #487, #4159, #1319, .T. ) ;
#409 = EDGE_LOOP ( 'NONE', ( #4319, #2348, #3898, #3872 ) ) ;
#410 = CARTESIAN_POINT ( 'NONE',  ( -1.734723475976807094E-15, 16.00000000000000000, 78.67949192431120764 ) ) ;
#411 = EDGE_LOOP ( 'NONE', ( #2839, #183, #1989, #3256 ) ) ;
#412 = DIRECTION ( 'NONE',  ( 0.000000000000000000, -1.000000000000000000, 0.000000000000000000 ) ) ;
#413 = VERTEX_POINT ( 'NONE', #3782 ) ;
#414 = LINE ( 'NONE', #3710, #1070 ) ;
#415 = LINE ( 'NONE', #3711, #1660 ) ;
#416 = VECTOR ( 'NONE', #3286, 1000.000000000000000 ) ;
#417 = AXIS2_PLACEMENT_3D ( 'NONE', #360, #2922, #1837 ) ;
#418 = DIRECTION ( 'NONE',  ( 0.000000000000000000, -0.000000000000000000, 1.000000000000000000 ) ) ;
#419 = EDGE_CURVE ( 'NONE', #3339, #2789, #4222, .T. ) ;
#420 = LINE ( 'NONE', #3737, #1040 ) ;
#421 = CYLINDRICAL_SURFACE ( 'NONE', #3965, 4.062499999999983125 ) ;
#422 = AXIS2_PLACEMENT_3D ( 'NONE', #1796, #4411, #3323 ) ;
#423 = VECTOR ( 'NONE', #125, 1000.000000000000000 ) ;
#424 = CIRCLE ( 'NONE', #2115, 5.000000000000004441 ) ;
#425 = ORIENTED_EDGE ( 'NONE', *, *, #3750, .F. ) ;
#426 = CIRCLE ( 'NONE', #1900, 8.099999999999988987 ) ;
#427 = LINE ( 'NONE', #4462, #814 ) ;
#428 = ORIENTED_EDGE ( 'NONE', *, *, #2589, .F. ) ;
#429 = VERTEX_POINT ( 'NONE', #3452 ) ;
#430 = DIRECTION ( 'NONE',  ( -0.000000000000000000, -0.000000000000000000, -1.000000000000000000 ) ) ;
#431 = DIRECTION ( 'NONE',  ( -1.000000000000000000, 0.000000000000000000, 0.000000000000000000 ) ) ;
#432 = DIRECTION ( 'NONE',  ( 2.312964634635742957E-16, 0.000000000000000000, -1.000000000000000000 ) ) ;
#433 = EDGE_CURVE ( 'NONE', #1499, #3728, #3663, .T. ) ;
#434 = CARTESIAN_POINT ( 'NONE',  ( -1.599999999999998535, 119.4999999999999858, 34.72691193458121717 ) ) ;
#435 = CIRCLE ( 'NONE', #825, 4.050000000000005151 ) ;
#436 = ORIENTED_EDGE ( 'NONE', *, *, #3826, .F. ) ;
#437 = ADVANCED_FACE ( 'NONE', ( #3429 ), #112, .F. ) ;
#438 = FACE_OUTER_BOUND ( 'NONE', #3564, .T. ) ;
#439 = AXIS2_PLACEMENT_3D ( 'NONE', #3905, #2003, #2025 ) ;
#440 = EDGE_LOOP ( 'NONE', ( #3760, #928 ) ) ;
#441 = CARTESIAN_POINT ( 'NONE',  ( 10.04091629284897813, 119.4999999999999858, 38.77691193458120722 ) ) ;
#442 = VERTEX_POINT ( 'NONE', #3408 ) ;
#443 = CALENDAR_DATE ( 2026, 1, 7 ) ;
#444 = DIRECTION ( 'NONE',  ( 0.000000000000000000, -1.000000000000000000, 0.000000000000000000 ) ) ;
#445 = CARTESIAN_POINT ( 'NONE',  ( -149.0000000000000000, 0.000000000000000000, 44.99999999999997158 ) ) ;
#446 = EDGE_CURVE ( 'NONE', #4283, #683, #2325, .T. ) ;
#447 = PLANE ( 'NONE',  #342 ) ;
#448 = PLANE ( 'NONE',  #2398 ) ;
#449 = ORIENTED_EDGE ( 'NONE', *, *, #375, .F. ) ;
#450 = PLANE ( 'NONE',  #2354 ) ;
#451 = ORIENTED_EDGE ( 'NONE', *, *, #521, .F. ) ;
#452 = ORIENTED_EDGE ( 'NONE', *, *, #2585, .F. ) ;
#453 = EDGE_CURVE ( 'NONE', #2708, #113, #3083, .T. ) ;
#454 = DIRECTION ( 'NONE',  ( 0.000000000000000000, 0.000000000000000000, 1.000000000000000000 ) ) ;
#455 = CARTESIAN_POINT ( 'NONE',  ( -77.26345596729062493, 87.80500000000002103, 8.000000000000000000 ) ) ;
#456 = CARTESIAN_POINT ( 'NONE',  ( -24.52691193458120367, 150.5000000000000000, 24.52691193458121433 ) ) ;
#457 = ADVANCED_FACE ( 'NONE', ( #1544 ), #3038, .F. ) ;
#458 = EDGE_LOOP ( 'NONE', ( #2482, #3202 ) ) ;
#459 = DIRECTION ( 'NONE',  ( 1.000000000000000000, 0.000000000000000000, 0.000000000000000000 ) ) ;
#460 = ORIENTED_EDGE ( 'NONE', *, *, #1853, .T. ) ;
#461 = CARTESIAN_POINT ( 'NONE',  ( -67.04999999999999716, 8.000000000000000000, 60.50000000000000711 ) ) ;
#462 = ORIENTED_EDGE ( 'NONE', *, *, #2672, .F. ) ;
#463 = DIRECTION ( 'NONE',  ( 8.673617379884027583E-16, -0.000000000000000000, -1.000000000000000000 ) ) ;
#464 = LINE ( 'NONE', #2313, #4744 ) ;
#465 = CARTESIAN_POINT ( 'NONE',  ( -11.99999999999999467, 178.0277563773199461, 46.27691193458122143 ) ) ;
#466 = DIRECTION ( 'NONE',  ( -1.000000000000000000, -0.000000000000000000, -0.000000000000000000 ) ) ;
#467 = VECTOR ( 'NONE', #3869, 1000.000000000000000 ) ;
#468 = ORIENTED_EDGE ( 'NONE', *, *, #2227, .T. ) ;
#469 = FACE_OUTER_BOUND ( 'NONE', #2042, .T. ) ;
#470 = ORIENTED_EDGE ( 'NONE', *, *, #1809, .F. ) ;
#471 = ORIENTED_EDGE ( 'NONE', *, *, #499, .F. ) ;
#472 = VECTOR ( 'NONE', #2396, 1000.000000000000000 ) ;
#473 = CIRCLE ( 'NONE', #2334, 8.099999999999988987 ) ;
#474 = CARTESIAN_POINT ( 'NONE',  ( -67.04999999999999716, 153.0000000000000000, 69.59999999999999432 ) ) ;
#475 = CARTESIAN_POINT ( 'NONE',  ( -1.599999999999998535, 115.4499999999999886, 38.77691193458120722 ) ) ;
#476 = DIRECTION ( 'NONE',  ( -1.000000000000000000, 0.000000000000000000, 0.000000000000000000 ) ) ;
#477 = VERTEX_POINT ( 'NONE', #2306 ) ;
#478 = LINE ( 'NONE', #4549, #1870 ) ;
#479 = VERTEX_POINT ( 'NONE', #3801 ) ;
#480 = DIRECTION ( 'NONE',  ( 0.000000000000000000, 0.000000000000000000, -1.000000000000000000 ) ) ;
#481 = ORIENTED_EDGE ( 'NONE', *, *, #419, .T. ) ;
#482 = DIRECTION ( 'NONE',  ( -0.7071067811865472397, -0.7071067811865479058, 0.000000000000000000 ) ) ;
#483 = CARTESIAN_POINT ( 'NONE',  ( -66.33974596215564645, -66.33974596215560382, 90.00000000000000000 ) ) ;
#484 = DIRECTION ( 'NONE',  ( 0.000000000000000000, 0.000000000000000000, 1.000000000000000000 ) ) ;
#485 = EDGE_CURVE ( 'NONE', #1677, #4570, #2695, .T. ) ;
#486 = CIRCLE ( 'NONE', #1337, 4.062499999999983125 ) ;
#487 = VERTEX_POINT ( 'NONE', #86 ) ;
#488 = FACE_OUTER_BOUND ( 'NONE', #1309, .T. ) ;
#489 = EDGE_CURVE ( 'NONE', #3619, #3532, #3059, .T. ) ;
#490 = ORIENTED_EDGE ( 'NONE', *, *, #2946, .T. ) ;
#491 = ORIENTED_EDGE ( 'NONE', *, *, #3531, .T. ) ;
#492 = CARTESIAN_POINT ( 'NONE',  ( -160.0000000000000000, 16.00000000000000000, 62.67949192431127159 ) ) ;
#493 = DIRECTION ( 'NONE',  ( -2.168404344971008868E-17, -1.000000000000000000, 0.000000000000000000 ) ) ;
#494 = AXIS2_PLACEMENT_3D ( 'NONE', #2063, #2359, #882 ) ;
#495 = VECTOR ( 'NONE', #151, 1000.000000000000000 ) ;
#496 = FACE_OUTER_BOUND ( 'NONE', #4742, .T. ) ;
#497 = DIRECTION ( 'NONE',  ( 0.000000000000000000, 1.000000000000000000, -0.000000000000000000 ) ) ;
#498 = VERTEX_POINT ( 'NONE', #2714 ) ;
#499 = EDGE_CURVE ( 'NONE', #2282, #3424, #4202, .T. ) ;
#500 = DIRECTION ( 'NONE',  ( -1.000000000000000000, 0.000000000000000000, 0.000000000000000000 ) ) ;
#501 = VERTEX_POINT ( 'NONE', #4740 ) ;
#502 = VECTOR ( 'NONE', #4495, 1000.000000000000000 ) ;
#503 = LINE ( 'NONE', #3806, #878 ) ;
#504 = VERTEX_POINT ( 'NONE', #2897 ) ;
#505 = CALENDAR_DATE ( 2026, 1, 7 ) ;
#506 = EDGE_CURVE ( 'NONE', #1908, #2094, #281, .T. ) ;
#507 = AXIS2_PLACEMENT_3D ( 'NONE', #2738, #3866, #1418 ) ;
#508 = ADVANCED_FACE ( 'NONE', ( #4403 ), #3364, .F. ) ;
#509 = ADVANCED_FACE ( 'NONE', ( #3257 ), #4088, .F. ) ;
#510 = CARTESIAN_POINT ( 'NONE',  ( -92.95000000000000284, 7.999999999999998224, 51.40000000000001990 ) ) ;
#511 = CARTESIAN_POINT ( 'NONE',  ( -92.95000000000000284, 8.000000000000000000, 52.40000000000001990 ) ) ;
#512 = ORIENTED_EDGE ( 'NONE', *, *, #4409, .T. ) ;
#513 = LINE ( 'NONE', #3383, #160 ) ;
#514 = PLANE ( 'NONE',  #335 ) ;
#515 = DIRECTION ( 'NONE',  ( 0.7071067811865479058, 0.000000000000000000, 0.7071067811865470176 ) ) ;
#516 = VERTEX_POINT ( 'NONE', #2522 ) ;
#517 = DIRECTION ( 'NONE',  ( -0.000000000000000000, 0.000000000000000000, 1.000000000000000000 ) ) ;
#518 = CYLINDRICAL_SURFACE ( 'NONE', #3058, 8.099999999999996092 ) ;
#519 = CARTESIAN_POINT ( 'NONE',  ( -24.52691193458120367, 109.4999999999999858, 26.02691193458121433 ) ) ;
#520 = CARTESIAN_POINT ( 'NONE',  ( -24.52691193458120367, 109.4999999999999858, 24.52691193458121433 ) ) ;
#521 = EDGE_CURVE ( 'NONE', #1685, #4697, #384, .T. ) ;
#522 = ORIENTED_EDGE ( 'NONE', *, *, #3957, .F. ) ;
#523 = EDGE_CURVE ( 'NONE', #516, #1801, #1478, .T. ) ;
#524 = CARTESIAN_POINT ( 'NONE',  ( -67.04999999999999716, 153.0000000000000000, 60.50000000000000711 ) ) ;
#525 = ORIENTED_EDGE ( 'NONE', *, *, #4361, .F. ) ;
#526 = LINE ( 'NONE', #3533, #728 ) ;
#527 = ORIENTED_EDGE ( 'NONE', *, *, #1141, .T. ) ;
#528 = PERSON_AND_ORGANIZATION_ROLE ( 'creator' ) ;
#529 = LINE ( 'NONE', #1305, #1015 ) ;
#530 = CARTESIAN_POINT ( 'NONE',  ( -24.52691193458120367, 106.4999999999999858, 56.02691193458122143 ) ) ;
#531 = LINE ( 'NONE', #1287, #2647 ) ;
#532 = ORIENTED_EDGE ( 'NONE', *, *, #3543, .F. ) ;
#533 = CARTESIAN_POINT ( 'NONE',  ( -16.00000000000000000, 160.0000000000000284, 62.67949192431127159 ) ) ;
#534 = CARTESIAN_POINT ( 'NONE',  ( -149.0000000000000000, 99.50000000000000000, 45.00000000000000711 ) ) ;
#535 = CARTESIAN_POINT ( 'NONE',  ( -81.32595596729061072, 87.80500000000002103, 13.00000000000000178 ) ) ;
#536 = VERTEX_POINT ( 'NONE', #1762 ) ;
#537 = DIRECTION ( 'NONE',  ( 0.000000000000000000, -1.000000000000000000, 0.000000000000000000 ) ) ;
#538 = VECTOR ( 'NONE', #2574, 1000.000000000000000 ) ;
#539 = CARTESIAN_POINT ( 'NONE',  ( 0.000000000000000000, 0.000000000000000000, 90.00000000000000000 ) ) ;
#540 = AXIS2_PLACEMENT_3D ( 'NONE', #171, #1308, #3470 ) ;
#541 = ORIENTED_EDGE ( 'NONE', *, *, #2360, .T. ) ;
#542 = AXIS2_PLACEMENT_3D ( 'NONE', #3479, #476, #132 ) ;
#543 = ORIENTED_EDGE ( 'NONE', *, *, #923, .T. ) ;
#544 = LINE ( 'NONE', #2815, #4656 ) ;
#545 = ORIENTED_EDGE ( 'NONE', *, *, #2002, .T. ) ;
#546 = CYLINDRICAL_SURFACE ( 'NONE', #2593, 8.099999999999988987 ) ;
#547 = EDGE_CURVE ( 'NONE', #640, #590, #305, .T. ) ;
#548 = ORIENTED_EDGE ( 'NONE', *, *, #4761, .T. ) ;
#549 = CARTESIAN_POINT ( 'NONE',  ( -21.99102089490163081, 67.04999999999999716, 9.121677477306473492 ) ) ;
#550 = CARTESIAN_POINT ( 'NONE',  ( -153.0000000000000000, 92.95000000000000284, 60.50000000000001421 ) ) ;
#551 = DIRECTION ( 'NONE',  ( -1.000000000000000000, 0.000000000000000000, 0.000000000000000000 ) ) ;
#552 = ADVANCED_FACE ( 'NONE', ( #4424 ), #4062, .T. ) ;
#553 = ADVANCED_FACE ( 'NONE', ( #1816 ), #3894, .T. ) ;
#554 = ORIENTED_EDGE ( 'NONE', *, *, #485, .T. ) ;
#555 = CIRCLE ( 'NONE', #4145, 1.500000000000001332 ) ;
#556 = DIRECTION ( 'NONE',  ( -0.5773502691896295058, 0.5773502691896241767, -0.5773502691896235106 ) ) ;
#557 = DIRECTION ( 'NONE',  ( 0.7071067811865475727, -1.533293416683374138E-17, -0.7071067811865475727 ) ) ;
#558 = CARTESIAN_POINT ( 'NONE',  ( -160.0000000000000000, 92.95000000000000284, 60.50000000000001421 ) ) ;
#559 = EDGE_LOOP ( 'NONE', ( #2065, #1708 ) ) ;
#560 = FACE_OUTER_BOUND ( 'NONE', #3858, .T. ) ;
#561 = VECTOR ( 'NONE', #3654, 1000.000000000000000 ) ;
#562 = EDGE_CURVE ( 'NONE', #978, #4415, #4513, .T. ) ;
#563 = CIRCLE ( 'NONE', #2430, 9.099999999999990763 ) ;
#564 = DIRECTION ( 'NONE',  ( 0.000000000000000000, 0.000000000000000000, -1.000000000000000000 ) ) ;
#565 = EDGE_CURVE ( 'NONE', #2118, #34, #2201, .T. ) ;
#566 = ORIENTED_EDGE ( 'NONE', *, *, #4239, .T. ) ;
#567 = CIRCLE ( 'NONE', #333, 4.062499999999983125 ) ;
#568 = VERTEX_POINT ( 'NONE', #4036 ) ;
#569 = CARTESIAN_POINT ( 'NONE',  ( -16.33416664540925112, 67.04999999999999716, 4.879036790187186945 ) ) ;
#570 = VECTOR ( 'NONE', #2415, 1000.000000000000000 ) ;
#571 = AXIS2_PLACEMENT_3D ( 'NONE', #1679, #147, #3098 ) ;
#572 = VECTOR ( 'NONE', #537, 1000.000000000000000 ) ;
#573 = FACE_OUTER_BOUND ( 'NONE', #1565, .T. ) ;
#574 = ADVANCED_FACE ( 'NONE', ( #647 ), #4788, .F. ) ;
#575 = ORIENTED_EDGE ( 'NONE', *, *, #1504, .T. ) ;
#576 = DIRECTION ( 'NONE',  ( 1.000000000000000000, 3.469446951953616950E-15, -0.000000000000000000 ) ) ;
#577 = VECTOR ( 'NONE', #3876, 1000.000000000000000 ) ;
#578 = ORIENTED_EDGE ( 'NONE', *, *, #1714, .F. ) ;
#579 = CARTESIAN_POINT ( 'NONE',  ( -92.95000000000000284, 152.0000000000000000, 60.50000000000001421 ) ) ;
#580 = DIRECTION ( 'NONE',  ( 0.000000000000000000, 0.000000000000000000, 1.000000000000000000 ) ) ;
#581 = DIRECTION ( 'NONE',  ( -1.000000000000000000, 0.000000000000000000, -0.000000000000000000 ) ) ;
#582 = EDGE_CURVE ( 'NONE', #4626, #1548, #3729, .T. ) ;
#583 = ORIENTED_EDGE ( 'NONE', *, *, #1737, .F. ) ;
#584 = CARTESIAN_POINT ( 'NONE',  ( -92.95000000000000284, 0.000000000000000000, 52.40000000000001990 ) ) ;
#585 = DIRECTION ( 'NONE',  ( -0.7071067811865474617, 0.000000000000000000, -0.7071067811865474617 ) ) ;
#586 = ORIENTED_EDGE ( 'NONE', *, *, #3274, .T. ) ;
#587 = VERTEX_POINT ( 'NONE', #1435 ) ;
#588 = CYLINDRICAL_SURFACE ( 'NONE', #2596, 8.099999999999988987 ) ;
#589 = CARTESIAN_POINT ( 'NONE',  ( -152.0000000000000000, 92.95000000000000284, 60.50000000000001421 ) ) ;
#590 = VERTEX_POINT ( 'NONE', #4447 ) ;
#591 = ORIENTED_EDGE ( 'NONE', *, *, #4158, .T. ) ;
#592 = DIRECTION ( 'NONE',  ( -0.000000000000000000, -0.000000000000000000, 1.000000000000000000 ) ) ;
#593 = CARTESIAN_POINT ( 'NONE',  ( -95.20095596729063914, 87.80500000000002103, 8.000000000000000000 ) ) ;
#594 = ORIENTED_EDGE ( 'NONE', *, *, #2321, .F. ) ;
#595 = DIRECTION ( 'NONE',  ( -1.000000000000000000, 0.000000000000000000, 0.000000000000000000 ) ) ;
#596 = ORIENTED_EDGE ( 'NONE', *, *, #225, .T. ) ;
#597 = LOCAL_TIME ( 12, 44, 33.00000000000000000, #4525 ) ;
#598 = DIRECTION ( 'NONE',  ( -0.000000000000000000, -0.000000000000000000, -1.000000000000000000 ) ) ;
#599 = LINE ( 'NONE', #1043, #285 ) ;
#600 = DIRECTION ( 'NONE',  ( -0.7071067811865475727, 0.000000000000000000, -0.7071067811865475727 ) ) ;
#601 = CARTESIAN_POINT ( 'NONE',  ( -8.000000000000000000, 3.000000000000001776, 78.68000000000000682 ) ) ;
#602 = ORIENTED_EDGE ( 'NONE', *, *, #2244, .F. ) ;
#603 = DIRECTION ( 'NONE',  ( -0.000000000000000000, -0.000000000000000000, 1.000000000000000000 ) ) ;
#604 = LINE ( 'NONE', #3291, #2509 ) ;
#605 = ORIENTED_EDGE ( 'NONE', *, *, #4732, .T. ) ;
#606 = FACE_OUTER_BOUND ( 'NONE', #2581, .T. ) ;
#607 = AXIS2_PLACEMENT_3D ( 'NONE', #1108, #2147, #10 ) ;
#608 = VECTOR ( 'NONE', #515, 1000.000000000000114 ) ;
#609 = DIRECTION ( 'NONE',  ( -1.000000000000000000, 0.000000000000000000, 0.000000000000000000 ) ) ;
#610 = EDGE_LOOP ( 'NONE', ( #223, #4686, #1530, #1739 ) ) ;
#611 = EDGE_LOOP ( 'NONE', ( #4035, #3948, #4524 ) ) ;
#612 = CARTESIAN_POINT ( 'NONE',  ( -92.95000000000000284, 160.0000000000000000, 60.50000000000001421 ) ) ;
#613 = VECTOR ( 'NONE', #2409, 1000.000000000000000 ) ;
#614 = DIRECTION ( 'NONE',  ( 0.000000000000000000, -0.000000000000000000, -1.000000000000000000 ) ) ;
#615 = VECTOR ( 'NONE', #3812, 1000.000000000000000 ) ;
#616 = VERTEX_POINT ( 'NONE', #3988 ) ;
#617 = FACE_OUTER_BOUND ( 'NONE', #4209, .T. ) ;
#618 = EDGE_LOOP ( 'NONE', ( #1852, #1151, #1407, #2296 ) ) ;
#619 = VECTOR ( 'NONE', #4056, 1000.000000000000000 ) ;
#620 = VECTOR ( 'NONE', #3362, 1000.000000000000000 ) ;
#621 = ORIENTED_EDGE ( 'NONE', *, *, #2529, .T. ) ;
#622 = LINE ( 'NONE', #4621, #3916 ) ;
#623 = CARTESIAN_POINT ( 'NONE',  ( -24.52691193458120367, 109.4999999999999858, 26.02691193458121433 ) ) ;
#624 = CARTESIAN_POINT ( 'NONE',  ( -152.0000000000000000, 7.999999999999998224, 8.000000000000000000 ) ) ;
#625 = DIRECTION ( 'NONE',  ( 0.7071067811865475727, -1.533293416683374138E-17, -0.7071067811865475727 ) ) ;
#626 = ORIENTED_EDGE ( 'NONE', *, *, #3766, .T. ) ;
#627 = ADVANCED_FACE ( 'NONE', ( #1457 ), #2175, .T. ) ;
#628 = DIRECTION ( 'NONE',  ( 0.000000000000000000, 0.000000000000000000, 1.000000000000000000 ) ) ;
#629 = DIRECTION ( 'NONE',  ( 0.000000000000000000, 0.000000000000000000, 1.000000000000000000 ) ) ;
#630 = LINE ( 'NONE', #3267, #385 ) ;
#631 = DIRECTION ( 'NONE',  ( -1.000000000000000000, -1.224646799147353207E-16, -0.000000000000000000 ) ) ;
#632 = EDGE_CURVE ( 'NONE', #1161, #487, #1887, .T. ) ;
#633 = EDGE_CURVE ( 'NONE', #3575, #1688, #3761, .T. ) ;
#634 = DIRECTION ( 'NONE',  ( 0.000000000000000000, -0.7071067811865474617, 0.7071067811865474617 ) ) ;
#635 = ORIENTED_EDGE ( 'NONE', *, *, #1143, .F. ) ;
#636 = VECTOR ( 'NONE', #3799, 1000.000000000000000 ) ;
#637 = ORIENTED_EDGE ( 'NONE', *, *, #870, .F. ) ;
#638 = AXIS2_PLACEMENT_3D ( 'NONE', #2229, #2128, #3650 ) ;
#639 = CARTESIAN_POINT ( 'NONE',  ( -6.999999999999998224, 92.95000000000000284, 69.59999999999999432 ) ) ;
#640 = VERTEX_POINT ( 'NONE', #4138 ) ;
#641 = CARTESIAN_POINT ( 'NONE',  ( -152.0000000000000000, 9.660254037844362429, 80.33974596215561803 ) ) ;
#642 = DIRECTION ( 'NONE',  ( 1.000000000000000000, 0.000000000000000000, 0.000000000000000000 ) ) ;
#643 = CIRCLE ( 'NONE', #1894, 4.062499999999983125 ) ;
#644 = AXIS2_PLACEMENT_3D ( 'NONE', #2104, #2900, #3580 ) ;
#645 = ORIENTED_EDGE ( 'NONE', *, *, #4548, .F. ) ;
#646 = CIRCLE ( 'NONE', #3784, 1.062499999999994005 ) ;
#647 = FACE_OUTER_BOUND ( 'NONE', #3010, .T. ) ;
#648 = LINE ( 'NONE', #2129, #3174 ) ;
#649 = EDGE_CURVE ( 'NONE', #1289, #1685, #503, .T. ) ;
#650 = DIRECTION ( 'NONE',  ( -0.000000000000000000, 0.000000000000000000, -1.000000000000000000 ) ) ;
#651 = ADVANCED_FACE ( 'NONE', ( #775 ), #116, .F. ) ;
#652 = FACE_OUTER_BOUND ( 'NONE', #4408, .T. ) ;
#653 = ORIENTED_EDGE ( 'NONE', *, *, #3227, .F. ) ;
#654 = CARTESIAN_POINT ( 'NONE',  ( -100.3259559672906107, 87.80500000000002103, 8.000000000000000000 ) ) ;
#655 = CIRCLE ( 'NONE', #120, 8.099999999999988987 ) ;
#656 = DIRECTION ( 'NONE',  ( -0.000000000000000000, -0.000000000000000000, -1.000000000000000000 ) ) ;
#657 = LINE ( 'NONE', #2137, #2114 ) ;
#658 = CYLINDRICAL_SURFACE ( 'NONE', #2208, 4.062499999999983125 ) ;
#659 = VECTOR ( 'NONE', #3591, 1000.000000000000000 ) ;
#660 = CARTESIAN_POINT ( 'NONE',  ( -103.3259559672906107, 72.19500000000002160, 13.00000000000000178 ) ) ;
#661 = ORIENTED_EDGE ( 'NONE', *, *, #4467, .F. ) ;
#662 = ORIENTED_EDGE ( 'NONE', *, *, #2152, .F. ) ;
#663 = DIRECTION ( 'NONE',  ( 0.000000000000000000, 1.000000000000000000, 0.000000000000000000 ) ) ;
#664 = DIRECTION ( 'NONE',  ( 0.000000000000000000, -0.000000000000000000, 1.000000000000000000 ) ) ;
#665 = DIRECTION ( 'NONE',  ( 0.000000000000000000, -1.000000000000000000, 0.000000000000000000 ) ) ;
#666 = CARTESIAN_POINT ( 'NONE',  ( -67.04999999999999716, 7.999999999999998224, 60.50000000000000711 ) ) ;
#667 = FACE_BOUND ( 'NONE', #3373, .T. ) ;
#668 = ORIENTED_EDGE ( 'NONE', *, *, #1249, .T. ) ;
#669 = DIRECTION ( 'NONE',  ( 0.000000000000000000, 0.000000000000000000, -1.000000000000000000 ) ) ;
#670 = MANIFOLD_SOLID_BREP ( 'Fillet2', #4736 ) ;
#671 = ORIENTED_EDGE ( 'NONE', *, *, #4116, .F. ) ;
#672 = PLANE ( 'NONE',  #1378 ) ;
#673 = DIRECTION ( 'NONE',  ( 1.000000000000000000, -0.000000000000000000, -0.000000000000000000 ) ) ;
#674 = CIRCLE ( 'NONE', #1300, 8.099999999999996092 ) ;
#675 = CARTESIAN_POINT ( 'NONE',  ( 0.000000000000000000, 92.95000000000000284, 60.50000000000001421 ) ) ;
#676 = VERTEX_POINT ( 'NONE', #3111 ) ;
#677 = CARTESIAN_POINT ( 'NONE',  ( -160.0000000000000284, 143.9999999999999716, 62.67949192431127159 ) ) ;
#678 = DIRECTION ( 'NONE',  ( 0.000000000000000000, -0.7071067811865474617, 0.7071067811865474617 ) ) ;
#679 = DIRECTION ( 'NONE',  ( 1.000000000000000000, 0.000000000000000000, 0.000000000000000000 ) ) ;
#680 = DIRECTION ( 'NONE',  ( -1.000000000000000000, 0.000000000000000000, 0.000000000000000000 ) ) ;
#681 = PLANE ( 'NONE',  #3857 ) ;
#682 = ORIENTED_EDGE ( 'NONE', *, *, #236, .F. ) ;
#683 = VERTEX_POINT ( 'NONE', #2283 ) ;
#684 = FACE_OUTER_BOUND ( 'NONE', #3969, .T. ) ;
#685 = FACE_OUTER_BOUND ( 'NONE', #1386, .T. ) ;
#686 = DIRECTION ( 'NONE',  ( -1.000000000000000000, 0.000000000000000000, 0.000000000000000000 ) ) ;
#687 = EDGE_CURVE ( 'NONE', #2118, #2379, #830, .T. ) ;
#688 = DIRECTION ( 'NONE',  ( 0.000000000000000000, -1.000000000000000000, 0.000000000000000000 ) ) ;
#689 = CIRCLE ( 'NONE', #778, 9.099999999999990763 ) ;
#690 = CARTESIAN_POINT ( 'NONE',  ( 0.000000000000000000, 16.00000000000000000, 78.68000000000000682 ) ) ;
#691 = EDGE_CURVE ( 'NONE', #2027, #1595, #1919, .T. ) ;
#692 = EDGE_LOOP ( 'NONE', ( #1208, #829, #982, #1627 ) ) ;
#693 = DIRECTION ( 'NONE',  ( -0.000000000000000000, 0.000000000000000000, 1.000000000000000000 ) ) ;
#694 = ORIENTED_EDGE ( 'NONE', *, *, #2422, .T. ) ;
#695 = AXIS2_PLACEMENT_3D ( 'NONE', #1466, #4506, #1099 ) ;
#696 = VECTOR ( 'NONE', #1041, 1000.000000000000000 ) ;
#697 = DIRECTION ( 'NONE',  ( -0.000000000000000000, 1.000000000000000000, -0.000000000000000000 ) ) ;
#698 = VECTOR ( 'NONE', #2173, 1000.000000000000000 ) ;
#699 = FACE_OUTER_BOUND ( 'NONE', #2746, .T. ) ;
#700 = ORIENTED_EDGE ( 'NONE', *, *, #4822, .T. ) ;
#701 = CARTESIAN_POINT ( 'NONE',  ( -153.0000000000000000, 92.95000000000000284, 52.40000000000001990 ) ) ;
#702 = DIRECTION ( 'NONE',  ( -0.7071067811865475727, 0.000000000000000000, -0.7071067811865475727 ) ) ;
#703 = CARTESIAN_POINT ( 'NONE',  ( -16.26345596729060006, 67.04999999999999716, 16.26345596729059650 ) ) ;
#704 = ADVANCED_FACE ( 'NONE', ( #138 ), #3485, .F. ) ;
#705 = EDGE_CURVE ( 'NONE', #2, #3633, #3044, .T. ) ;
#706 = CARTESIAN_POINT ( 'NONE',  ( -7.999999999999998224, 0.000000000000000000, 90.00000000000000000 ) ) ;
#707 = VERTEX_POINT ( 'NONE', #66 ) ;
#708 = ORIENTED_EDGE ( 'NONE', *, *, #56, .T. ) ;
#709 = ORIENTED_EDGE ( 'NONE', *, *, #1946, .T. ) ;
#710 = EDGE_CURVE ( 'NONE', #978, #2134, #2310, .T. ) ;
#711 = EDGE_CURVE ( 'NONE', #2326, #855, #3985, .T. ) ;
#712 = CARTESIAN_POINT ( 'NONE',  ( -21.99999999999999645, 160.0000000000000000, 31.27691193458122143 ) ) ;
#713 = ADVANCED_FACE ( 'NONE', ( #1549 ), #3787, .F. ) ;
#714 = PLANE ( 'NONE',  #1868 ) ;
#715 = DIRECTION ( 'NONE',  ( -1.000000000000000000, 0.000000000000000000, 0.000000000000000000 ) ) ;
#716 = AXIS2_PLACEMENT_3D ( 'NONE', #59, #1883, #3406 ) ;
#717 = CARTESIAN_POINT ( 'NONE',  ( -81.32595596729061072, 72.19500000000002160, 13.00000000000000178 ) ) ;
#718 = EDGE_LOOP ( 'NONE', ( #4611, #543, #1666, #4113, #4115, #2207, #2962, #2952, #3474, #3000 ) ) ;
#719 = AXIS2_PLACEMENT_3D ( 'NONE', #2450, #154, #3632 ) ;
#720 = ADVANCED_FACE ( 'NONE', ( #1571 ), #2719, .F. ) ;
#721 = DIRECTION ( 'NONE',  ( 0.000000000000000000, 0.000000000000000000, 1.000000000000000000 ) ) ;
#722 = ORIENTED_EDGE ( 'NONE', *, *, #1396, .F. ) ;
#723 = CARTESIAN_POINT ( 'NONE',  ( -1.599999999999998535, 0.000000000000000000, 0.000000000000000000 ) ) ;
#724 = AXIS2_PLACEMENT_3D ( 'NONE', #3939, #2526, #3210 ) ;
#725 = ORIENTED_EDGE ( 'NONE', *, *, #1773, .F. ) ;
#726 = APPROVAL_STATUS ( 'not_yet_approved' ) ;
#727 = LINE ( 'NONE', #3790, #3914 ) ;
#728 = VECTOR ( 'NONE', #2054, 1000.000000000000000 ) ;
#729 = VECTOR ( 'NONE', #629, 1000.000000000000000 ) ;
#730 = CIRCLE ( 'NONE', #1345, 3.550000000000004707 ) ;
#731 = LINE ( 'NONE', #4528, #1399 ) ;
#732 = VERTEX_POINT ( 'NONE', #848 ) ;
#733 = DIRECTION ( 'NONE',  ( -0.7071067811865474617, 0.000000000000000000, -0.7071067811865474617 ) ) ;
#734 = LINE ( 'NONE', #290, #1398 ) ;
#735 = CARTESIAN_POINT ( 'NONE',  ( -24.52691193458120367, 150.5000000000000000, 24.52691193458121433 ) ) ;
#736 = ADVANCED_FACE ( 'NONE', ( #873 ), #3830, .T. ) ;
#737 = VERTEX_POINT ( 'NONE', #2676 ) ;
#738 = CARTESIAN_POINT ( 'NONE',  ( -67.04999999999999716, 152.0000000000000000, 60.50000000000000711 ) ) ;
#739 = ORIENTED_EDGE ( 'NONE', *, *, #2649, .T. ) ;
#740 = VERTEX_POINT ( 'NONE', #44 ) ;
#741 = EDGE_LOOP ( 'NONE', ( #2331, #4333 ) ) ;
#742 = CIRCLE ( 'NONE', #3471, 4.062499999999983125 ) ;
#743 = CARTESIAN_POINT ( 'NONE',  ( -24.52691193458120367, 109.4999999999999858, 51.52691193458121433 ) ) ;
#744 = PLANE ( 'NONE',  #4297 ) ;
#745 = LINE ( 'NONE', #2917, #4554 ) ;
#746 = CARTESIAN_POINT ( 'NONE',  ( -152.0000000000000000, 99.50000000000001421, 31.99999999999999289 ) ) ;
#747 = EDGE_CURVE ( 'NONE', #2101, #3126, #21, .T. ) ;
#748 = ORIENTED_EDGE ( 'NONE', *, *, #1422, .T. ) ;
#749 = FACE_BOUND ( 'NONE', #831, .T. ) ;
#750 = VERTEX_POINT ( 'NONE', #4569 ) ;
#751 = DIRECTION ( 'NONE',  ( -3.469446951953616950E-15, 1.000000000000000000, 0.000000000000000000 ) ) ;
#752 = ORIENTED_EDGE ( 'NONE', *, *, #3589, .T. ) ;
#753 =( LENGTH_UNIT ( ) NAMED_UNIT ( * ) SI_UNIT ( .MILLI., .METRE. ) );
#754 = LINE ( 'NONE', #46, #4688 ) ;
#755 = DIRECTION ( 'NONE',  ( 0.000000000000000000, 0.000000000000000000, -1.000000000000000000 ) ) ;
#756 = ORIENTED_EDGE ( 'NONE', *, *, #2113, .F. ) ;
#757 = LOCAL_TIME ( 12, 44, 33.00000000000000000, #2177 ) ;
#758 = CARTESIAN_POINT ( 'NONE',  ( -153.0000000000000000, 92.95000000000000284, 68.60000000000000853 ) ) ;
#759 = DIRECTION ( 'NONE',  ( 0.000000000000000000, 0.000000000000000000, -1.000000000000000000 ) ) ;
#760 = CARTESIAN_POINT ( 'NONE',  ( -4.999999999999997335, 110.9999999999999858, 53.02691193458121433 ) ) ;
#761 = CIRCLE ( 'NONE', #3417, 8.099999999999994316 ) ;
#762 = EDGE_CURVE ( 'NONE', #2789, #3788, #2329, .T. ) ;
#763 = ORIENTED_EDGE ( 'NONE', *, *, #433, .T. ) ;
#764 = DIRECTION ( 'NONE',  ( 1.000000000000000000, 0.000000000000000000, 0.000000000000000000 ) ) ;
#765 = VERTEX_POINT ( 'NONE', #4114 ) ;
#766 = ORIENTED_EDGE ( 'NONE', *, *, #4190, .F. ) ;
#767 = DIRECTION ( 'NONE',  ( 0.000000000000000000, 0.000000000000000000, 1.000000000000000000 ) ) ;
#768 = CARTESIAN_POINT ( 'NONE',  ( -24.52691193458120367, 109.4999999999999858, 53.02691193458121433 ) ) ;
#769 = DIRECTION ( 'NONE',  ( 1.000000000000000000, 0.000000000000000000, 0.000000000000000000 ) ) ;
#770 = CARTESIAN_POINT ( 'NONE',  ( 0.000000000000000000, 27.32050807568881723, 90.00000000000000000 ) ) ;
#771 = ORIENTED_EDGE ( 'NONE', *, *, #3117, .F. ) ;
#772 = CARTESIAN_POINT ( 'NONE',  ( -152.0000000000000000, 39.19000000000000483, 24.53999999999999559 ) ) ;
#773 = EDGE_CURVE ( 'NONE', #1421, #2101, #4163, .T. ) ;
#774 = ORIENTED_EDGE ( 'NONE', *, *, #3167, .F. ) ;
#775 = FACE_OUTER_BOUND ( 'NONE', #1690, .T. ) ;
#776 = ORIENTED_EDGE ( 'NONE', *, *, #1931, .T. ) ;
#777 = CARTESIAN_POINT ( 'NONE',  ( -1.599999999999998535, 123.5499999999999829, 34.72691193458121717 ) ) ;
#778 = AXIS2_PLACEMENT_3D ( 'NONE', #1830, #3330, #3669 ) ;
#779 = CARTESIAN_POINT ( 'NONE',  ( -7.999999999999998224, 92.95000000000000284, 69.59999999999999432 ) ) ;
#780 = EDGE_CURVE ( 'NONE', #1962, #676, #964, .T. ) ;
#781 = ORIENTED_EDGE ( 'NONE', *, *, #1875, .T. ) ;
#782 = VECTOR ( 'NONE', #1886, 1000.000000000000000 ) ;
#783 = VECTOR ( 'NONE', #2353, 999.9999999999998863 ) ;
#784 = LINE ( 'NONE', #2266, #1649 ) ;
#785 = LINE ( 'NONE', #2610, #3116 ) ;
#786 = AXIS2_PLACEMENT_3D ( 'NONE', #4399, #3254, #664 ) ;
#787 = CC_DESIGN_PERSON_AND_ORGANIZATION_ASSIGNMENT ( #3114, #528, ( #3873 ) ) ;
#788 = AXIS2_PLACEMENT_3D ( 'NONE', #1648, #3578, #3895 ) ;
#789 = VERTEX_POINT ( 'NONE', #1709 ) ;
#790 = DIRECTION ( 'NONE',  ( -0.7071067811865474617, -0.7071067811865475727, 0.000000000000000000 ) ) ;
#791 = ORIENTED_EDGE ( 'NONE', *, *, #408, .F. ) ;
#792 = CIRCLE ( 'NONE', #3516, 8.099999999999988987 ) ;
#793 = ADVANCED_FACE ( 'NONE', ( #1325 ), #4689, .T. ) ;
#794 = ORIENTED_EDGE ( 'NONE', *, *, #2487, .F. ) ;
#795 = DIRECTION ( 'NONE',  ( 1.000000000000000000, 0.000000000000000000, 0.000000000000000000 ) ) ;
#796 = DIRECTION ( 'NONE',  ( 1.000000000000000000, 0.000000000000000000, 0.000000000000000000 ) ) ;
#797 = DIRECTION ( 'NONE',  ( 0.000000000000000000, 0.000000000000000000, 1.000000000000000000 ) ) ;
#798 = CARTESIAN_POINT ( 'NONE',  ( -92.95000000000000284, 152.0000000000000000, 69.59999999999999432 ) ) ;
#799 = EDGE_LOOP ( 'NONE', ( #3507, #3902, #3726, #3571 ) ) ;
#800 = CARTESIAN_POINT ( 'NONE',  ( -77.26345596729062493, 87.80500000000002103, 8.000000000000000000 ) ) ;
#801 = CIRCLE ( 'NONE', #2666, 1.000000000000000888 ) ;
#802 = ORIENTED_EDGE ( 'NONE', *, *, #1923, .T. ) ;
#803 = DIRECTION ( 'NONE',  ( -1.000000000000000000, -1.224646799147353207E-16, 0.000000000000000000 ) ) ;
#804 = ORIENTED_EDGE ( 'NONE', *, *, #3153, .F. ) ;
#805 = APPROVAL_DATE_TIME ( #2287, #2501 ) ;
#806 = FACE_BOUND ( 'NONE', #3273, .T. ) ;
#807 = VECTOR ( 'NONE', #2527, 1000.000000000000000 ) ;
#808 = AXIS2_PLACEMENT_3D ( 'NONE', #4478, #4808, #2973 ) ;
#809 = FACE_OUTER_BOUND ( 'NONE', #4028, .T. ) ;
#810 = ADVANCED_FACE ( 'NONE', ( #4637 ), #2392, .T. ) ;
#811 = DIRECTION ( 'NONE',  ( 0.000000000000000000, 0.000000000000000000, -1.000000000000000000 ) ) ;
#812 = DIRECTION ( 'NONE',  ( -1.000000000000000000, 0.000000000000000000, 0.000000000000000000 ) ) ;
#813 = CIRCLE ( 'NONE', #184, 9.099999999999990763 ) ;
#814 = VECTOR ( 'NONE', #3011, 1000.000000000000000 ) ;
#815 = AXIS2_PLACEMENT_3D ( 'NONE', #388, #3318, #1869 ) ;
#816 = EDGE_CURVE ( 'NONE', #4378, #4087, #3690, .T. ) ;
#817 = ORIENTED_EDGE ( 'NONE', *, *, #3317, .F. ) ;
#818 = VECTOR ( 'NONE', #4596, 1000.000000000000000 ) ;
#819 = CYLINDRICAL_SURFACE ( 'NONE', #3067, 1.062499999999994005 ) ;
#820 = VERTEX_POINT ( 'NONE', #1303 ) ;
#821 = VERTEX_POINT ( 'NONE', #3956 ) ;
#822 = DIRECTION ( 'NONE',  ( 0.000000000000000000, -1.000000000000000000, 0.000000000000000000 ) ) ;
#823 = CARTESIAN_POINT ( 'NONE',  ( -4.999999999999998224, 115.4499999999999886, 42.82691193458121148 ) ) ;
#824 = DIRECTION ( 'NONE',  ( -1.000000000000000000, 0.000000000000000000, -0.000000000000000000 ) ) ;
#825 = AXIS2_PLACEMENT_3D ( 'NONE', #1131, #769, #797 ) ;
#826 = EDGE_LOOP ( 'NONE', ( #1930, #776, #3622, #4077 ) ) ;
#827 = CARTESIAN_POINT ( 'NONE',  ( -4.999999999999998224, 110.9999999999999858, 24.52691193458121433 ) ) ;
#828 = VECTOR ( 'NONE', #1392, 1000.000000000000000 ) ;
#829 = ORIENTED_EDGE ( 'NONE', *, *, #3466, .T. ) ;
#830 = LINE ( 'NONE', #2699, #4605 ) ;
#831 = EDGE_LOOP ( 'NONE', ( #3337, #3552 ) ) ;
#832 = LINE ( 'NONE', #3931, #4155 ) ;
#833 = CARTESIAN_POINT ( 'NONE',  ( -2.999999999999999556, 0.000000000000000000, 68.67999999999999261 ) ) ;
#834 = CARTESIAN_POINT ( 'NONE',  ( -160.0000000000000000, 160.0000000000000000, 90.00000000000000000 ) ) ;
#835 = LINE ( 'NONE', #735, #1553 ) ;
#836 = ORIENTED_EDGE ( 'NONE', *, *, #1146, .T. ) ;
#837 = DIRECTION ( 'NONE',  ( 0.000000000000000000, 0.000000000000000000, 1.000000000000000000 ) ) ;
#838 = ORIENTED_EDGE ( 'NONE', *, *, #1008, .F. ) ;
#839 = ORIENTED_EDGE ( 'NONE', *, *, #1642, .F. ) ;
#840 = LOCAL_TIME ( 12, 44, 33.00000000000000000, #3508 ) ;
#841 = DIRECTION ( 'NONE',  ( 0.000000000000000000, 0.000000000000000000, 1.000000000000000000 ) ) ;
#842 = CYLINDRICAL_SURFACE ( 'NONE', #2844, 3.550000000000004707 ) ;
#843 = DIRECTION ( 'NONE',  ( -0.000000000000000000, 1.000000000000000000, -0.000000000000000000 ) ) ;
#844 = EDGE_LOOP ( 'NONE', ( #3944, #668, #3757, #3160 ) ) ;
#845 = CARTESIAN_POINT ( 'NONE',  ( -7.999999999999998224, 7.999999999999996447, 24.52691193458121788 ) ) ;
#846 = CC_DESIGN_PERSON_AND_ORGANIZATION_ASSIGNMENT ( #3789, #3763, ( #2779 ) ) ;
#847 = ORIENTED_EDGE ( 'NONE', *, *, #1716, .F. ) ;
#848 = CARTESIAN_POINT ( 'NONE',  ( -160.0000000000000000, 92.95000000000000284, 68.60000000000000853 ) ) ;
#849 = ORIENTED_EDGE ( 'NONE', *, *, #453, .F. ) ;
#850 = ADVANCED_FACE ( 'NONE', ( #2747 ), #546, .F. ) ;
#851 = LINE ( 'NONE', #2460, #4538 ) ;
#852 = LINE ( 'NONE', #2333, #577 ) ;
#853 = CARTESIAN_POINT ( 'NONE',  ( -1.599999999999998535, 119.4999999999999858, 38.77691193458120722 ) ) ;
#854 = AXIS2_PLACEMENT_3D ( 'NONE', #4439, #3015, #841 ) ;
#855 = VERTEX_POINT ( 'NONE', #3206 ) ;
#856 = FACE_OUTER_BOUND ( 'NONE', #2594, .T. ) ;
#857 = VERTEX_POINT ( 'NONE', #211 ) ;
#858 = EDGE_CURVE ( 'NONE', #1548, #2773, #3295, .T. ) ;
#859 = ORIENTED_EDGE ( 'NONE', *, *, #3874, .F. ) ;
#860 = CARTESIAN_POINT ( 'NONE',  ( -160.0000000000000000, 60.50000000000001421, 45.00000000000000000 ) ) ;
#861 = AXIS2_PLACEMENT_3D ( 'NONE', #1912, #4515, #4132 ) ;
#862 = EDGE_CURVE ( 'NONE', #3481, #3870, #188, .T. ) ;
#863 = CIRCLE ( 'NONE', #2804, 1.062499999999994005 ) ;
#864 = LINE ( 'NONE', #1250, #636 ) ;
#865 = CARTESIAN_POINT ( 'NONE',  ( -100.3259559672906107, 87.80500000000002103, 13.00000000000000178 ) ) ;
#866 = CARTESIAN_POINT ( 'NONE',  ( -6.999999999999998224, 92.95000000000000284, 60.50000000000001421 ) ) ;
#867 = EDGE_CURVE ( 'NONE', #789, #3611, #567, .T. ) ;
#868 = ADVANCED_FACE ( 'NONE', ( #617 ), #2031, .T. ) ;
#869 = ORIENTED_EDGE ( 'NONE', *, *, #2449, .F. ) ;
#870 = EDGE_CURVE ( 'NONE', #2584, #3651, #4685, .T. ) ;
#871 = DIRECTION ( 'NONE',  ( -1.000000000000000000, 0.000000000000000000, 0.000000000000000000 ) ) ;
#872 = ORIENTED_EDGE ( 'NONE', *, *, #3605, .F. ) ;
#873 = FACE_OUTER_BOUND ( 'NONE', #3335, .T. ) ;
#874 = PERSON_AND_ORGANIZATION_ROLE ( 'design_supplier' ) ;
#875 = DIRECTION ( 'NONE',  ( -0.000000000000000000, 1.000000000000000000, -0.000000000000000000 ) ) ;
#876 = FACE_OUTER_BOUND ( 'NONE', #4763, .T. ) ;
#877 = DIRECTION ( 'NONE',  ( 0.7071067811865475727, -1.533293416683374138E-17, -0.7071067811865475727 ) ) ;
#878 = VECTOR ( 'NONE', #2625, 1000.000000000000000 ) ;
#879 = VERTEX_POINT ( 'NONE', #3871 ) ;
#880 = EDGE_CURVE ( 'NONE', #640, #4014, #526, .T. ) ;
#881 = DIRECTION ( 'NONE',  ( 0.000000000000000000, 0.000000000000000000, 1.000000000000000000 ) ) ;
#882 = DIRECTION ( 'NONE',  ( 0.000000000000000000, 0.000000000000000000, -1.000000000000000000 ) ) ;
#883 = ADVANCED_FACE ( 'NONE', ( #3136 ), #4616, .T. ) ;
#884 = ORIENTED_EDGE ( 'NONE', *, *, #96, .T. ) ;
#885 = ORIENTED_EDGE ( 'NONE', *, *, #1906, .T. ) ;
#886 = AXIS2_PLACEMENT_3D ( 'NONE', #2178, #3367, #4091 ) ;
#887 = DIRECTION ( 'NONE',  ( -0.000000000000000000, -0.000000000000000000, 1.000000000000000000 ) ) ;
#888 = LINE ( 'NONE', #4514, #2745 ) ;
#889 = CIRCLE ( 'NONE', #257, 0.5000000000000004441 ) ;
#890 = AXIS2_PLACEMENT_3D ( 'NONE', #3659, #680, #2479 ) ;
#891 = LINE ( 'NONE', #2787, #1052 ) ;
#892 = CARTESIAN_POINT ( 'NONE',  ( -70.33974596215553277, 7.999999999999998224, 160.3397459621556038 ) ) ;
#893 = ORIENTED_EDGE ( 'NONE', *, *, #3627, .T. ) ;
#894 = ORIENTED_EDGE ( 'NONE', *, *, #1873, .F. ) ;
#895 = VECTOR ( 'NONE', #2967, 1000.000000000000000 ) ;
#896 = ADVANCED_FACE ( 'NONE', ( #3597 ), #2771, .T. ) ;
#897 = ORIENTED_EDGE ( 'NONE', *, *, #2419, .F. ) ;
#898 = PERSON_AND_ORGANIZATION ( #2420, #1755 ) ;
#899 = CIRCLE ( 'NONE', #42, 1.062499999999994005 ) ;
#900 = DIRECTION ( 'NONE',  ( 0.000000000000000000, 0.000000000000000000, -1.000000000000000000 ) ) ;
#901 = CARTESIAN_POINT ( 'NONE',  ( -4.999999999999998224, 109.4999999999999858, 53.02691193458121433 ) ) ;
#902 = VERTEX_POINT ( 'NONE', #1689 ) ;
#903 = EDGE_CURVE ( 'NONE', #2638, #3301, #1671, .T. ) ;
#904 = CARTESIAN_POINT ( 'NONE',  ( -92.95000000000000284, 152.0000000000000000, 51.40000000000001990 ) ) ;
#905 = FACE_OUTER_BOUND ( 'NONE', #117, .T. ) ;
#906 = CARTESIAN_POINT ( 'NONE',  ( 74.22649730810371693, 74.22649730810374535, 74.22649730810383062 ) ) ;
#907 = ORIENTED_EDGE ( 'NONE', *, *, #4313, .T. ) ;
#908 = DIRECTION ( 'NONE',  ( -1.000000000000000000, 0.000000000000000000, 0.000000000000000000 ) ) ;
#909 = EDGE_CURVE ( 'NONE', #4602, #2242, #1733, .T. ) ;
#910 = CARTESIAN_POINT ( 'NONE',  ( 0.000000000000000000, 160.0000000000000000, 90.00000000000000000 ) ) ;
#911 = VERTEX_POINT ( 'NONE', #4371 ) ;
#912 = ORIENTED_EDGE ( 'NONE', *, *, #4391, .T. ) ;
#913 = VECTOR ( 'NONE', #3919, 1000.000000000000000 ) ;
#914 = CARTESIAN_POINT ( 'NONE',  ( -4.999999999999998224, 123.5499999999999829, 34.72691193458121717 ) ) ;
#915 = ORIENTED_EDGE ( 'NONE', *, *, #1450, .F. ) ;
#916 = CARTESIAN_POINT ( 'NONE',  ( -24.52691193458120367, 109.4999999999999858, 24.52691193458121433 ) ) ;
#917 = ORIENTED_EDGE ( 'NONE', *, *, #3750, .T. ) ;
#918 = ADVANCED_FACE ( 'NONE', ( #3723 ), #744, .T. ) ;
#919 = EDGE_CURVE ( 'NONE', #3558, #2868, #2939, .T. ) ;
#920 = DIRECTION ( 'NONE',  ( -0.000000000000000000, -0.000000000000000000, -1.000000000000000000 ) ) ;
#921 = DIRECTION ( 'NONE',  ( -0.7071067811865472397, 0.000000000000000000, -0.7071067811865476838 ) ) ;
#922 = CARTESIAN_POINT ( 'NONE',  ( -152.0000000000000000, 39.19000000000000483, 34.53999999999999915 ) ) ;
#923 = EDGE_CURVE ( 'NONE', #1276, #2708, #4783, .T. ) ;
#924 = ORIENTED_EDGE ( 'NONE', *, *, #446, .T. ) ;
#925 = DIRECTION ( 'NONE',  ( -0.000000000000000000, -1.000000000000000000, -0.000000000000000000 ) ) ;
#926 = DIRECTION ( 'NONE',  ( 0.7071067811865477948, -0.7071067811865473507, 0.000000000000000000 ) ) ;
#927 = CARTESIAN_POINT ( 'NONE',  ( -99.26345596729062493, 87.80500000000002103, 13.00000000000000178 ) ) ;
#928 = ORIENTED_EDGE ( 'NONE', *, *, #2113, .T. ) ;
#929 = DIRECTION ( 'NONE',  ( -1.000000000000000000, 0.000000000000000000, 0.000000000000000000 ) ) ;
#930 = ADVANCED_FACE ( 'NONE', ( #685 ), #4418, .T. ) ;
#931 = ADVANCED_FACE ( 'NONE', ( #3276 ), #1856, .F. ) ;
#932 = CARTESIAN_POINT ( 'NONE',  ( -149.0000000000000000, 96.50000000000000000, 45.00000000000000711 ) ) ;
#933 = ORIENTED_EDGE ( 'NONE', *, *, #1260, .F. ) ;
#934 = AXIS2_PLACEMENT_3D ( 'NONE', #1959, #4585, #4545 ) ;
#935 = CIRCLE ( 'NONE', #3664, 9.099999999999990763 ) ;
#936 = ORIENTED_EDGE ( 'NONE', *, *, #4594, .T. ) ;
#937 = PLANE ( 'NONE',  #2250 ) ;
#938 = EDGE_LOOP ( 'NONE', ( #1458, #3403, #985, #3696 ) ) ;
#939 = DIRECTION ( 'NONE',  ( 0.7071067811865473507, -0.7071067811865477948, 0.000000000000000000 ) ) ;
#940 = ORIENTED_EDGE ( 'NONE', *, *, #3004, .T. ) ;
#941 = ADVANCED_FACE ( 'NONE', ( #1034, #2168 ), #4756, .F. ) ;
#942 = CARTESIAN_POINT ( 'NONE',  ( -7.999999999999998224, 106.4999999999999858, 56.02691193458122143 ) ) ;
#943 = FACE_OUTER_BOUND ( 'NONE', #3943, .T. ) ;
#944 = VERTEX_POINT ( 'NONE', #1401 ) ;
#945 = CIRCLE ( 'NONE', #2414, 3.550000000000004707 ) ;
#946 = CARTESIAN_POINT ( 'NONE',  ( 0.000000000000000000, 152.0000000000000000, 90.00000000000000000 ) ) ;
#947 = CARTESIAN_POINT ( 'NONE',  ( 34.39339828220177964, 0.000000000000000000, 55.60660171779821326 ) ) ;
#948 = ORIENTED_EDGE ( 'NONE', *, *, #4594, .F. ) ;
#949 = EDGE_CURVE ( 'NONE', #1161, #1618, #321, .T. ) ;
#950 = EDGE_LOOP ( 'NONE', ( #304, #4126, #4477, #3925, #4002, #490, #1278 ) ) ;
#951 = LINE ( 'NONE', #3101, #2198 ) ;
#952 = VECTOR ( 'NONE', #1330, 1000.000000000000000 ) ;
#953 = VECTOR ( 'NONE', #2155, 1000.000000000000000 ) ;
#954 = LINE ( 'NONE', #2435, #3398 ) ;
#955 = ORIENTED_EDGE ( 'NONE', *, *, #2075, .T. ) ;
#956 = VECTOR ( 'NONE', #1162, 1000.000000000000000 ) ;
#957 = ORIENTED_EDGE ( 'NONE', *, *, #4409, .F. ) ;
#958 = CARTESIAN_POINT ( 'NONE',  ( -13.66025403784440861, 13.66025403784439618, 90.00000000000000000 ) ) ;
#959 = AXIS2_PLACEMENT_3D ( 'NONE', #3603, #967, #4276 ) ;
#960 = VECTOR ( 'NONE', #1444, 1000.000000000000000 ) ;
#961 = AXIS2_PLACEMENT_3D ( 'NONE', #3175, #517, #1999 ) ;
#962 = FACE_OUTER_BOUND ( 'NONE', #1489, .T. ) ;
#963 = VERTEX_POINT ( 'NONE', #4711 ) ;
#964 = LINE ( 'NONE', #3504, #1970 ) ;
#965 = AXIS2_PLACEMENT_3D ( 'NONE', #4069, #2209, #1145 ) ;
#966 = EDGE_LOOP ( 'NONE', ( #3328, #3667, #3410, #2614 ) ) ;
#967 = DIRECTION ( 'NONE',  ( 0.000000000000000000, 0.000000000000000000, 1.000000000000000000 ) ) ;
#968 = CYLINDRICAL_SURFACE ( 'NONE', #1148, 8.099999999999988987 ) ;
#969 = LINE ( 'NONE', #2874, #953 ) ;
#970 = DIRECTION ( 'NONE',  ( -0.7071067811865475727, 0.000000000000000000, -0.7071067811865475727 ) ) ;
#971 = ORIENTED_EDGE ( 'NONE', *, *, #858, .F. ) ;
#972 = CARTESIAN_POINT ( 'NONE',  ( -92.95000000000000284, 153.0000000000000000, 69.59999999999999432 ) ) ;
#973 = LINE ( 'NONE', #4335, #729 ) ;
#974 = DIRECTION ( 'NONE',  ( 0.000000000000000000, 0.000000000000000000, 1.000000000000000000 ) ) ;
#975 = ORIENTED_EDGE ( 'NONE', *, *, #2872, .F. ) ;
#976 = DIRECTION ( 'NONE',  ( 0.000000000000000000, -0.000000000000000000, -1.000000000000000000 ) ) ;
#977 = FACE_OUTER_BOUND ( 'NONE', #1528, .T. ) ;
#978 = VERTEX_POINT ( 'NONE', #2966 ) ;
#979 = ORIENTED_EDGE ( 'NONE', *, *, #4813, .T. ) ;
#980 = DIRECTION ( 'NONE',  ( -0.000000000000000000, -1.000000000000000000, -0.000000000000000000 ) ) ;
#981 = DIRECTION ( 'NONE',  ( 0.000000000000000000, 0.000000000000000000, -1.000000000000000000 ) ) ;
#982 = ORIENTED_EDGE ( 'NONE', *, *, #3975, .T. ) ;
#983 = CARTESIAN_POINT ( 'NONE',  ( -16.00000000000000000, 160.0000000000000284, 62.67949192431127159 ) ) ;
#984 = EDGE_LOOP ( 'NONE', ( #594, #2216, #4173, #3704 ) ) ;
#985 = ORIENTED_EDGE ( 'NONE', *, *, #3095, .T. ) ;
#986 = CARTESIAN_POINT ( 'NONE',  ( -99.26345596729062493, 72.19500000000002160, 13.00000000000000178 ) ) ;
#987 = EDGE_CURVE ( 'NONE', #1479, #2127, #1805, .T. ) ;
#988 = CARTESIAN_POINT ( 'NONE',  ( -152.0000000000000000, 157.0000000000000000, 78.68000000000000682 ) ) ;
#989 = CARTESIAN_POINT ( 'NONE',  ( -95.20095596729063914, 72.19500000000002160, 8.000000000000000000 ) ) ;
#990 = EDGE_CURVE ( 'NONE', #34, #398, #1780, .T. ) ;
#991 = FACE_OUTER_BOUND ( 'NONE', #2230, .T. ) ;
#992 = ORIENTED_EDGE ( 'NONE', *, *, #3238, .T. ) ;
#993 = DIRECTION ( 'NONE',  ( 0.000000000000000000, 0.000000000000000000, 1.000000000000000000 ) ) ;
#994 = CYLINDRICAL_SURFACE ( 'NONE', #1583, 4.062499999999983125 ) ;
#995 = CARTESIAN_POINT ( 'NONE',  ( -156.0000000000000000, 54.87500000000000711, 90.00000000000000000 ) ) ;
#996 = DIRECTION ( 'NONE',  ( 1.000000000000000000, -0.000000000000000000, -0.000000000000000000 ) ) ;
#997 = VECTOR ( 'NONE', #1427, 1000.000000000000000 ) ;
#998 = CIRCLE ( 'NONE', #2245, 4.062499999999983125 ) ;
#999 = EDGE_CURVE ( 'NONE', #1244, #2466, #352, .T. ) ;
#1000 = CARTESIAN_POINT ( 'NONE',  ( -77.26345596729062493, 87.80500000000002103, 13.00000000000000178 ) ) ;
#1001 = ORIENTED_EDGE ( 'NONE', *, *, #4671, .F. ) ;
#1002 = ORIENTED_EDGE ( 'NONE', *, *, #506, .F. ) ;
#1003 = AXIS2_PLACEMENT_3D ( 'NONE', #2166, #1804, #1451 ) ;
#1004 = DIRECTION ( 'NONE',  ( -0.7071067811865474617, -0.7071067811865475727, 4.870272347577000442E-16 ) ) ;
#1005 = CIRCLE ( 'NONE', #1624, 9.099999999999990763 ) ;
#1006 = VECTOR ( 'NONE', #1488, 1000.000000000000000 ) ;
#1007 = ORIENTED_EDGE ( 'NONE', *, *, #3885, .F. ) ;
#1008 = EDGE_CURVE ( 'NONE', #2571, #1331, #1059, .T. ) ;
#1009 = DIRECTION ( 'NONE',  ( -1.000000000000000000, 0.000000000000000000, -0.000000000000000000 ) ) ;
#1010 = DIRECTION ( 'NONE',  ( 0.000000000000000000, 0.000000000000000000, 1.000000000000000000 ) ) ;
#1011 = EDGE_CURVE ( 'NONE', #3043, #2455, #1084, .T. ) ;
#1012 = ORIENTED_EDGE ( 'NONE', *, *, #1939, .T. ) ;
#1013 = EDGE_CURVE ( 'NONE', #3521, #1684, #1452, .T. ) ;
#1014 = VECTOR ( 'NONE', #377, 1000.000000000000000 ) ;
#1015 = VECTOR ( 'NONE', #4351, 1000.000000000000000 ) ;
#1016 = ORIENTED_EDGE ( 'NONE', *, *, #2799, .T. ) ;
#1017 = DIRECTION ( 'NONE',  ( -1.084202172485504280E-17, -1.000000000000000000, 1.084202172485504280E-17 ) ) ;
#1018 = VECTOR ( 'NONE', #688, 1000.000000000000000 ) ;
#1019 = CARTESIAN_POINT ( 'NONE',  ( -149.0000000000000000, 0.000000000000000000, 32.00000000000002842 ) ) ;
#1020 = DIRECTION ( 'NONE',  ( -0.7071067811865474617, 0.000000000000000000, -0.7071067811865474617 ) ) ;
#1021 = DIRECTION ( 'NONE',  ( 1.000000000000000000, 0.000000000000000000, 1.224646799147352961E-16 ) ) ;
#1022 = ORIENTED_EDGE ( 'NONE', *, *, #3303, .F. ) ;
#1023 = CARTESIAN_POINT ( 'NONE',  ( -160.0000000000000000, 67.04999999999999716, 60.50000000000000711 ) ) ;
#1024 = DIRECTION ( 'NONE',  ( 0.7071067811865475727, -0.000000000000000000, -0.7071067811865474617 ) ) ;
#1025 = FACE_OUTER_BOUND ( 'NONE', #718, .T. ) ;
#1026 = DIRECTION ( 'NONE',  ( -0.000000000000000000, -0.000000000000000000, -1.000000000000000000 ) ) ;
#1027 = ADVANCED_FACE ( 'NONE', ( #3982 ), #714, .F. ) ;
#1028 = DIRECTION ( 'NONE',  ( -0.5773502691896257311, 0.5773502691896258421, 0.5773502691896258421 ) ) ;
#1029 = ORIENTED_EDGE ( 'NONE', *, *, #649, .T. ) ;
#1030 = CIRCLE ( 'NONE', #1574, 9.099999999999983658 ) ;
#1031 = ORIENTED_EDGE ( 'NONE', *, *, #1566, .T. ) ;
#1032 = AXIS2_PLACEMENT_3D ( 'NONE', #1942, #1988, #3460 ) ;
#1033 = CARTESIAN_POINT ( 'NONE',  ( -92.95000000000000284, 152.0000000000000000, 52.40000000000001990 ) ) ;
#1034 = FACE_BOUND ( 'NONE', #2078, .T. ) ;
#1035 = CARTESIAN_POINT ( 'NONE',  ( -153.0000000000000000, 92.95000000000000284, 60.50000000000001421 ) ) ;
#1036 = AXIS2_PLACEMENT_3D ( 'NONE', #2806, #557, #3473 ) ;
#1037 = CIRCLE ( 'NONE', #3779, 4.062499999999983125 ) ;
#1038 = EDGE_CURVE ( 'NONE', #2346, #4522, #1471, .T. ) ;
#1039 = ORIENTED_EDGE ( 'NONE', *, *, #4444, .F. ) ;
#1040 = VECTOR ( 'NONE', #4170, 1000.000000000000000 ) ;
#1041 = DIRECTION ( 'NONE',  ( 0.000000000000000000, 0.000000000000000000, 1.000000000000000000 ) ) ;
#1042 = ORIENTED_EDGE ( 'NONE', *, *, #1275, .F. ) ;
#1043 = CARTESIAN_POINT ( 'NONE',  ( -160.0000000000000000, 0.000000000000000000, 90.00000000000000000 ) ) ;
#1044 = DIRECTION ( 'NONE',  ( 1.000000000000000000, 0.000000000000000000, -0.000000000000000000 ) ) ;
#1045 = CARTESIAN_POINT ( 'NONE',  ( -95.20095596729063914, 87.80500000000002103, 13.00000000000000178 ) ) ;
#1046 = ORIENTED_EDGE ( 'NONE', *, *, #1384, .F. ) ;
#1047 = CARTESIAN_POINT ( 'NONE',  ( -1.599999999999998535, 123.5499999999999829, 34.72691193458121717 ) ) ;
#1048 = AXIS2_PLACEMENT_3D ( 'NONE', #4022, #4751, #4337 ) ;
#1049 = DIRECTION ( 'NONE',  ( -0.7071067811865475727, 0.000000000000000000, -0.7071067811865475727 ) ) ;
#1050 = PLANE ( 'NONE',  #2508 ) ;
#1051 = CARTESIAN_POINT ( 'NONE',  ( -144.0000000000000284, 0.000000000000000000, 62.67949192431127159 ) ) ;
#1052 = VECTOR ( 'NONE', #4652, 1000.000000000000000 ) ;
#1053 = ADVANCED_FACE ( 'NONE', ( #2590 ), #4081, .F. ) ;
#1054 = CARTESIAN_POINT ( 'NONE',  ( -99.26345596729062493, 72.19500000000002160, 13.00000000000000178 ) ) ;
#1055 = ORIENTED_EDGE ( 'NONE', *, *, #2620, .T. ) ;
#1056 = ORIENTED_EDGE ( 'NONE', *, *, #4595, .T. ) ;
#1057 = ADVANCED_FACE ( 'NONE', ( #405 ), #2275, .T. ) ;
#1058 = CARTESIAN_POINT ( 'NONE',  ( -13.66025403784438197, 0.000000000000000000, 76.33974596215560382 ) ) ;
#1059 = LINE ( 'NONE', #1375, #3968 ) ;
#1060 = CYLINDRICAL_SURFACE ( 'NONE', #1515, 1.062499999999994005 ) ;
#1061 = DIRECTION ( 'NONE',  ( 0.000000000000000000, 0.000000000000000000, -1.000000000000000000 ) ) ;
#1062 = DIRECTION ( 'NONE',  ( 0.000000000000000000, 0.000000000000000000, -1.000000000000000000 ) ) ;
#1063 = ORIENTED_EDGE ( 'NONE', *, *, #4638, .T. ) ;
#1064 = CARTESIAN_POINT ( 'NONE',  ( -67.04999999999999716, 153.0000000000000000, 60.50000000000000711 ) ) ;
#1065 = EDGE_CURVE ( 'NONE', #1608, #256, #3899, .T. ) ;
#1066 = ORIENTED_EDGE ( 'NONE', *, *, #1933, .T. ) ;
#1067 = DIRECTION ( 'NONE',  ( -0.000000000000000000, -0.000000000000000000, -1.000000000000000000 ) ) ;
#1068 = EDGE_CURVE ( 'NONE', #3089, #3587, #4357, .T. ) ;
#1069 = FACE_OUTER_BOUND ( 'NONE', #3100, .T. ) ;
#1070 = VECTOR ( 'NONE', #1898, 1000.000000000000000 ) ;
#1071 = PLANE ( 'NONE',  #2036 ) ;
#1072 = ORIENTED_EDGE ( 'NONE', *, *, #3557, .T. ) ;
#1073 = EDGE_CURVE ( 'NONE', #4633, #3697, #513, .T. ) ;
#1074 = DIRECTION ( 'NONE',  ( -0.000000000000000000, 1.000000000000000000, -0.000000000000000000 ) ) ;
#1075 = DIRECTION ( 'NONE',  ( -1.000000000000000000, 0.000000000000000000, 0.000000000000000000 ) ) ;
#1076 = EDGE_CURVE ( 'NONE', #1767, #3472, #2641, .T. ) ;
#1077 = CARTESIAN_POINT ( 'NONE',  ( -4.879036790187186945, 92.95000000000000284, 16.33416664540925112 ) ) ;
#1078 = EDGE_CURVE ( 'NONE', #855, #4805, #2965, .T. ) ;
#1079 = DIRECTION ( 'NONE',  ( 0.5773502691896256200, -0.5773502691896252870, 0.5773502691896262862 ) ) ;
#1080 = ORIENTED_EDGE ( 'NONE', *, *, #2869, .F. ) ;
#1081 = EDGE_CURVE ( 'NONE', #1204, #2843, #4494, .T. ) ;
#1082 = ORIENTED_EDGE ( 'NONE', *, *, #3809, .F. ) ;
#1083 = CARTESIAN_POINT ( 'NONE',  ( -99.26345596729062493, 87.80500000000002103, 8.000000000000000000 ) ) ;
#1084 = LINE ( 'NONE', #2916, #397 ) ;
#1085 = DIRECTION ( 'NONE',  ( -0.000000000000000000, -1.000000000000000000, 0.000000000000000000 ) ) ;
#1086 = AXIS2_PLACEMENT_3D ( 'NONE', #639, #186, #3932 ) ;
#1087 = EDGE_LOOP ( 'NONE', ( #4558, #4654, #4151, #2174, #2391, #80, #2987, #2361, #1863, #661, #3815 ) ) ;
#1088 = LINE ( 'NONE', #3759, #698 ) ;
#1089 = EDGE_LOOP ( 'NONE', ( #2813, #3544, #4591, #725, #1985, #626, #3890, #3572, #566, #2791, #992, #3435, #3201, #3929 ) ) ;
#1090 = CARTESIAN_POINT ( 'NONE',  ( -156.9999999999994316, -5.447031714567159130E-13, 78.68000000000000682 ) ) ;
#1091 = EDGE_CURVE ( 'NONE', #2536, #1932, #555, .T. ) ;
#1092 = ORIENTED_EDGE ( 'NONE', *, *, #4111, .F. ) ;
#1093 = FACE_OUTER_BOUND ( 'NONE', #4217, .T. ) ;
#1094 = VECTOR ( 'NONE', #41, 1000.000000000000000 ) ;
#1095 = CARTESIAN_POINT ( 'NONE',  ( -149.0000000000000000, 96.50000000000000000, 45.00000000000000711 ) ) ;
#1096 = VERTEX_POINT ( 'NONE', #2401 ) ;
#1097 = PLANE ( 'NONE',  #4389 ) ;
#1098 = CARTESIAN_POINT ( 'NONE',  ( -99.26345596729062493, 72.19500000000002160, 13.00000000000000178 ) ) ;
#1099 = DIRECTION ( 'NONE',  ( 0.000000000000000000, 0.000000000000000000, -1.000000000000000000 ) ) ;
#1100 = ADVANCED_FACE ( 'NONE', ( #1523 ), #3753, .F. ) ;
#1101 = DIRECTION ( 'NONE',  ( -0.000000000000000000, 1.000000000000000000, -0.000000000000000000 ) ) ;
#1102 = VERTEX_POINT ( 'NONE', #1264 ) ;
#1103 = EDGE_LOOP ( 'NONE', ( #2317, #3641 ) ) ;
#1104 = ORIENTED_EDGE ( 'NONE', *, *, #3467, .T. ) ;
#1105 = DIRECTION ( 'NONE',  ( -0.000000000000000000, -0.000000000000000000, -1.000000000000000000 ) ) ;
#1106 = CARTESIAN_POINT ( 'NONE',  ( -21.99102089490162371, 92.95000000000000284, 10.53589103967957108 ) ) ;
#1107 = DIRECTION ( 'NONE',  ( 0.000000000000000000, 0.000000000000000000, 1.000000000000000000 ) ) ;
#1108 = CARTESIAN_POINT ( 'NONE',  ( -99.26345596729062493, 87.80500000000002103, 13.00000000000000178 ) ) ;
#1109 = ORIENTED_EDGE ( 'NONE', *, *, #521, .T. ) ;
#1110 = FACE_OUTER_BOUND ( 'NONE', #2038, .T. ) ;
#1111 = VERTEX_POINT ( 'NONE', #4215 ) ;
#1112 = CARTESIAN_POINT ( 'NONE',  ( -152.0000000000000000, 57.49999999999999289, 48.00000000000000000 ) ) ;
#1113 = EDGE_LOOP ( 'NONE', ( #694, #346, #1002, #4123 ) ) ;
#1114 = PLANE ( 'NONE',  #2421 ) ;
#1115 = EDGE_CURVE ( 'NONE', #87, #498, #4758, .T. ) ;
#1116 = AXIS2_PLACEMENT_3D ( 'NONE', #52, #2662, #837 ) ;
#1117 = VECTOR ( 'NONE', #1682, 1000.000000000000000 ) ;
#1118 = CARTESIAN_POINT ( 'NONE',  ( -95.20095596729063914, 87.80500000000002103, 13.00000000000000178 ) ) ;
#1119 = LINE ( 'NONE', #2684, #3999 ) ;
#1120 = DIRECTION ( 'NONE',  ( -0.000000000000000000, -0.000000000000000000, 1.000000000000000000 ) ) ;
#1121 = CARTESIAN_POINT ( 'NONE',  ( -24.52691193458120367, 152.0000000000000000, 26.02691193458121433 ) ) ;
#1122 = VECTOR ( 'NONE', #3588, 1000.000000000000000 ) ;
#1123 = ORIENTED_EDGE ( 'NONE', *, *, #2206, .F. ) ;
#1124 = CARTESIAN_POINT ( 'NONE',  ( -77.26345596729062493, 87.80500000000002103, 13.00000000000000178 ) ) ;
#1125 = ORIENTED_EDGE ( 'NONE', *, *, #870, .T. ) ;
#1126 = ORIENTED_EDGE ( 'NONE', *, *, #1383, .F. ) ;
#1127 = ORIENTED_EDGE ( 'NONE', *, *, #3515, .T. ) ;
#1128 = AXIS2_PLACEMENT_3D ( 'NONE', #3478, #1273, #203 ) ;
#1129 = DIRECTION ( 'NONE',  ( 0.000000000000000000, 0.000000000000000000, 1.000000000000000000 ) ) ;
#1130 = DIRECTION ( 'NONE',  ( 1.000000000000000000, -0.000000000000000000, -0.000000000000000000 ) ) ;
#1131 = CARTESIAN_POINT ( 'NONE',  ( -1.599999999999998535, 119.4999999999999858, 38.77691193458120722 ) ) ;
#1132 = CARTESIAN_POINT ( 'NONE',  ( -178.0277563773199461, 39.19000000000000483, 24.53999999999999559 ) ) ;
#1133 = VERTEX_POINT ( 'NONE', #36 ) ;
#1134 = EDGE_CURVE ( 'NONE', #683, #2027, #8, .T. ) ;
#1135 = DIRECTION ( 'NONE',  ( -0.000000000000000000, -0.000000000000000000, -1.000000000000000000 ) ) ;
#1136 = ORIENTED_EDGE ( 'NONE', *, *, #3233, .F. ) ;
#1137 = DIRECTION ( 'NONE',  ( 0.000000000000000000, -1.000000000000000000, 0.000000000000000000 ) ) ;
#1138 = ORIENTED_EDGE ( 'NONE', *, *, #1923, .F. ) ;
#1139 = CALENDAR_DATE ( 2026, 1, 7 ) ;
#1140 = CARTESIAN_POINT ( 'NONE',  ( -132.6794919243113782, 160.0000000000000000, 90.00000000000000000 ) ) ;
#1141 = EDGE_CURVE ( 'NONE', #1377, #4176, #945, .T. ) ;
#1142 = DIRECTION ( 'NONE',  ( 0.000000000000000000, -1.000000000000000000, 0.000000000000000000 ) ) ;
#1143 = EDGE_CURVE ( 'NONE', #3113, #3747, #3859, .T. ) ;
#1144 = VERTEX_POINT ( 'NONE', #1655 ) ;
#1145 = DIRECTION ( 'NONE',  ( 0.000000000000000000, 0.000000000000000000, -1.000000000000000000 ) ) ;
#1146 = EDGE_CURVE ( 'NONE', #4805, #536, #4242, .T. ) ;
#1147 = CARTESIAN_POINT ( 'NONE',  ( -149.0000000000000000, 60.50000000000002842, 29.00000000000000000 ) ) ;
#1148 = AXIS2_PLACEMENT_3D ( 'NONE', #2447, #3236, #1381 ) ;
#1149 = VERTEX_POINT ( 'NONE', #904 ) ;
#1150 = CARTESIAN_POINT ( 'NONE',  ( 0.000000000000000000, 16.00000000000000000, 62.67949192431127159 ) ) ;
#1151 = ORIENTED_EDGE ( 'NONE', *, *, #1065, .T. ) ;
#1152 = VERTEX_POINT ( 'NONE', #3356 ) ;
#1153 = DIRECTION ( 'NONE',  ( -1.000000000000000000, 0.000000000000000000, 0.000000000000000000 ) ) ;
#1154 = CARTESIAN_POINT ( 'NONE',  ( -178.0277563773199461, 54.19000000000000483, 24.53999999999999559 ) ) ;
#1155 = LINE ( 'NONE', #932, #4623 ) ;
#1156 = CARTESIAN_POINT ( 'NONE',  ( -7.999999999999998224, 67.04999999999999716, 69.59999999999999432 ) ) ;
#1157 = EDGE_LOOP ( 'NONE', ( #3006, #1324, #1138, #187, #3178 ) ) ;
#1158 = ADVANCED_BREP_SHAPE_REPRESENTATION ( 'Sensor_Box_base', ( #670, #283 ), #4718 ) ;
#1159 = DIRECTION ( 'NONE',  ( 0.000000000000000000, 0.000000000000000000, -1.000000000000000000 ) ) ;
#1160 = EDGE_CURVE ( 'NONE', #1932, #4119, #2380, .T. ) ;
#1161 = VERTEX_POINT ( 'NONE', #3148 ) ;
#1162 = DIRECTION ( 'NONE',  ( 0.7071067811865475727, -0.000000000000000000, -0.7071067811865474617 ) ) ;
#1163 = ORIENTED_EDGE ( 'NONE', *, *, #2872, .T. ) ;
#1164 = DIRECTION ( 'NONE',  ( -1.000000000000000000, 0.000000000000000000, -0.000000000000000000 ) ) ;
#1165 = EDGE_CURVE ( 'NONE', #1767, #902, #2780, .T. ) ;
#1166 = CARTESIAN_POINT ( 'NONE',  ( -6.999999999999998224, 92.95000000000000284, 60.50000000000001421 ) ) ;
#1167 = AXIS2_PLACEMENT_3D ( 'NONE', #1556, #2577, #1845 ) ;
#1168 = AXIS2_PLACEMENT_3D ( 'NONE', #723, #3314, #693 ) ;
#1169 = DIRECTION ( 'NONE',  ( 0.7071067811865475727, -0.000000000000000000, -0.7071067811865474617 ) ) ;
#1170 = LINE ( 'NONE', #1121, #2016 ) ;
#1171 = ORIENTED_EDGE ( 'NONE', *, *, #523, .T. ) ;
#1172 = DIRECTION ( 'NONE',  ( 0.5773502691896256200, -0.5773502691896252870, 0.5773502691896262862 ) ) ;
#1173 = ORIENTED_EDGE ( 'NONE', *, *, #2141, .T. ) ;
#1174 = ORIENTED_EDGE ( 'NONE', *, *, #4330, .F. ) ;
#1175 = DIRECTION ( 'NONE',  ( 0.000000000000000000, 0.000000000000000000, -1.000000000000000000 ) ) ;
#1176 = CARTESIAN_POINT ( 'NONE',  ( -11.99999999999999289, 178.0277563773199461, 31.27691193458122143 ) ) ;
#1177 = DIRECTION ( 'NONE',  ( -1.000000000000000000, 0.000000000000000000, 0.000000000000000000 ) ) ;
#1178 = ORIENTED_EDGE ( 'NONE', *, *, #2578, .T. ) ;
#1179 = DIRECTION ( 'NONE',  ( -0.5773502691896295058, -0.5773502691896241767, -0.5773502691896235106 ) ) ;
#1180 = VECTOR ( 'NONE', #3879, 1000.000000000000000 ) ;
#1181 = ORIENTED_EDGE ( 'NONE', *, *, #4548, .T. ) ;
#1182 = DIRECTION ( 'NONE',  ( 0.7071067811865442421, -0.7071067811865507924, 0.000000000000000000 ) ) ;
#1183 = ORIENTED_EDGE ( 'NONE', *, *, #867, .F. ) ;
#1184 = CARTESIAN_POINT ( 'NONE',  ( -22.00000000000000000, 160.0000000000000000, 46.27691193458122143 ) ) ;
#1185 = FACE_OUTER_BOUND ( 'NONE', #2639, .T. ) ;
#1186 = TOROIDAL_SURFACE ( 'NONE', #724, 9.099999999999994316, 1.000000000000000000 ) ;
#1187 = FACE_OUTER_BOUND ( 'NONE', #3774, .T. ) ;
#1188 = AXIS2_PLACEMENT_3D ( 'NONE', #233, #1644, #4271 ) ;
#1189 = DIRECTION ( 'NONE',  ( -2.312964634635743450E-16, 0.000000000000000000, 1.000000000000000000 ) ) ;
#1190 = CIRCLE ( 'NONE', #4298, 8.099999999999988987 ) ;
#1191 = AXIS2_PLACEMENT_3D ( 'NONE', #198, #2732, #4216 ) ;
#1192 = VECTOR ( 'NONE', #3079, 1000.000000000000000 ) ;
#1193 = ORIENTED_EDGE ( 'NONE', *, *, #72, .F. ) ;
#1194 = VECTOR ( 'NONE', #192, 1000.000000000000000 ) ;
#1195 = CARTESIAN_POINT ( 'NONE',  ( 2.571758278209445605E-15, 144.0000000000000284, 62.67949192431127159 ) ) ;
#1196 = EDGE_LOOP ( 'NONE', ( #2887, #3422, #2010, #4260 ) ) ;
#1197 = ORIENTED_EDGE ( 'NONE', *, *, #4361, .T. ) ;
#1198 = APPROVAL ( #4188, 'UNSPECIFIED' ) ;
#1199 = DIRECTION ( 'NONE',  ( 1.224646799147353207E-16, -1.000000000000000000, 0.000000000000000000 ) ) ;
#1200 = DIRECTION ( 'NONE',  ( 0.000000000000000000, 0.000000000000000000, -1.000000000000000000 ) ) ;
#1201 = DIRECTION ( 'NONE',  ( -0.000000000000000000, 1.000000000000000000, -0.000000000000000000 ) ) ;
#1202 = CIRCLE ( 'NONE', #4699, 3.550000000000004707 ) ;
#1203 = ADVANCED_FACE ( 'NONE', ( #4627 ), #1290, .F. ) ;
#1204 = VERTEX_POINT ( 'NONE', #3996 ) ;
#1205 = DIRECTION ( 'NONE',  ( 0.7071067811865475727, -1.533293416683374138E-17, -0.7071067811865475727 ) ) ;
#1206 = ORIENTED_EDGE ( 'NONE', *, *, #3605, .T. ) ;
#1207 = DIRECTION ( 'NONE',  ( 0.7071067811865475727, 0.000000000000000000, -0.7071067811865474617 ) ) ;
#1208 = ORIENTED_EDGE ( 'NONE', *, *, #180, .F. ) ;
#1209 = CALENDAR_DATE ( 2026, 1, 7 ) ;
#1210 = LINE ( 'NONE', #958, #2678 ) ;
#1211 = EDGE_CURVE ( 'NONE', #944, #911, #1310, .T. ) ;
#1212 = ADVANCED_FACE ( 'NONE', ( #1361 ), #4386, .F. ) ;
#1213 = CYLINDRICAL_SURFACE ( 'NONE', #1434, 1.062499999999994005 ) ;
#1214 = DIRECTION ( 'NONE',  ( 1.000000000000000000, 0.000000000000000000, 0.000000000000000000 ) ) ;
#1215 = EDGE_CURVE ( 'NONE', #3592, #3954, #3681, .T. ) ;
#1216 = VERTEX_POINT ( 'NONE', #2530 ) ;
#1217 = ADVANCED_FACE ( 'NONE', ( #220, #4280, #1746, #3264 ), #1678, .T. ) ;
#1218 = CARTESIAN_POINT ( 'NONE',  ( 66.33974596215560382, 66.33974596215564645, 90.00000000000000000 ) ) ;
#1219 = EDGE_LOOP ( 'NONE', ( #637, #4393, #4099, #3263 ) ) ;
#1220 = VERTEX_POINT ( 'NONE', #584 ) ;
#1221 = APPROVAL_PERSON_ORGANIZATION ( #2011, #1198, #3139 ) ;
#1222 = DIRECTION ( 'NONE',  ( -1.000000000000000000, -1.224646799147353207E-16, -0.000000000000000000 ) ) ;
#1223 = EDGE_CURVE ( 'NONE', #262, #4537, #98, .T. ) ;
#1224 = CARTESIAN_POINT ( 'NONE',  ( -160.0000000000000000, 16.00000000000000000, 78.68000000000000682 ) ) ;
#1225 = DIRECTION ( 'NONE',  ( -1.000000000000000000, 0.000000000000000000, 0.000000000000000000 ) ) ;
#1226 = CARTESIAN_POINT ( 'NONE',  ( -7.999999999999998224, 152.0000000000000000, 53.02691193458121433 ) ) ;
#1227 = ORIENTED_EDGE ( 'NONE', *, *, #3014, .T. ) ;
#1228 = CARTESIAN_POINT ( 'NONE',  ( -2.999999999999999112, 0.000000000000000000, 75.67999999999999261 ) ) ;
#1229 = VERTEX_POINT ( 'NONE', #4020 ) ;
#1230 = CARTESIAN_POINT ( 'NONE',  ( -178.0277563773199461, 39.19000000000000483, 34.53999999999999915 ) ) ;
#1231 = ORIENTED_EDGE ( 'NONE', *, *, #2740, .F. ) ;
#1232 = AXIS2_PLACEMENT_3D ( 'NONE', #3386, #1085, #4010 ) ;
#1233 = LINE ( 'NONE', #3180, #4226 ) ;
#1234 = EDGE_CURVE ( 'NONE', #361, #1479, #801, .T. ) ;
#1235 = EDGE_CURVE ( 'NONE', #676, #2369, #1695, .T. ) ;
#1236 = AXIS2_PLACEMENT_3D ( 'NONE', #906, #148, #1630 ) ;
#1237 = CARTESIAN_POINT ( 'NONE',  ( -8.000000000000000000, 5.000000000000003553, 78.68000000000000682 ) ) ;
#1238 = PLANE ( 'NONE',  #2752 ) ;
#1239 = VECTOR ( 'NONE', #2558, 1000.000000000000114 ) ;
#1240 = AXIS2_PLACEMENT_3D ( 'NONE', #22, #3419, #1511 ) ;
#1241 = ORIENTED_EDGE ( 'NONE', *, *, #3949, .F. ) ;
#1242 = CARTESIAN_POINT ( 'NONE',  ( -77.26345596729062493, 72.19500000000002160, 13.00000000000000178 ) ) ;
#1243 = FACE_OUTER_BOUND ( 'NONE', #1597, .T. ) ;
#1244 = VERTEX_POINT ( 'NONE', #197 ) ;
#1245 = EDGE_LOOP ( 'NONE', ( #817, #1281, #4183, #4059, #4701 ) ) ;
#1246 = CARTESIAN_POINT ( 'NONE',  ( -67.04999999999999716, 8.000000000000000000, 68.59999999999999432 ) ) ;
#1247 = AXIS2_PLACEMENT_3D ( 'NONE', #2866, #2489, #2617 ) ;
#1248 = CIRCLE ( 'NONE', #4359, 1.000000000000000888 ) ;
#1249 = EDGE_CURVE ( 'NONE', #2021, #1558, #4646, .T. ) ;
#1250 = CARTESIAN_POINT ( 'NONE',  ( -152.0000000000000000, 105.1250000000000000, 90.00000000000000000 ) ) ;
#1251 = CARTESIAN_POINT ( 'NONE',  ( -99.26345596729062493, 87.80500000000002103, 8.000000000000000000 ) ) ;
#1252 = DIRECTION ( 'NONE',  ( -1.000000000000000000, 0.000000000000000000, 0.000000000000000000 ) ) ;
#1253 = ORIENTED_EDGE ( 'NONE', *, *, #2075, .F. ) ;
#1254 = DIRECTION ( 'NONE',  ( 0.000000000000000000, 0.000000000000000000, 1.000000000000000000 ) ) ;
#1255 = ORIENTED_EDGE ( 'NONE', *, *, #1946, .F. ) ;
#1256 = DIRECTION ( 'NONE',  ( -0.000000000000000000, -0.000000000000000000, 1.000000000000000000 ) ) ;
#1257 = ORIENTED_EDGE ( 'NONE', *, *, #687, .F. ) ;
#1258 = LINE ( 'NONE', #1621, #4617 ) ;
#1259 = AXIS2_PLACEMENT_3D ( 'NONE', #2928, #625, #3129 ) ;
#1260 = EDGE_CURVE ( 'NONE', #3415, #2491, #2033, .T. ) ;
#1261 = CARTESIAN_POINT ( 'NONE',  ( -152.0000000000000000, 7.999999999999998224, 78.67949192431125027 ) ) ;
#1262 = VECTOR ( 'NONE', #2599, 1000.000000000000000 ) ;
#1263 = ORIENTED_EDGE ( 'NONE', *, *, #3443, .F. ) ;
#1264 = CARTESIAN_POINT ( 'NONE',  ( -98.20095596729062493, 87.80500000000002103, 13.00000000000000178 ) ) ;
#1265 = DIRECTION ( 'NONE',  ( 0.000000000000000000, -1.000000000000000000, -0.000000000000000000 ) ) ;
#1266 = AXIS2_PLACEMENT_3D ( 'NONE', #1098, #2576, #2906 ) ;
#1267 = EDGE_LOOP ( 'NONE', ( #1502, #1092, #144, #4324 ) ) ;
#1268 = ORIENTED_EDGE ( 'NONE', *, *, #4457, .T. ) ;
#1269 = CIRCLE ( 'NONE', #3992, 8.099999999999990763 ) ;
#1270 = VECTOR ( 'NONE', #592, 1000.000000000000000 ) ;
#1271 = CARTESIAN_POINT ( 'NONE',  ( -67.04999999999999716, 153.0000000000000000, 51.40000000000001279 ) ) ;
#1272 = VECTOR ( 'NONE', #1285, 1000.000000000000000 ) ;
#1273 = DIRECTION ( 'NONE',  ( 0.000000000000000000, 1.000000000000000000, -0.000000000000000000 ) ) ;
#1274 = VERTEX_POINT ( 'NONE', #3195 ) ;
#1275 = EDGE_CURVE ( 'NONE', #3043, #3602, #4673, .T. ) ;
#1276 = VERTEX_POINT ( 'NONE', #2084 ) ;
#1277 = CARTESIAN_POINT ( 'NONE',  ( -77.26345596729062493, 87.80500000000002103, 13.00000000000000178 ) ) ;
#1278 = ORIENTED_EDGE ( 'NONE', *, *, #762, .F. ) ;
#1279 = AXIS2_PLACEMENT_3D ( 'NONE', #3800, #3384, #1200 ) ;
#1280 = DIRECTION ( 'NONE',  ( -0.7071067811865477948, -0.7071067811865473507, 0.000000000000000000 ) ) ;
#1281 = ORIENTED_EDGE ( 'NONE', *, *, #2586, .T. ) ;
#1282 = PERSON_AND_ORGANIZATION_ROLE ( 'classification_officer' ) ;
#1283 = AXIS2_PLACEMENT_3D ( 'NONE', #3248, #1800, #2535 ) ;
#1284 = DIRECTION ( 'NONE',  ( 0.000000000000000000, 0.000000000000000000, 1.000000000000000000 ) ) ;
#1285 = DIRECTION ( 'NONE',  ( 0.7071067811865473507, -0.7071067811865477948, 0.000000000000000000 ) ) ;
#1286 = EDGE_CURVE ( 'NONE', #3486, #4577, #4770, .T. ) ;
#1287 = CARTESIAN_POINT ( 'NONE',  ( -24.52691193458120367, 110.9999999999999858, 24.52691193458122143 ) ) ;
#1288 = EDGE_CURVE ( 'NONE', #4148, #4119, #1720, .T. ) ;
#1289 = VERTEX_POINT ( 'NONE', #1768 ) ;
#1290 = PLANE ( 'NONE',  #1799 ) ;
#1291 = DIRECTION ( 'NONE',  ( -0.000000000000000000, -0.000000000000000000, -1.000000000000000000 ) ) ;
#1292 = ORIENTED_EDGE ( 'NONE', *, *, #236, .T. ) ;
#1293 = ORIENTED_EDGE ( 'NONE', *, *, #1772, .F. ) ;
#1294 = CARTESIAN_POINT ( 'NONE',  ( 0.000000000000000000, 0.000000000000000000, 78.68000000000000682 ) ) ;
#1295 = EDGE_CURVE ( 'NONE', #2094, #2387, #2474, .T. ) ;
#1296 = LOCAL_TIME ( 12, 44, 33.00000000000000000, #118 ) ;
#1297 = DIRECTION ( 'NONE',  ( -1.000000000000000000, -0.000000000000000000, -0.000000000000000000 ) ) ;
#1298 = ORIENTED_EDGE ( 'NONE', *, *, #3095, .F. ) ;
#1299 = VERTEX_POINT ( 'NONE', #263 ) ;
#1300 = AXIS2_PLACEMENT_3D ( 'NONE', #4426, #1480, #68 ) ;
#1301 = DIRECTION ( 'NONE',  ( -0.000000000000000000, 1.000000000000000000, -0.000000000000000000 ) ) ;
#1302 = VERTEX_POINT ( 'NONE', #3241 ) ;
#1303 = CARTESIAN_POINT ( 'NONE',  ( -160.0000000000000000, 60.50000000000001421, 45.00000000000000000 ) ) ;
#1304 = ORIENTED_EDGE ( 'NONE', *, *, #1668, .T. ) ;
#1305 = CARTESIAN_POINT ( 'NONE',  ( -24.52691193458120367, 106.4999999999999858, 21.52691193458121788 ) ) ;
#1306 = LINE ( 'NONE', #3512, #3302 ) ;
#1307 = EDGE_CURVE ( 'NONE', #4437, #442, #1190, .T. ) ;
#1308 = DIRECTION ( 'NONE',  ( 0.000000000000000000, 0.000000000000000000, -1.000000000000000000 ) ) ;
#1309 = EDGE_LOOP ( 'NONE', ( #2091, #2180 ) ) ;
#1310 = LINE ( 'NONE', #2904, #4531 ) ;
#1311 = CARTESIAN_POINT ( 'NONE',  ( -73.20095596729065335, 72.19500000000002160, 13.00000000000000178 ) ) ;
#1312 = AXIS2_PLACEMENT_3D ( 'NONE', #320, #1397, #2190 ) ;
#1313 = CARTESIAN_POINT ( 'NONE',  ( -24.52691193458120367, 152.0000000000000000, 24.52691193458121433 ) ) ;
#1314 = ORIENTED_EDGE ( 'NONE', *, *, #1716, .T. ) ;
#1315 = LINE ( 'NONE', #3496, #495 ) ;
#1316 = LINE ( 'NONE', #2811, #3157 ) ;
#1317 = VECTOR ( 'NONE', #812, 1000.000000000000000 ) ;
#1318 = ORIENTED_EDGE ( 'NONE', *, *, #4037, .F. ) ;
#1319 = CIRCLE ( 'NONE', #934, 1.000000000000000888 ) ;
#1320 = VECTOR ( 'NONE', #1940, 1000.000000000000000 ) ;
#1321 = VERTEX_POINT ( 'NONE', #654 ) ;
#1322 = LINE ( 'NONE', #3594, #2673 ) ;
#1323 = PLANE ( 'NONE',  #2015 ) ;
#1324 = ORIENTED_EDGE ( 'NONE', *, *, #168, .F. ) ;
#1325 = FACE_OUTER_BOUND ( 'NONE', #1374, .T. ) ;
#1326 = ORIENTED_EDGE ( 'NONE', *, *, #2585, .T. ) ;
#1327 = LINE ( 'NONE', #2080, #2196 ) ;
#1328 = LINE ( 'NONE', #2524, #2384 ) ;
#1329 = CARTESIAN_POINT ( 'NONE',  ( -1.599999999999998535, 0.000000000000000000, 0.000000000000000000 ) ) ;
#1330 = DIRECTION ( 'NONE',  ( 1.000000000000000000, -0.000000000000000000, -0.000000000000000000 ) ) ;
#1331 = VERTEX_POINT ( 'NONE', #2135 ) ;
#1332 = CARTESIAN_POINT ( 'NONE',  ( -153.0000000000000000, 67.04999999999999716, 60.50000000000000711 ) ) ;
#1333 = DIRECTION ( 'NONE',  ( 0.000000000000000000, 0.000000000000000000, -1.000000000000000000 ) ) ;
#1334 = VERTEX_POINT ( 'NONE', #3634 ) ;
#1335 = ORIENTED_EDGE ( 'NONE', *, *, #2525, .F. ) ;
#1336 = FACE_OUTER_BOUND ( 'NONE', #402, .T. ) ;
#1337 = AXIS2_PLACEMENT_3D ( 'NONE', #1410, #4606, #1841 ) ;
#1338 = AXIS2_PLACEMENT_3D ( 'NONE', #1622, #551, #484 ) ;
#1339 = LINE ( 'NONE', #865, #1673 ) ;
#1340 = ORIENTED_EDGE ( 'NONE', *, *, #4485, .F. ) ;
#1341 = AXIS2_PLACEMENT_3D ( 'NONE', #2817, #2372, #4659 ) ;
#1342 = ORIENTED_EDGE ( 'NONE', *, *, #2070, .F. ) ;
#1343 = DIRECTION ( 'NONE',  ( -1.734723475976805517E-15, -1.000000000000000000, 0.000000000000000000 ) ) ;
#1344 = AXIS2_PLACEMENT_3D ( 'NONE', #371, #1172, #4175 ) ;
#1345 = AXIS2_PLACEMENT_3D ( 'NONE', #3974, #2088, #2161 ) ;
#1346 = CARTESIAN_POINT ( 'NONE',  ( -157.0000000000000000, 156.9999999999999716, 78.68000000000000682 ) ) ;
#1347 = EDGE_CURVE ( 'NONE', #1216, #413, #3289, .T. ) ;
#1348 = ORIENTED_EDGE ( 'NONE', *, *, #193, .F. ) ;
#1349 = CARTESIAN_POINT ( 'NONE',  ( -152.0000000000001421, 151.9999999999998863, 78.67949192431136396 ) ) ;
#1350 = ORIENTED_EDGE ( 'NONE', *, *, #1073, .T. ) ;
#1351 = EDGE_CURVE ( 'NONE', #3234, #89, #1794, .T. ) ;
#1352 = VECTOR ( 'NONE', #2618, 1000.000000000000000 ) ;
#1353 = ORIENTED_EDGE ( 'NONE', *, *, #1906, .F. ) ;
#1354 = FACE_OUTER_BOUND ( 'NONE', #1393, .T. ) ;
#1355 = CARTESIAN_POINT ( 'NONE',  ( 0.000000000000000000, 0.000000000000000000, 78.68000000000000682 ) ) ;
#1356 = VECTOR ( 'NONE', #3407, 1000.000000000000000 ) ;
#1357 = DIRECTION ( 'NONE',  ( -0.000000000000000000, 1.000000000000000000, -0.000000000000000000 ) ) ;
#1358 = ADVANCED_FACE ( 'NONE', ( #1354 ), #2493, .F. ) ;
#1359 = CARTESIAN_POINT ( 'NONE',  ( 0.000000000000000000, 16.00000000000000000, 62.67949192431127159 ) ) ;
#1360 = ORIENTED_EDGE ( 'NONE', *, *, #4469, .T. ) ;
#1361 = FACE_OUTER_BOUND ( 'NONE', #1719, .T. ) ;
#1362 = APPLICATION_CONTEXT ( 'configuration controlled 3d designs of mechanical parts and assemblies' ) ;
#1363 = CARTESIAN_POINT ( 'NONE',  ( -21.99999999999999645, 160.0000000000000000, 31.27691193458122143 ) ) ;
#1364 = ORIENTED_EDGE ( 'NONE', *, *, #2314, .F. ) ;
#1365 = FACE_OUTER_BOUND ( 'NONE', #3547, .T. ) ;
#1366 = EDGE_CURVE ( 'NONE', #361, #1149, #813, .T. ) ;
#1367 = EDGE_CURVE ( 'NONE', #3481, #2466, #1380, .T. ) ;
#1368 = FACE_OUTER_BOUND ( 'NONE', #3213, .T. ) ;
#1369 = ADVANCED_FACE ( 'NONE', ( #2849 ), #1582, .T. ) ;
#1370 = EDGE_LOOP ( 'NONE', ( #3045, #1776, #2689 ) ) ;
#1371 = ORIENTED_EDGE ( 'NONE', *, *, #78, .T. ) ;
#1372 = PLANE ( 'NONE',  #4231 ) ;
#1373 = LINE ( 'NONE', #2122, #4428 ) ;
#1374 = EDGE_LOOP ( 'NONE', ( #2626, #2853, #3287, #3935 ) ) ;
#1375 = CARTESIAN_POINT ( 'NONE',  ( -160.0000000000000000, 13.66025403784436243, 76.33974596215560382 ) ) ;
#1376 = DIRECTION ( 'NONE',  ( -1.000000000000000000, -0.000000000000000000, -0.000000000000000000 ) ) ;
#1377 = VERTEX_POINT ( 'NONE', #2057 ) ;
#1378 = AXIS2_PLACEMENT_3D ( 'NONE', #4302, #238, #1764 ) ;
#1379 = EDGE_LOOP ( 'NONE', ( #3695, #3786, #907, #1063 ) ) ;
#1380 = LINE ( 'NONE', #1691, #4153 ) ;
#1381 = DIRECTION ( 'NONE',  ( 0.000000000000000000, 0.000000000000000000, -1.000000000000000000 ) ) ;
#1382 = DIRECTION ( 'NONE',  ( 0.000000000000000000, 0.000000000000000000, 1.000000000000000000 ) ) ;
#1383 = EDGE_CURVE ( 'NONE', #4087, #4537, #1327, .T. ) ;
#1384 = EDGE_CURVE ( 'NONE', #4733, #3521, #3963, .T. ) ;
#1385 = CARTESIAN_POINT ( 'NONE',  ( -4.999999999999998224, 109.4999999999999858, 24.52691193458121433 ) ) ;
#1386 = EDGE_LOOP ( 'NONE', ( #3888, #4241, #1227 ) ) ;
#1387 = CARTESIAN_POINT ( 'NONE',  ( -160.0000000000000000, 0.000000000000000000, 0.000000000000000000 ) ) ;
#1388 = DIRECTION ( 'NONE',  ( -0.7071067811865472397, 0.000000000000000000, -0.7071067811865476838 ) ) ;
#1389 = DIRECTION ( 'NONE',  ( 0.000000000000000000, 0.000000000000000000, 1.000000000000000000 ) ) ;
#1390 = DIRECTION ( 'NONE',  ( 0.5773502691896253980, 0.5773502691896256200, 0.5773502691896263972 ) ) ;
#1391 = CIRCLE ( 'NONE', #3740, 8.099999999999990763 ) ;
#1392 = DIRECTION ( 'NONE',  ( -0.000000000000000000, -0.000000000000000000, -1.000000000000000000 ) ) ;
#1393 = EDGE_LOOP ( 'NONE', ( #1599, #3548, #2923, #3721 ) ) ;
#1394 = ORIENTED_EDGE ( 'NONE', *, *, #2864, .F. ) ;
#1395 = CIRCLE ( 'NONE', #3426, 8.099999999999988987 ) ;
#1396 = EDGE_CURVE ( 'NONE', #1499, #1640, #622, .T. ) ;
#1397 = DIRECTION ( 'NONE',  ( 0.000000000000000000, 0.000000000000000000, -1.000000000000000000 ) ) ;
#1398 = VECTOR ( 'NONE', #341, 1000.000000000000000 ) ;
#1399 = VECTOR ( 'NONE', #391, 1000.000000000000114 ) ;
#1400 = ORIENTED_EDGE ( 'NONE', *, *, #1788, .F. ) ;
#1401 = CARTESIAN_POINT ( 'NONE',  ( -1.599999999999998535, 119.4999999999999858, 42.82691193458121148 ) ) ;
#1402 = CARTESIAN_POINT ( 'NONE',  ( -1.099999999999998535, 119.4999999999999858, 38.77691193458120722 ) ) ;
#1403 = AXIS2_PLACEMENT_3D ( 'NONE', #1614, #1205, #1986 ) ;
#1404 = ORIENTED_EDGE ( 'NONE', *, *, #3505, .T. ) ;
#1405 = CARTESIAN_POINT ( 'NONE',  ( -21.99999999999999645, 178.0277563773199461, 31.27691193458122143 ) ) ;
#1406 = VECTOR ( 'NONE', #1914, 1000.000000000000000 ) ;
#1407 = ORIENTED_EDGE ( 'NONE', *, *, #3081, .T. ) ;
#1408 = DIRECTION ( 'NONE',  ( 1.000000000000000000, 0.000000000000000000, -0.000000000000000000 ) ) ;
#1409 = DIRECTION ( 'NONE',  ( 1.000000000000000000, 0.000000000000000000, 0.000000000000000000 ) ) ;
#1410 = CARTESIAN_POINT ( 'NONE',  ( -77.26345596729062493, 72.19500000000002160, 13.00000000000000178 ) ) ;
#1411 = VERTEX_POINT ( 'NONE', #3561 ) ;
#1412 = DIRECTION ( 'NONE',  ( -0.000000000000000000, 1.000000000000000000, -0.000000000000000000 ) ) ;
#1413 = EDGE_CURVE ( 'NONE', #1588, #2213, #1810, .T. ) ;
#1414 = LINE ( 'NONE', #4410, #3461 ) ;
#1415 = FACE_OUTER_BOUND ( 'NONE', #294, .T. ) ;
#1416 = CARTESIAN_POINT ( 'NONE',  ( -77.26345596729062493, 72.19500000000002160, 8.000000000000000000 ) ) ;
#1417 = VECTOR ( 'NONE', #4360, 1000.000000000000000 ) ;
#1418 = DIRECTION ( 'NONE',  ( 0.000000000000000000, 0.000000000000000000, 1.000000000000000000 ) ) ;
#1419 = EDGE_LOOP ( 'NONE', ( #1477, #1860, #219, #4102 ) ) ;
#1420 = CIRCLE ( 'NONE', #3984, 1.000000000000000888 ) ;
#1421 = VERTEX_POINT ( 'NONE', #1740 ) ;
#1422 = EDGE_CURVE ( 'NONE', #750, #4501, #3066, .T. ) ;
#1423 = DIRECTION ( 'NONE',  ( 0.000000000000000000, 0.000000000000000000, -1.000000000000000000 ) ) ;
#1424 = EDGE_CURVE ( 'NONE', #1204, #2346, #2446, .T. ) ;
#1425 = DIRECTION ( 'NONE',  ( -0.000000000000000000, 1.000000000000000000, 0.000000000000000000 ) ) ;
#1426 = CARTESIAN_POINT ( 'NONE',  ( -7.999999999999998224, 106.4999999999999858, 24.52691193458121433 ) ) ;
#1427 = DIRECTION ( 'NONE',  ( -0.000000000000000000, 1.000000000000000000, -0.000000000000000000 ) ) ;
#1428 = AXIS2_PLACEMENT_3D ( 'NONE', #288, #2854, #2452 ) ;
#1429 = VECTOR ( 'NONE', #1291, 1000.000000000000000 ) ;
#1430 = VECTOR ( 'NONE', #482, 999.9999999999998863 ) ;
#1431 = CARTESIAN_POINT ( 'NONE',  ( -21.99999999999999645, 178.0277563773199461, 31.27691193458122143 ) ) ;
#1432 = EDGE_CURVE ( 'NONE', #273, #2491, #473, .T. ) ;
#1433 = ORIENTED_EDGE ( 'NONE', *, *, #131, .T. ) ;
#1434 = AXIS2_PLACEMENT_3D ( 'NONE', #3834, #4277, #3119 ) ;
#1435 = CARTESIAN_POINT ( 'NONE',  ( -67.04999999999999716, 153.0000000000000000, 52.40000000000001279 ) ) ;
#1436 = ORIENTED_EDGE ( 'NONE', *, *, #4824, .T. ) ;
#1437 = DIRECTION ( 'NONE',  ( 0.000000000000000000, 1.000000000000000000, 0.000000000000000000 ) ) ;
#1438 = EDGE_CURVE ( 'NONE', #477, #4593, #529, .T. ) ;
#1439 = DIRECTION ( 'NONE',  ( -1.000000000000000000, 0.000000000000000000, 0.000000000000000000 ) ) ;
#1440 = CARTESIAN_POINT ( 'NONE',  ( -22.69812767608818049, 67.04999999999999716, 9.828784258493021397 ) ) ;
#1441 = EDGE_LOOP ( 'NONE', ( #4779, #1183, #4465, #2569 ) ) ;
#1442 = ADVANCED_FACE ( 'NONE', ( #3511 ), #258, .T. ) ;
#1443 = AXIS2_PLACEMENT_3D ( 'NONE', #4703, #1026, #3244 ) ;
#1444 = DIRECTION ( 'NONE',  ( -1.000000000000000000, -3.469446951953616950E-15, 0.000000000000000000 ) ) ;
#1445 = FACE_OUTER_BOUND ( 'NONE', #1157, .T. ) ;
#1446 = DIRECTION ( 'NONE',  ( 1.000000000000000000, 0.000000000000000000, 0.000000000000000000 ) ) ;
#1447 = FACE_OUTER_BOUND ( 'NONE', #4491, .T. ) ;
#1448 = ORIENTED_EDGE ( 'NONE', *, *, #131, .F. ) ;
#1449 = ORIENTED_EDGE ( 'NONE', *, *, #92, .F. ) ;
#1450 = EDGE_CURVE ( 'NONE', #1491, #2661, #3359, .T. ) ;
#1451 = DIRECTION ( 'NONE',  ( 0.000000000000000000, 0.000000000000000000, -1.000000000000000000 ) ) ;
#1452 = LINE ( 'NONE', #2560, #619 ) ;
#1453 = CARTESIAN_POINT ( 'NONE',  ( -24.52691193458120367, 5.318426240766717392E-16, 8.000000000000000000 ) ) ;
#1454 = CARTESIAN_POINT ( 'NONE',  ( -152.0000000000000000, 70.33974596215570330, 160.3397459621556891 ) ) ;
#1455 = LINE ( 'NONE', #2519, #1 ) ;
#1456 = ORIENTED_EDGE ( 'NONE', *, *, #1011, .T. ) ;
#1457 = FACE_OUTER_BOUND ( 'NONE', #213, .T. ) ;
#1458 = ORIENTED_EDGE ( 'NONE', *, *, #1980, .F. ) ;
#1459 = DIRECTION ( 'NONE',  ( 0.000000000000000000, 1.000000000000000000, 0.000000000000000000 ) ) ;
#1460 = ADVANCED_FACE ( 'NONE', ( #4716 ), #2969, .T. ) ;
#1461 = ADVANCED_FACE ( 'NONE', ( #237 ), #215, .F. ) ;
#1462 = DIRECTION ( 'NONE',  ( -1.000000000000000000, 0.000000000000000000, 0.000000000000000000 ) ) ;
#1463 = VERTEX_POINT ( 'NONE', #4640 ) ;
#1464 = DIRECTION ( 'NONE',  ( 0.7071067811865480168, 0.000000000000000000, 0.7071067811865470176 ) ) ;
#1465 = DIRECTION ( 'NONE',  ( 0.000000000000000000, 0.000000000000000000, 1.000000000000000000 ) ) ;
#1466 = CARTESIAN_POINT ( 'NONE',  ( -67.04999999999999716, 152.0000000000000000, 60.50000000000000711 ) ) ;
#1467 = DIRECTION ( 'NONE',  ( 1.000000000000000000, 0.000000000000000000, 0.000000000000000000 ) ) ;
#1468 = ORIENTED_EDGE ( 'NONE', *, *, #2657, .T. ) ;
#1469 = VERTEX_POINT ( 'NONE', #2796 ) ;
#1470 = VERTEX_POINT ( 'NONE', #4693 ) ;
#1471 = LINE ( 'NONE', #4440, #1014 ) ;
#1472 = LINE ( 'NONE', #3231, #4781 ) ;
#1473 = LINE ( 'NONE', #2968, #3953 ) ;
#1474 = AXIS2_PLACEMENT_3D ( 'NONE', #1277, #2440, #2790 ) ;
#1475 = ORIENTED_EDGE ( 'NONE', *, *, #3409, .T. ) ;
#1476 = DIRECTION ( 'NONE',  ( 0.000000000000000000, 1.000000000000000000, 0.000000000000000000 ) ) ;
#1477 = ORIENTED_EDGE ( 'NONE', *, *, #3245, .F. ) ;
#1478 = LINE ( 'NONE', #1090, #2561 ) ;
#1479 = VERTEX_POINT ( 'NONE', #2943 ) ;
#1480 = DIRECTION ( 'NONE',  ( 0.000000000000000000, 1.000000000000000000, -0.000000000000000000 ) ) ;
#1481 = AXIS2_PLACEMENT_3D ( 'NONE', #2220, #2539, #1009 ) ;
#1482 = CYLINDRICAL_SURFACE ( 'NONE', #815, 5.000000000000004441 ) ;
#1483 = AXIS2_PLACEMENT_3D ( 'NONE', #1674, #3165, #1712 ) ;
#1484 = FACE_OUTER_BOUND ( 'NONE', #4394, .T. ) ;
#1485 = ORIENTED_EDGE ( 'NONE', *, *, #3607, .F. ) ;
#1486 = PLANE ( 'NONE',  #189 ) ;
#1487 = CARTESIAN_POINT ( 'NONE',  ( -152.0000000000000000, 105.1250000000000000, 90.00000000000000000 ) ) ;
#1488 = DIRECTION ( 'NONE',  ( -0.000000000000000000, 1.000000000000000000, -1.779203565104416882E-16 ) ) ;
#1489 = EDGE_LOOP ( 'NONE', ( #4579, #3535, #296, #1468 ) ) ;
#1490 = PLANE ( 'NONE',  #1344 ) ;
#1491 = VERTEX_POINT ( 'NONE', #4060 ) ;
#1492 = ORIENTED_EDGE ( 'NONE', *, *, #3222, .F. ) ;
#1493 = ORIENTED_EDGE ( 'NONE', *, *, #2130, .T. ) ;
#1494 = CYLINDRICAL_SURFACE ( 'NONE', #3743, 1.062499999999994005 ) ;
#1495 = DIRECTION ( 'NONE',  ( 0.000000000000000000, 0.000000000000000000, 1.000000000000000000 ) ) ;
#1496 = CARTESIAN_POINT ( 'NONE',  ( -3.999999999999999112, 105.1249999999999858, 86.00000000000000000 ) ) ;
#1497 = LINE ( 'NONE', #300, #381 ) ;
#1498 = VECTOR ( 'NONE', #90, 1000.000000000000000 ) ;
#1499 = VERTEX_POINT ( 'NONE', #3647 ) ;
#1500 = EDGE_CURVE ( 'NONE', #1891, #2032, #4498, .T. ) ;
#1501 = CARTESIAN_POINT ( 'NONE',  ( -10.60660171779821681, 92.95000000000000284, 10.60660171779822214 ) ) ;
#1502 = ORIENTED_EDGE ( 'NONE', *, *, #3824, .F. ) ;
#1503 = CARTESIAN_POINT ( 'NONE',  ( 0.000000000000000000, 0.000000000000000000, 78.68000000000000682 ) ) ;
#1504 = EDGE_CURVE ( 'NONE', #2094, #3575, #4475, .T. ) ;
#1505 = VECTOR ( 'NONE', #3833, 1000.000000000000000 ) ;
#1506 = EDGE_LOOP ( 'NONE', ( #4067, #3798, #2150, #1364 ) ) ;
#1507 = APPLICATION_PROTOCOL_DEFINITION ( 'international standard', 'config_control_design', 1994, #122 ) ;
#1508 = CARTESIAN_POINT ( 'NONE',  ( 0.000000000000000000, 0.000000000000000000, 8.000000000000000000 ) ) ;
#1509 = VECTOR ( 'NONE', #4194, 1000.000000000000000 ) ;
#1510 = CIRCLE ( 'NONE', #2121, 1.000000000000000888 ) ;
#1511 = DIRECTION ( 'NONE',  ( 0.000000000000000000, 0.000000000000000000, 1.000000000000000000 ) ) ;
#1512 = ORIENTED_EDGE ( 'NONE', *, *, #3466, .F. ) ;
#1513 = DIRECTION ( 'NONE',  ( 1.000000000000000000, 3.469446951953616950E-15, -0.000000000000000000 ) ) ;
#1514 = CARTESIAN_POINT ( 'NONE',  ( -140.6794919243114066, 151.9999999999999716, 90.00000000000000000 ) ) ;
#1515 = AXIS2_PLACEMENT_3D ( 'NONE', #4082, #4757, #686 ) ;
#1516 = ORIENTED_EDGE ( 'NONE', *, *, #2419, .T. ) ;
#1517 = DIRECTION ( 'NONE',  ( 0.000000000000000000, 0.000000000000000000, 1.000000000000000000 ) ) ;
#1518 = ORIENTED_EDGE ( 'NONE', *, *, #2100, .F. ) ;
#1519 = ORIENTED_EDGE ( 'NONE', *, *, #987, .T. ) ;
#1520 = EDGE_CURVE ( 'NONE', #1960, #504, #1835, .T. ) ;
#1521 = EDGE_CURVE ( 'NONE', #4378, #262, #3390, .T. ) ;
#1522 = DIRECTION ( 'NONE',  ( -1.000000000000000000, -1.224646799147353207E-16, -0.000000000000000000 ) ) ;
#1523 = FACE_OUTER_BOUND ( 'NONE', #3887, .T. ) ;
#1524 = LINE ( 'NONE', #3017, #502 ) ;
#1525 = DIRECTION ( 'NONE',  ( 0.000000000000000000, 0.000000000000000000, 1.000000000000000000 ) ) ;
#1526 = VERTEX_POINT ( 'NONE', #690 ) ;
#1527 = CARTESIAN_POINT ( 'NONE',  ( -78.32595596729062493, 87.80500000000002103, 13.00000000000000178 ) ) ;
#1528 = EDGE_LOOP ( 'NONE', ( #462, #3813, #4536, #4 ) ) ;
#1529 = CARTESIAN_POINT ( 'NONE',  ( 0.000000000000000000, 7.999999999999998224, 8.000000000000000000 ) ) ;
#1530 = ORIENTED_EDGE ( 'NONE', *, *, #2507, .T. ) ;
#1531 = CARTESIAN_POINT ( 'NONE',  ( -7.999999999999998224, 54.87500000000000000, 90.00000000000000000 ) ) ;
#1532 = CARTESIAN_POINT ( 'NONE',  ( -67.04999999999999716, 0.000000000000000000, 60.50000000000000711 ) ) ;
#1533 = PLANE ( 'NONE',  #2800 ) ;
#1534 = CARTESIAN_POINT ( 'NONE',  ( -67.04999999999999716, 7.999999999999998224, 69.59999999999999432 ) ) ;
#1535 = CARTESIAN_POINT ( 'NONE',  ( -152.0000000000000000, 67.04999999999999716, 68.59999999999999432 ) ) ;
#1536 = VECTOR ( 'NONE', #2495, 1000.000000000000000 ) ;
#1537 = ORIENTED_EDGE ( 'NONE', *, *, #1165, .F. ) ;
#1538 = DIRECTION ( 'NONE',  ( -0.000000000000000000, -1.000000000000000000, -0.000000000000000000 ) ) ;
#1539 = EDGE_LOOP ( 'NONE', ( #1046, #1897, #4425, #51 ) ) ;
#1540 = ORIENTED_EDGE ( 'NONE', *, *, #1735, .T. ) ;
#1541 = PLANE ( 'NONE',  #3684 ) ;
#1542 = DIRECTION ( 'NONE',  ( -1.000000000000000000, 0.000000000000000000, 0.000000000000000000 ) ) ;
#1543 = LINE ( 'NONE', #1958, #3706 ) ;
#1544 = FACE_OUTER_BOUND ( 'NONE', #4252, .T. ) ;
#1545 = EDGE_CURVE ( 'NONE', #4193, #3344, #4206, .T. ) ;
#1546 = EDGE_LOOP ( 'NONE', ( #1193, #1850, #1056, #1878 ) ) ;
#1547 = LINE ( 'NONE', #3133, #1320 ) ;
#1548 = VERTEX_POINT ( 'NONE', #4762 ) ;
#1549 = FACE_OUTER_BOUND ( 'NONE', #2492, .T. ) ;
#1550 = EDGE_LOOP ( 'NONE', ( #781, #3628 ) ) ;
#1551 =( NAMED_UNIT ( * ) SI_UNIT ( $, .STERADIAN. ) SOLID_ANGLE_UNIT ( ) );
#1552 = CARTESIAN_POINT ( 'NONE',  ( -67.04999999999999716, 152.0000000000000000, 60.50000000000000711 ) ) ;
#1553 = VECTOR ( 'NONE', #2982, 1000.000000000000000 ) ;
#1554 = CARTESIAN_POINT ( 'NONE',  ( -3.999999999999999112, 54.87500000000000000, 86.00000000000000000 ) ) ;
#1555 = CIRCLE ( 'NONE', #3970, 8.099999999999990763 ) ;
#1556 = CARTESIAN_POINT ( 'NONE',  ( -77.26345596729062493, 72.19500000000002160, 8.000000000000000000 ) ) ;
#1557 = ADVANCED_FACE ( 'NONE', ( #4110 ), #3279, .F. ) ;
#1558 = VERTEX_POINT ( 'NONE', #2623 ) ;
#1559 = DIRECTION ( 'NONE',  ( -0.7071067811865475727, 0.7071067811865474617, 0.000000000000000000 ) ) ;
#1560 = ORIENTED_EDGE ( 'NONE', *, *, #2760, .T. ) ;
#1561 = ORIENTED_EDGE ( 'NONE', *, *, #1568, .F. ) ;
#1562 = DIRECTION ( 'NONE',  ( 1.000000000000000000, 0.000000000000000000, -1.224646799147352961E-16 ) ) ;
#1563 = FACE_OUTER_BOUND ( 'NONE', #2691, .T. ) ;
#1564 = DIRECTION ( 'NONE',  ( 0.000000000000000000, -1.000000000000000000, 0.000000000000000000 ) ) ;
#1565 = EDGE_LOOP ( 'NONE', ( #4376, #4196, #1125, #1066, #578 ) ) ;
#1566 = EDGE_CURVE ( 'NONE', #2383, #2843, #382, .T. ) ;
#1567 = DIRECTION ( 'NONE',  ( 0.000000000000000000, 0.000000000000000000, -1.000000000000000000 ) ) ;
#1568 = EDGE_CURVE ( 'NONE', #2074, #4713, #12, .T. ) ;
#1569 = AXIS2_PLACEMENT_3D ( 'NONE', #1242, #146, #796 ) ;
#1570 = EDGE_LOOP ( 'NONE', ( #1699, #3783 ) ) ;
#1571 = FACE_OUTER_BOUND ( 'NONE', #1196, .T. ) ;
#1572 = ORIENTED_EDGE ( 'NONE', *, *, #999, .T. ) ;
#1573 = CARTESIAN_POINT ( 'NONE',  ( -22.00000000000000000, 178.0277563773199461, 46.27691193458122143 ) ) ;
#1574 = AXIS2_PLACEMENT_3D ( 'NONE', #1610, #4152, #4179 ) ;
#1575 = EDGE_CURVE ( 'NONE', #1827, #857, #1088, .T. ) ;
#1576 = ADVANCED_FACE ( 'NONE', ( #3705 ), #2484, .T. ) ;
#1577 = VECTOR ( 'NONE', #2723, 1000.000000000000000 ) ;
#1578 = EDGE_CURVE ( 'NONE', #3315, #737, #935, .T. ) ;
#1579 = CARTESIAN_POINT ( 'NONE',  ( -160.0000000000000000, 39.19000000000000483, 34.53999999999999915 ) ) ;
#1580 = VECTOR ( 'NONE', #3161, 1000.000000000000000 ) ;
#1581 = CARTESIAN_POINT ( 'NONE',  ( -160.0000000000000000, 16.00000000000000000, 78.68000000000000682 ) ) ;
#1582 = TOROIDAL_SURFACE ( 'NONE', #334, 9.099999999999994316, 1.000000000000000000 ) ;
#1583 = AXIS2_PLACEMENT_3D ( 'NONE', #4775, #656, #4724 ) ;
#1584 = AXIS2_PLACEMENT_3D ( 'NONE', #291, #631, #4000 ) ;
#1585 = EDGE_CURVE ( 'NONE', #1803, #4322, #1248, .T. ) ;
#1586 = ORIENTED_EDGE ( 'NONE', *, *, #4527, .T. ) ;
#1587 = FACE_BOUND ( 'NONE', #3179, .T. ) ;
#1588 = VERTEX_POINT ( 'NONE', #4786 ) ;
#1589 = EDGE_LOOP ( 'NONE', ( #2756, #3320 ) ) ;
#1590 = DIRECTION ( 'NONE',  ( 0.000000000000000000, 0.7071067811865480168, -0.7071067811865470176 ) ) ;
#1591 = DIRECTION ( 'NONE',  ( 0.000000000000000000, -1.000000000000000000, 0.000000000000000000 ) ) ;
#1592 = CARTESIAN_POINT ( 'NONE',  ( -16.00000000000000000, 5.000000000000002665, 78.68000000000000682 ) ) ;
#1593 = CARTESIAN_POINT ( 'NONE',  ( -149.0000000000000000, 99.50000000000000000, 32.00000000000000000 ) ) ;
#1594 = CIRCLE ( 'NONE', #1979, 8.099999999999988987 ) ;
#1595 = VERTEX_POINT ( 'NONE', #2199 ) ;
#1596 = EDGE_CURVE ( 'NONE', #3234, #2584, #1455, .T. ) ;
#1597 = EDGE_LOOP ( 'NONE', ( #2912, #1016, #1055, #1123 ) ) ;
#1598 = DIRECTION ( 'NONE',  ( 0.000000000000000000, 0.000000000000000000, 1.000000000000000000 ) ) ;
#1599 = ORIENTED_EDGE ( 'NONE', *, *, #390, .F. ) ;
#1600 = CARTESIAN_POINT ( 'NONE',  ( -67.04999999999999716, 152.0000000000000000, 68.59999999999999432 ) ) ;
#1601 = CARTESIAN_POINT ( 'NONE',  ( -16.26345596729059650, 92.95000000000000284, 16.26345596729060006 ) ) ;
#1602 = FACE_OUTER_BOUND ( 'NONE', #2069, .T. ) ;
#1603 = EDGE_CURVE ( 'NONE', #3378, #1618, #1555, .T. ) ;
#1604 = APPROVAL_PERSON_ORGANIZATION ( #4480, #2501, #2976 ) ;
#1605 = ORIENTED_EDGE ( 'NONE', *, *, #4111, .T. ) ;
#1606 = LINE ( 'NONE', #174, #3297 ) ;
#1607 = VERTEX_POINT ( 'NONE', #4011 ) ;
#1608 = VERTEX_POINT ( 'NONE', #410 ) ;
#1609 = LINE ( 'NONE', #3523, #3616 ) ;
#1610 = CARTESIAN_POINT ( 'NONE',  ( -7.999999999999998224, 92.95000000000000284, 60.50000000000001421 ) ) ;
#1611 = FACE_OUTER_BOUND ( 'NONE', #4546, .T. ) ;
#1612 = DIRECTION ( 'NONE',  ( 0.000000000000000000, 0.000000000000000000, 1.000000000000000000 ) ) ;
#1613 = EDGE_LOOP ( 'NONE', ( #3720, #4690, #4660, #1001 ) ) ;
#1614 = CARTESIAN_POINT ( 'NONE',  ( -15.55634918610404860, 92.95000000000000284, 15.55634918610405215 ) ) ;
#1615 = ORIENTED_EDGE ( 'NONE', *, *, #279, .T. ) ;
#1616 = DIRECTION ( 'NONE',  ( -0.7071067811865474617, 0.000000000000000000, -0.7071067811865473507 ) ) ;
#1617 = ADVANCED_FACE ( 'NONE', ( #4445, #1110, #667, #749, #2225 ), #3727, .F. ) ;
#1618 = VERTEX_POINT ( 'NONE', #136 ) ;
#1619 = DATE_AND_TIME ( #2374, #597 ) ;
#1620 = AXIS2_PLACEMENT_3D ( 'NONE', #927, #4245, #2403 ) ;
#1621 = CARTESIAN_POINT ( 'NONE',  ( -160.0000000000000000, 54.19000000000000483, 34.53999999999999915 ) ) ;
#1622 = CARTESIAN_POINT ( 'NONE',  ( -152.0000000000000000, 67.04999999999999716, 60.50000000000000711 ) ) ;
#1623 = VECTOR ( 'NONE', #3980, 1000.000000000000000 ) ;
#1624 = AXIS2_PLACEMENT_3D ( 'NONE', #666, #4420, #1525 ) ;
#1625 = AXIS2_PLACEMENT_3D ( 'NONE', #2238, #2294, #3794 ) ;
#1626 = ADVANCED_FACE ( 'NONE', ( #3041 ), #162, .T. ) ;
#1627 = ORIENTED_EDGE ( 'NONE', *, *, #63, .F. ) ;
#1628 = CARTESIAN_POINT ( 'NONE',  ( -22.00000000000000000, 178.0277563773199461, 46.27691193458122143 ) ) ;
#1629 = LINE ( 'NONE', #2425, #423 ) ;
#1630 = DIRECTION ( 'NONE',  ( 0.000000000000000000, -0.7071067811865480168, 0.7071067811865470176 ) ) ;
#1631 = ORIENTED_EDGE ( 'NONE', *, *, #30, .F. ) ;
#1632 = CARTESIAN_POINT ( 'NONE',  ( -8.000000000000000000, 92.95000000000000284, 60.50000000000001421 ) ) ;
#1633 = AXIS2_PLACEMENT_3D ( 'NONE', #3780, #4599, #1542 ) ;
#1634 = AXIS2_PLACEMENT_3D ( 'NONE', #4085, #2567, #1062 ) ;
#1635 = DIRECTION ( 'NONE',  ( 1.000000000000000000, -0.000000000000000000, -0.000000000000000000 ) ) ;
#1636 = ADVANCED_FACE ( 'NONE', ( #438 ), #88, .F. ) ;
#1637 = CIRCLE ( 'NONE', #82, 1.500000000000001332 ) ;
#1638 = DIRECTION ( 'NONE',  ( -1.000000000000000000, 0.000000000000000000, 0.000000000000000000 ) ) ;
#1639 = DIRECTION ( 'NONE',  ( 0.000000000000000000, 0.000000000000000000, 1.000000000000000000 ) ) ;
#1640 = VERTEX_POINT ( 'NONE', #3827 ) ;
#1641 = CARTESIAN_POINT ( 'NONE',  ( -153.0000000000000000, 67.04999999999999716, 69.59999999999999432 ) ) ;
#1642 = EDGE_CURVE ( 'NONE', #3472, #2032, #478, .T. ) ;
#1643 = ORIENTED_EDGE ( 'NONE', *, *, #919, .F. ) ;
#1644 = DIRECTION ( 'NONE',  ( 0.7071067811865475727, 0.000000000000000000, 0.7071067811865475727 ) ) ;
#1645 = VERTEX_POINT ( 'NONE', #4161 ) ;
#1646 = APPROVAL_ROLE ( '' ) ;
#1647 = EDGE_CURVE ( 'NONE', #616, #3528, #2697, .T. ) ;
#1648 = CARTESIAN_POINT ( 'NONE',  ( -99.26345596729062493, 72.19500000000002160, 13.00000000000000178 ) ) ;
#1649 = VECTOR ( 'NONE', #3767, 1000.000000000000000 ) ;
#1650 = DIRECTION ( 'NONE',  ( -1.156482317317871725E-16, 0.000000000000000000, 1.000000000000000000 ) ) ;
#1651 = VECTOR ( 'NONE', #2549, 1000.000000000000000 ) ;
#1652 = LINE ( 'NONE', #1991, #3661 ) ;
#1653 = AXIS2_PLACEMENT_3D ( 'NONE', #461, #412, #480 ) ;
#1654 = EDGE_LOOP ( 'NONE', ( #326, #2142, #1512, #2870 ) ) ;
#1655 = CARTESIAN_POINT ( 'NONE',  ( -4.999999999999998224, 152.0000000000000000, 53.02691193458121433 ) ) ;
#1656 = CARTESIAN_POINT ( 'NONE',  ( -67.04999999999999716, 160.0000000000000000, 68.59999999999999432 ) ) ;
#1657 = DIRECTION ( 'NONE',  ( 1.000000000000000000, 0.000000000000000000, 0.000000000000000000 ) ) ;
#1658 = VERTEX_POINT ( 'NONE', #827 ) ;
#1659 = VECTOR ( 'NONE', #3586, 1000.000000000000000 ) ;
#1660 = VECTOR ( 'NONE', #1899, 1000.000000000000000 ) ;
#1661 = DIRECTION ( 'NONE',  ( 0.7071067811865475727, 0.7071067811865474617, 0.000000000000000000 ) ) ;
#1662 = AXIS2_PLACEMENT_3D ( 'NONE', #1874, #4484, #24 ) ;
#1663 = LINE ( 'NONE', #910, #39 ) ;
#1664 = ORIENTED_EDGE ( 'NONE', *, *, #1647, .F. ) ;
#1665 = ADVANCED_FACE ( 'NONE', ( #3785 ), #2565, .T. ) ;
#1666 = ORIENTED_EDGE ( 'NONE', *, *, #3310, .T. ) ;
#1667 = CARTESIAN_POINT ( 'NONE',  ( -152.0000000000000000, 157.0000000000000000, 73.67999999999999261 ) ) ;
#1668 = EDGE_CURVE ( 'NONE', #398, #3848, #3456, .T. ) ;
#1669 = ORIENTED_EDGE ( 'NONE', *, *, #2100, .T. ) ;
#1670 = AXIS2_PLACEMENT_3D ( 'NONE', #2304, #3724, #4180 ) ;
#1671 = LINE ( 'NONE', #2792, #1580 ) ;
#1672 = ORIENTED_EDGE ( 'NONE', *, *, #3290, .F. ) ;
#1673 = VECTOR ( 'NONE', #2342, 1000.000000000000000 ) ;
#1674 = CARTESIAN_POINT ( 'NONE',  ( -178.0277563773199461, 54.19000000000000483, 34.53999999999999915 ) ) ;
#1675 = CARTESIAN_POINT ( 'NONE',  ( -8.000000000000000000, 3.000000000000000000, 68.67999999999999261 ) ) ;
#1676 = LINE ( 'NONE', #922, #3510 ) ;
#1677 = VERTEX_POINT ( 'NONE', #4567 ) ;
#1678 = PLANE ( 'NONE',  #4286 ) ;
#1679 = CARTESIAN_POINT ( 'NONE',  ( -10.60660171779821859, 0.000000000000000000, 10.60660171779821859 ) ) ;
#1680 = ORIENTED_EDGE ( 'NONE', *, *, #4023, .F. ) ;
#1681 = ORIENTED_EDGE ( 'NONE', *, *, #3085, .F. ) ;
#1682 = DIRECTION ( 'NONE',  ( 0.000000000000000000, 1.000000000000000000, 0.000000000000000000 ) ) ;
#1683 = DIRECTION ( 'NONE',  ( 0.000000000000000000, 0.000000000000000000, -1.000000000000000000 ) ) ;
#1684 = VERTEX_POINT ( 'NONE', #845 ) ;
#1685 = VERTEX_POINT ( 'NONE', #1917 ) ;
#1686 = DIRECTION ( 'NONE',  ( 0.7071067811865475727, -0.000000000000000000, -0.7071067811865474617 ) ) ;
#1687 = DIRECTION ( 'NONE',  ( -0.000000000000000000, -0.000000000000000000, -1.000000000000000000 ) ) ;
#1688 = VERTEX_POINT ( 'NONE', #1228 ) ;
#1689 = CARTESIAN_POINT ( 'NONE',  ( -16.00000000000000000, 160.0000000000000284, 78.68000000000000682 ) ) ;
#1690 = EDGE_LOOP ( 'NONE', ( #386, #4479, #1761, #4232, #101, #2812 ) ) ;
#1691 = CARTESIAN_POINT ( 'NONE',  ( -157.0000000000000000, 157.0000000000000000, 68.67999999999999261 ) ) ;
#1692 = PLANE ( 'NONE',  #3639 ) ;
#1693 = FACE_OUTER_BOUND ( 'NONE', #3459, .T. ) ;
#1694 = ORIENTED_EDGE ( 'NONE', *, *, #1500, .T. ) ;
#1695 = LINE ( 'NONE', #1387, #3527 ) ;
#1696 = CARTESIAN_POINT ( 'NONE',  ( -21.99102089490163081, 67.04999999999999716, 10.53589103967956753 ) ) ;
#1697 = AXIS2_PLACEMENT_3D ( 'NONE', #4635, #2096, #4709 ) ;
#1698 = ORIENTED_EDGE ( 'NONE', *, *, #134, .T. ) ;
#1699 = ORIENTED_EDGE ( 'NONE', *, *, #2244, .T. ) ;
#1700 = PLANE ( 'NONE',  #1904 ) ;
#1701 = EDGE_CURVE ( 'NONE', #1274, #3649, #863, .T. ) ;
#1702 = PLANE ( 'NONE',  #3792 ) ;
#1703 = EDGE_LOOP ( 'NONE', ( #2523, #3155, #4710, #4137 ) ) ;
#1704 = AXIS2_PLACEMENT_3D ( 'NONE', #4205, #871, #3847 ) ;
#1705 = ORIENTED_EDGE ( 'NONE', *, *, #3443, .T. ) ;
#1706 = LINE ( 'NONE', #4289, #1430 ) ;
#1707 = CARTESIAN_POINT ( 'NONE',  ( -160.0000000000000284, 143.9999999999999716, 62.67949192431127159 ) ) ;
#1708 = ORIENTED_EDGE ( 'NONE', *, *, #13, .T. ) ;
#1709 = CARTESIAN_POINT ( 'NONE',  ( -81.32595596729061072, 72.19500000000002160, 13.00000000000000178 ) ) ;
#1710 = ORIENTED_EDGE ( 'NONE', *, *, #3312, .F. ) ;
#1711 = EDGE_CURVE ( 'NONE', #498, #87, #3434, .T. ) ;
#1712 = DIRECTION ( 'NONE',  ( 0.000000000000000000, -0.000000000000000000, 1.000000000000000000 ) ) ;
#1713 = DIRECTION ( 'NONE',  ( -0.000000000000000000, -1.000000000000000000, 0.000000000000000000 ) ) ;
#1714 = EDGE_CURVE ( 'NONE', #89, #2638, #1547, .T. ) ;
#1715 = FACE_OUTER_BOUND ( 'NONE', #1506, .T. ) ;
#1716 = EDGE_CURVE ( 'NONE', #4449, #273, #4047, .T. ) ;
#1717 = EDGE_CURVE ( 'NONE', #3315, #3954, #4434, .T. ) ;
#1718 = FACE_OUTER_BOUND ( 'NONE', #1613, .T. ) ;
#1719 = EDGE_LOOP ( 'NONE', ( #885, #2521, #2336, #359, #79 ) ) ;
#1720 = LINE ( 'NONE', #4334, #3296 ) ;
#1721 = DIRECTION ( 'NONE',  ( 0.7071067811865474617, 0.000000000000000000, 0.7071067811865474617 ) ) ;
#1722 = ORIENTED_EDGE ( 'NONE', *, *, #3688, .T. ) ;
#1723 = DIRECTION ( 'NONE',  ( 3.469446951953616950E-15, -1.000000000000000000, 0.000000000000000000 ) ) ;
#1724 = CIRCLE ( 'NONE', #4072, 8.099999999999990763 ) ;
#1725 = CARTESIAN_POINT ( 'NONE',  ( 20.89316397477042742, -20.89316397477040610, 20.89316397477044518 ) ) ;
#1726 = ORIENTED_EDGE ( 'NONE', *, *, #1366, .F. ) ;
#1727 = EDGE_LOOP ( 'NONE', ( #3447, #2631, #53, #1257, #3831, #2788, #1304, #329 ) ) ;
#1728 = DIRECTION ( 'NONE',  ( 0.000000000000000000, -1.000000000000000000, 0.000000000000000000 ) ) ;
#1729 = CIRCLE ( 'NONE', #1036, 9.099999999999994316 ) ;
#1730 = VECTOR ( 'NONE', #3549, 1000.000000000000000 ) ;
#1731 = PLANE ( 'NONE',  #3506 ) ;
#1732 = ORIENTED_EDGE ( 'NONE', *, *, #2933, .F. ) ;
#1733 = LINE ( 'NONE', #4229, #4769 ) ;
#1734 = DIRECTION ( 'NONE',  ( 0.000000000000000000, 1.000000000000000000, 0.000000000000000000 ) ) ;
#1735 = EDGE_CURVE ( 'NONE', #4176, #1645, #2744, .T. ) ;
#1736 = ORIENTED_EDGE ( 'NONE', *, *, #2741, .T. ) ;
#1737 = EDGE_CURVE ( 'NONE', #398, #2896, #3432, .T. ) ;
#1738 = VECTOR ( 'NONE', #3625, 999.9999999999998863 ) ;
#1739 = ORIENTED_EDGE ( 'NONE', *, *, #4223, .F. ) ;
#1740 = CARTESIAN_POINT ( 'NONE',  ( -9.828784258493021397, 67.04999999999999716, 21.28391411371507758 ) ) ;
#1741 = DIRECTION ( 'NONE',  ( 0.7071067811865439090, -0.000000000000000000, -0.7071067811865512365 ) ) ;
#1742 = CIRCLE ( 'NONE', #2925, 1.000000000000000888 ) ;
#1743 = CYLINDRICAL_SURFACE ( 'NONE', #3061, 8.099999999999996092 ) ;
#1744 = CARTESIAN_POINT ( 'NONE',  ( -92.95000000000000284, 6.999999999999998224, 51.40000000000001990 ) ) ;
#1745 = ORIENTED_EDGE ( 'NONE', *, *, #649, .F. ) ;
#1746 = FACE_OUTER_BOUND ( 'NONE', #2636, .T. ) ;
#1747 = CARTESIAN_POINT ( 'NONE',  ( -149.0000000000000000, 96.50000000000000000, 32.00000000000000000 ) ) ;
#1748 = FACE_BOUND ( 'NONE', #3232, .T. ) ;
#1749 = EDGE_CURVE ( 'NONE', #587, #1299, #1395, .T. ) ;
#1750 = LINE ( 'NONE', #2553, #4692 ) ;
#1751 = LINE ( 'NONE', #2116, #3229 ) ;
#1752 = ORIENTED_EDGE ( 'NONE', *, *, #4304, .F. ) ;
#1753 = ORIENTED_EDGE ( 'NONE', *, *, #3102, .F. ) ;
#1754 = DIRECTION ( 'NONE',  ( -1.000000000000000000, -3.469446951953616950E-15, 0.000000000000000000 ) ) ;
#1755 = ORGANIZATION ( 'UNSPECIFIED', 'UNSPECIFIED', '' ) ;
#1756 = ORIENTED_EDGE ( 'NONE', *, *, #4294, .T. ) ;
#1757 = DIRECTION ( 'NONE',  ( 0.000000000000000000, -0.000000000000000000, 1.000000000000000000 ) ) ;
#1758 = DIRECTION ( 'NONE',  ( -0.7071067811865473507, 0.000000000000000000, -0.7071067811865476838 ) ) ;
#1759 = AXIS2_PLACEMENT_3D ( 'NONE', #307, #2058, #282 ) ;
#1760 = EDGE_CURVE ( 'NONE', #4753, #590, #2648, .T. ) ;
#1761 = ORIENTED_EDGE ( 'NONE', *, *, #4557, .F. ) ;
#1762 = CARTESIAN_POINT ( 'NONE',  ( 0.000000000000000000, 92.95000000000000284, 52.40000000000001990 ) ) ;
#1763 = ORIENTED_EDGE ( 'NONE', *, *, #909, .F. ) ;
#1764 = DIRECTION ( 'NONE',  ( 0.000000000000000000, 0.000000000000000000, -1.000000000000000000 ) ) ;
#1765 = DIRECTION ( 'NONE',  ( -0.7071067811865475727, 0.000000000000000000, -0.7071067811865475727 ) ) ;
#1766 = CARTESIAN_POINT ( 'NONE',  ( -16.26345596729060006, 67.04999999999999716, 16.26345596729060006 ) ) ;
#1767 = VERTEX_POINT ( 'NONE', #2308 ) ;
#1768 = CARTESIAN_POINT ( 'NONE',  ( -16.00000000000000000, -1.959434878635765131E-15, 78.67949192431120764 ) ) ;
#1769 = CARTESIAN_POINT ( 'NONE',  ( 0.000000000000000000, 160.0000000000000000, 78.68000000000000682 ) ) ;
#1770 = PLANE ( 'NONE',  #4353 ) ;
#1771 = CARTESIAN_POINT ( 'NONE',  ( -157.0000000000000000, 159.9999999999999716, 78.68000000000000682 ) ) ;
#1772 = EDGE_CURVE ( 'NONE', #4537, #262, #2086, .T. ) ;
#1773 = EDGE_CURVE ( 'NONE', #1216, #1684, #544, .T. ) ;
#1774 = DIRECTION ( 'NONE',  ( 0.000000000000000000, 0.000000000000000000, 1.000000000000000000 ) ) ;
#1775 = ORIENTED_EDGE ( 'NONE', *, *, #180, .T. ) ;
#1776 = ORIENTED_EDGE ( 'NONE', *, *, #1668, .F. ) ;
#1777 = CARTESIAN_POINT ( 'NONE',  ( -99.26345596729062493, 87.80500000000002103, 8.000000000000000000 ) ) ;
#1778 = CIRCLE ( 'NONE', #695, 9.099999999999990763 ) ;
#1779 = EDGE_CURVE ( 'NONE', #4593, #501, #3621, .T. ) ;
#1780 = LINE ( 'NONE', #1831, #2092 ) ;
#1781 = AXIS2_PLACEMENT_3D ( 'NONE', #1064, #1137, #669 ) ;
#1782 = LINE ( 'NONE', #4346, #1822 ) ;
#1783 = DIRECTION ( 'NONE',  ( 0.000000000000000000, 0.000000000000000000, 1.000000000000000000 ) ) ;
#1784 = ADVANCED_FACE ( 'NONE', ( #962 ), #1731, .F. ) ;
#1785 = CARTESIAN_POINT ( 'NONE',  ( -67.04999999999999716, 160.0000000000000000, 60.50000000000000711 ) ) ;
#1786 = ORIENTED_EDGE ( 'NONE', *, *, #1065, .F. ) ;
#1787 = CARTESIAN_POINT ( 'NONE',  ( -2.999999999999999556, 3.000000000000000000, 68.67999999999999261 ) ) ;
#1788 = EDGE_CURVE ( 'NONE', #4535, #62, #2720, .T. ) ;
#1789 = ORIENTED_EDGE ( 'NONE', *, *, #351, .F. ) ;
#1790 = PLANE ( 'NONE',  #3247 ) ;
#1791 = DIRECTION ( 'NONE',  ( -0.000000000000000000, -0.000000000000000000, 1.000000000000000000 ) ) ;
#1792 = DIRECTION ( 'NONE',  ( 1.000000000000000000, 0.000000000000000000, 0.000000000000000000 ) ) ;
#1793 = VERTEX_POINT ( 'NONE', #593 ) ;
#1794 = LINE ( 'NONE', #677, #2908 ) ;
#1795 = DIRECTION ( 'NONE',  ( 0.000000000000000000, 1.000000000000000000, -0.000000000000000000 ) ) ;
#1796 = CARTESIAN_POINT ( 'NONE',  ( 0.000000000000000000, 119.4999999999999858, 38.77691193458120722 ) ) ;
#1797 = CYLINDRICAL_SURFACE ( 'NONE', #1443, 1.062499999999994005 ) ;
#1798 = EDGE_CURVE ( 'NONE', #2661, #1274, #3910, .T. ) ;
#1799 = AXIS2_PLACEMENT_3D ( 'NONE', #4261, #3170, #2062 ) ;
#1800 = DIRECTION ( 'NONE',  ( -0.000000000000000000, 1.000000000000000000, -0.000000000000000000 ) ) ;
#1801 = VERTEX_POINT ( 'NONE', #1346 ) ;
#1802 = AXIS2_PLACEMENT_3D ( 'NONE', #4131, #822, #3449 ) ;
#1803 = VERTEX_POINT ( 'NONE', #4614 ) ;
#1804 = DIRECTION ( 'NONE',  ( 0.000000000000000000, -1.000000000000000000, 0.000000000000000000 ) ) ;
#1805 = LINE ( 'NONE', #4802, #4825 ) ;
#1806 = CARTESIAN_POINT ( 'NONE',  ( -92.95000000000000284, 7.999999999999998224, 69.59999999999999432 ) ) ;
#1807 = DIRECTION ( 'NONE',  ( 1.000000000000000000, 0.000000000000000000, 0.000000000000000000 ) ) ;
#1808 = AXIS2_PLACEMENT_3D ( 'NONE', #983, #1280, #939 ) ;
#1809 = EDGE_CURVE ( 'NONE', #3747, #2021, #2863, .T. ) ;
#1810 = CIRCLE ( 'NONE', #2428, 1.000000000000000888 ) ;
#1811 = AXIS2_PLACEMENT_3D ( 'NONE', #1294, #4265, #2405 ) ;
#1812 = EDGE_CURVE ( 'NONE', #1608, #1216, #4682, .T. ) ;
#1813 = DIRECTION ( 'NONE',  ( 0.000000000000000000, -1.000000000000000000, 0.000000000000000000 ) ) ;
#1814 = ORIENTED_EDGE ( 'NONE', *, *, #2432, .T. ) ;
#1815 = VECTOR ( 'NONE', #3370, 1000.000000000000000 ) ;
#1816 = FACE_OUTER_BOUND ( 'NONE', #4187, .T. ) ;
#1817 = ORIENTED_EDGE ( 'NONE', *, *, #1749, .T. ) ;
#1818 = CARTESIAN_POINT ( 'NONE',  ( -6.999999999999999112, 92.95000000000000284, 52.40000000000001990 ) ) ;
#1819 = FACE_OUTER_BOUND ( 'NONE', #4443, .T. ) ;
#1820 = CARTESIAN_POINT ( 'NONE',  ( -152.0000000000000000, 39.19000000000000483, 24.53999999999999559 ) ) ;
#1821 = ORIENTED_EDGE ( 'NONE', *, *, #1647, .T. ) ;
#1822 = VECTOR ( 'NONE', #2490, 1000.000000000000000 ) ;
#1823 = FACE_OUTER_BOUND ( 'NONE', #4051, .T. ) ;
#1824 = CARTESIAN_POINT ( 'NONE',  ( -78.32595596729062493, 72.19500000000002160, 8.000000000000000000 ) ) ;
#1825 = DIRECTION ( 'NONE',  ( -1.000000000000000000, 0.000000000000000000, 0.000000000000000000 ) ) ;
#1826 = CARTESIAN_POINT ( 'NONE',  ( -153.0000000000000000, 92.95000000000000284, 69.59999999999999432 ) ) ;
#1827 = VERTEX_POINT ( 'NONE', #2769 ) ;
#1828 = ORIENTED_EDGE ( 'NONE', *, *, #2164, .T. ) ;
#1829 = ORIENTED_EDGE ( 'NONE', *, *, #3162, .F. ) ;
#1830 = CARTESIAN_POINT ( 'NONE',  ( -152.0000000000000000, 67.04999999999999716, 60.50000000000000711 ) ) ;
#1831 = CARTESIAN_POINT ( 'NONE',  ( -4.000000000000000888, 7.999999999999998224, 90.00000000000000000 ) ) ;
#1832 = DIRECTION ( 'NONE',  ( 0.000000000000000000, 0.000000000000000000, -1.000000000000000000 ) ) ;
#1833 = DIRECTION ( 'NONE',  ( 0.000000000000000000, 0.000000000000000000, 1.000000000000000000 ) ) ;
#1834 = ORIENTED_EDGE ( 'NONE', *, *, #4158, .F. ) ;
#1835 = LINE ( 'NONE', #1431, #1950 ) ;
#1836 = EDGE_LOOP ( 'NONE', ( #915, #525 ) ) ;
#1837 = DIRECTION ( 'NONE',  ( 0.000000000000000000, 0.000000000000000000, -1.000000000000000000 ) ) ;
#1838 = ORIENTED_EDGE ( 'NONE', *, *, #3305, .F. ) ;
#1839 = DIRECTION ( 'NONE',  ( 0.000000000000000000, 0.000000000000000000, -1.000000000000000000 ) ) ;
#1840 = CARTESIAN_POINT ( 'NONE',  ( -7.999999999999998224, 54.87500000000000000, 86.00000000000000000 ) ) ;
#1841 = DIRECTION ( 'NONE',  ( 1.000000000000000000, 0.000000000000000000, 0.000000000000000000 ) ) ;
#1842 = EDGE_LOOP ( 'NONE', ( #1643, #2157, #1353, #1080 ) ) ;
#1843 = DIRECTION ( 'NONE',  ( 1.000000000000000000, 0.000000000000000000, -0.000000000000000000 ) ) ;
#1844 = CARTESIAN_POINT ( 'NONE',  ( -6.999999999999998224, 67.04999999999999716, 51.40000000000001279 ) ) ;
#1845 = DIRECTION ( 'NONE',  ( 1.000000000000000000, 0.000000000000000000, 0.000000000000000000 ) ) ;
#1846 = ORIENTED_EDGE ( 'NONE', *, *, #2611, .T. ) ;
#1847 = LINE ( 'NONE', #1195, #4612 ) ;
#1848 = ORIENTED_EDGE ( 'NONE', *, *, #4670, .T. ) ;
#1849 = ADVANCED_FACE ( 'NONE', ( #231 ), #1323, .T. ) ;
#1850 = ORIENTED_EDGE ( 'NONE', *, *, #923, .F. ) ;
#1851 = AXIS2_PLACEMENT_3D ( 'NONE', #2518, #2619, #1783 ) ;
#1852 = ORIENTED_EDGE ( 'NONE', *, *, #1812, .F. ) ;
#1853 = EDGE_CURVE ( 'NONE', #2326, #740, #4198, .T. ) ;
#1854 = AXIS2_PLACEMENT_3D ( 'NONE', #558, #1657, #4282 ) ;
#1855 = LINE ( 'NONE', #1033, #4349 ) ;
#1856 = PLANE ( 'NONE',  #786 ) ;
#1857 = CARTESIAN_POINT ( 'NONE',  ( -156.0000000000000000, 105.1250000000000000, 90.00000000000000000 ) ) ;
#1858 = FACE_OUTER_BOUND ( 'NONE', #3742, .T. ) ;
#1859 = VECTOR ( 'NONE', #4029, 1000.000000000000000 ) ;
#1860 = ORIENTED_EDGE ( 'NONE', *, *, #1432, .T. ) ;
#1861 = AXIS2_PLACEMENT_3D ( 'NONE', #2630, #3733, #48 ) ;
#1862 = CARTESIAN_POINT ( 'NONE',  ( 66.33974596215560382, 66.33974596215564645, 90.00000000000000000 ) ) ;
#1863 = ORIENTED_EDGE ( 'NONE', *, *, #780, .T. ) ;
#1864 = DIRECTION ( 'NONE',  ( 0.000000000000000000, 0.000000000000000000, -1.000000000000000000 ) ) ;
#1865 = EDGE_CURVE ( 'NONE', #683, #1334, #2073, .T. ) ;
#1866 = ORIENTED_EDGE ( 'NONE', *, *, #3467, .F. ) ;
#1867 = DIRECTION ( 'NONE',  ( -0.7071067811865474617, -0.7071067811865475727, 0.000000000000000000 ) ) ;
#1868 = AXIS2_PLACEMENT_3D ( 'NONE', #2192, #3700, #3332 ) ;
#1869 = DIRECTION ( 'NONE',  ( -5.551115123125777969E-15, 1.000000000000000000, 0.000000000000000000 ) ) ;
#1870 = VECTOR ( 'NONE', #3502, 999.9999999999998863 ) ;
#1871 = PLANE ( 'NONE',  #3893 ) ;
#1872 = ORIENTED_EDGE ( 'NONE', *, *, #1367, .F. ) ;
#1873 = EDGE_CURVE ( 'NONE', #2773, #1302, #3952, .T. ) ;
#1874 = CARTESIAN_POINT ( 'NONE',  ( -16.26345596729059650, 92.95000000000000284, 16.26345596729060006 ) ) ;
#1875 = EDGE_CURVE ( 'NONE', #732, #319, #3819, .T. ) ;
#1876 = DIRECTION ( 'NONE',  ( 0.000000000000000000, -0.000000000000000000, -1.000000000000000000 ) ) ;
#1877 = ADVANCED_FACE ( 'NONE', ( #573 ), #937, .T. ) ;
#1878 = ORIENTED_EDGE ( 'NONE', *, *, #1008, .T. ) ;
#1879 = CARTESIAN_POINT ( 'NONE',  ( -153.0000000000000000, 67.04999999999999716, 60.50000000000000711 ) ) ;
#1880 = ORIENTED_EDGE ( 'NONE', *, *, #3404, .T. ) ;
#1881 = EDGE_LOOP ( 'NONE', ( #1909, #2163, #1952, #491 ) ) ;
#1882 = DIRECTION ( 'NONE',  ( 0.000000000000000000, 0.000000000000000000, -1.000000000000000000 ) ) ;
#1883 = DIRECTION ( 'NONE',  ( 0.000000000000000000, 1.000000000000000000, -0.000000000000000000 ) ) ;
#1884 = LINE ( 'NONE', #2642, #3855 ) ;
#1885 = CIRCLE ( 'NONE', #3134, 9.099999999999994316 ) ;
#1886 = DIRECTION ( 'NONE',  ( 1.000000000000000000, 0.000000000000000000, 0.000000000000000000 ) ) ;
#1887 = CIRCLE ( 'NONE', #808, 8.099999999999990763 ) ;
#1888 = ORIENTED_EDGE ( 'NONE', *, *, #1260, .T. ) ;
#1889 = DIRECTION ( 'NONE',  ( 0.7071067811865477948, -0.7071067811865473507, 0.000000000000000000 ) ) ;
#1890 = EDGE_CURVE ( 'NONE', #590, #2027, #3204, .T. ) ;
#1891 = VERTEX_POINT ( 'NONE', #251 ) ;
#1892 = DIRECTION ( 'NONE',  ( 0.000000000000000000, -1.000000000000000000, 0.000000000000000000 ) ) ;
#1893 = EDGE_CURVE ( 'NONE', #1548, #516, #1373, .T. ) ;
#1894 = AXIS2_PLACEMENT_3D ( 'NONE', #4455, #1120, #4432 ) ;
#1895 = VECTOR ( 'NONE', #678, 1000.000000000000114 ) ;
#1896 = AXIS2_PLACEMENT_3D ( 'NONE', #1573, #3573, #3046 ) ;
#1897 = ORIENTED_EDGE ( 'NONE', *, *, #4027, .F. ) ;
#1898 = DIRECTION ( 'NONE',  ( 0.5773502691896292838, -0.5773502691896239547, -0.5773502691896239547 ) ) ;
#1899 = DIRECTION ( 'NONE',  ( 0.000000000000000000, 0.7071067811865480168, -0.7071067811865470176 ) ) ;
#1900 = AXIS2_PLACEMENT_3D ( 'NONE', #4572, #3541, #900 ) ;
#1901 = PLANE ( 'NONE',  #4129 ) ;
#1902 = DIRECTION ( 'NONE',  ( 0.000000000000000000, 1.000000000000000000, 0.000000000000000000 ) ) ;
#1903 = CARTESIAN_POINT ( 'NONE',  ( 0.000000000000000000, 0.000000000000000000, 90.00000000000000000 ) ) ;
#1904 = AXIS2_PLACEMENT_3D ( 'NONE', #3945, #245, #1723 ) ;
#1905 = VERTEX_POINT ( 'NONE', #4251 ) ;
#1906 = EDGE_CURVE ( 'NONE', #244, #2455, #3159, .T. ) ;
#1907 = LINE ( 'NONE', #3052, #3217 ) ;
#1908 = VERTEX_POINT ( 'NONE', #3556 ) ;
#1909 = ORIENTED_EDGE ( 'NONE', *, *, #2958, .F. ) ;
#1910 = CIRCLE ( 'NONE', #2368, 1.062499999999994005 ) ;
#1911 = CARTESIAN_POINT ( 'NONE',  ( -16.26345596729059650, 92.95000000000000284, 16.26345596729060006 ) ) ;
#1912 = CARTESIAN_POINT ( 'NONE',  ( -6.999999999999998224, 92.95000000000000284, 51.40000000000001990 ) ) ;
#1913 = DIRECTION ( 'NONE',  ( -1.000000000000000000, -0.000000000000000000, -0.000000000000000000 ) ) ;
#1914 = DIRECTION ( 'NONE',  ( 1.000000000000000000, 3.469446951953616950E-15, -0.000000000000000000 ) ) ;
#1915 = ORIENTED_EDGE ( 'NONE', *, *, #1711, .T. ) ;
#1916 = PRODUCT ( 'Sensor_Box_base', 'Sensor_Box_base', '', ( #4450 ) ) ;
#1917 = CARTESIAN_POINT ( 'NONE',  ( -16.00000000000000000, -1.959434878635765131E-15, 78.68000000000000682 ) ) ;
#1918 = ORIENTED_EDGE ( 'NONE', *, *, #1091, .T. ) ;
#1919 = LINE ( 'NONE', #3414, #3772 ) ;
#1920 = VERTEX_POINT ( 'NONE', #3889 ) ;
#1921 =( NAMED_UNIT ( * ) PLANE_ANGLE_UNIT ( ) SI_UNIT ( $, .RADIAN. ) );
#1922 = DIRECTION ( 'NONE',  ( -0.7071067811865474617, 0.000000000000000000, -0.7071067811865474617 ) ) ;
#1923 = EDGE_CURVE ( 'NONE', #345, #93, #208, .T. ) ;
#1924 = PLANE ( 'NONE',  #1240 ) ;
#1925 = LINE ( 'NONE', #3714, #2289 ) ;
#1926 = LINE ( 'NONE', #4532, #4046 ) ;
#1927 = VECTOR ( 'NONE', #2627, 1000.000000000000000 ) ;
#1928 = ORIENTED_EDGE ( 'NONE', *, *, #349, .F. ) ;
#1929 = CARTESIAN_POINT ( 'NONE',  ( -9.121677477306473492, 67.04999999999999716, 21.99102089490162726 ) ) ;
#1930 = ORIENTED_EDGE ( 'NONE', *, *, #4304, .T. ) ;
#1931 = EDGE_CURVE ( 'NONE', #2473, #2972, #1855, .T. ) ;
#1932 = VERTEX_POINT ( 'NONE', #743 ) ;
#1933 = EDGE_CURVE ( 'NONE', #3651, #2638, #4417, .T. ) ;
#1934 = CARTESIAN_POINT ( 'NONE',  ( 0.000000000000000000, 67.04999999999999716, 60.50000000000000711 ) ) ;
#1935 = DIRECTION ( 'NONE',  ( 0.000000000000000000, -1.000000000000000000, 0.000000000000000000 ) ) ;
#1936 = DIRECTION ( 'NONE',  ( -0.000000000000000000, 1.000000000000000000, -1.756682000989171488E-16 ) ) ;
#1937 = ADVANCED_FACE ( 'NONE', ( #4755 ), #1494, .F. ) ;
#1938 = ORIENTED_EDGE ( 'NONE', *, *, #250, .F. ) ;
#1939 = EDGE_CURVE ( 'NONE', #3169, #1321, #2330, .T. ) ;
#1940 = DIRECTION ( 'NONE',  ( 0.7071067811865463515, 0.7071067811865487940, 0.000000000000000000 ) ) ;
#1941 = ORIENTED_EDGE ( 'NONE', *, *, #4485, .T. ) ;
#1942 = CARTESIAN_POINT ( 'NONE',  ( -7.999999999999998224, 92.95000000000000284, 60.50000000000001421 ) ) ;
#1943 = VECTOR ( 'NONE', #1687, 1000.000000000000000 ) ;
#1944 = EDGE_LOOP ( 'NONE', ( #2783, #1880, #2271, #2251 ) ) ;
#1945 = CARTESIAN_POINT ( 'NONE',  ( -1.599999999999998535, 123.5499999999999829, 42.82691193458121148 ) ) ;
#1946 = EDGE_CURVE ( 'NONE', #3344, #4193, #153, .T. ) ;
#1947 = CIRCLE ( 'NONE', #3431, 8.099999999999996092 ) ;
#1948 = AXIS2_PLACEMENT_3D ( 'NONE', #4377, #15, #2945 ) ;
#1949 = DIRECTION ( 'NONE',  ( 0.000000000000000000, 0.000000000000000000, 1.000000000000000000 ) ) ;
#1950 = VECTOR ( 'NONE', #3675, 1000.000000000000000 ) ;
#1951 = DIRECTION ( 'NONE',  ( 0.000000000000000000, 0.000000000000000000, 1.000000000000000000 ) ) ;
#1952 = ORIENTED_EDGE ( 'NONE', *, *, #949, .T. ) ;
#1953 = PLANE ( 'NONE',  #4074 ) ;
#1954 = EDGE_CURVE ( 'NONE', #1793, #479, #4124, .T. ) ;
#1955 = ORIENTED_EDGE ( 'NONE', *, *, #1545, .T. ) ;
#1956 = ORIENTED_EDGE ( 'NONE', *, *, #2130, .F. ) ;
#1957 = CARTESIAN_POINT ( 'NONE',  ( -4.999999999999998224, 152.0000000000000000, 24.52691193458121433 ) ) ;
#1958 = CARTESIAN_POINT ( 'NONE',  ( -16.00000000000000000, 3.000000000000000444, 78.68000000000000682 ) ) ;
#1959 = CARTESIAN_POINT ( 'NONE',  ( -9.121677477306469939, 92.95000000000000284, 21.99102089490163081 ) ) ;
#1960 = VERTEX_POINT ( 'NONE', #712 ) ;
#1961 = CARTESIAN_POINT ( 'NONE',  ( -2.999999999999999112, -3.673940397442058882E-16, 78.68000000000000682 ) ) ;
#1962 = VERTEX_POINT ( 'NONE', #4468 ) ;
#1963 = DIRECTION ( 'NONE',  ( -1.000000000000000000, -0.000000000000000000, -0.000000000000000000 ) ) ;
#1964 = ADVANCED_FACE ( 'NONE', ( #4080 ), #2143, .T. ) ;
#1965 = ORIENTED_EDGE ( 'NONE', *, *, #2305, .F. ) ;
#1966 = CARTESIAN_POINT ( 'NONE',  ( -152.0000000000000000, 60.50000000000001421, 45.00000000000000000 ) ) ;
#1967 = VECTOR ( 'NONE', #84, 1000.000000000000000 ) ;
#1968 = VECTOR ( 'NONE', #4328, 1000.000000000000000 ) ;
#1969 = CYLINDRICAL_SURFACE ( 'NONE', #2858, 8.099999999999992539 ) ;
#1970 = VECTOR ( 'NONE', #595, 1000.000000000000000 ) ;
#1971 = CARTESIAN_POINT ( 'NONE',  ( -152.0000000000000000, 152.0000000000000000, 78.67949192431139238 ) ) ;
#1972 = VECTOR ( 'NONE', #2337, 1000.000000000000000 ) ;
#1973 = AXIS2_PLACEMENT_3D ( 'NONE', #1771, #2533, #267 ) ;
#1974 = ORIENTED_EDGE ( 'NONE', *, *, #134, .F. ) ;
#1975 = LINE ( 'NONE', #1311, #1429 ) ;
#1976 = ORIENTED_EDGE ( 'NONE', *, *, #4130, .T. ) ;
#1977 = ORIENTED_EDGE ( 'NONE', *, *, #485, .F. ) ;
#1978 = LINE ( 'NONE', #2809, #110 ) ;
#1979 = AXIS2_PLACEMENT_3D ( 'NONE', #2562, #642, #4057 ) ;
#1980 = EDGE_CURVE ( 'NONE', #1216, #1289, #4731, .T. ) ;
#1981 = DIRECTION ( 'NONE',  ( -0.7071067811865475727, 0.000000000000000000, -0.7071067811865475727 ) ) ;
#1982 = CARTESIAN_POINT ( 'NONE',  ( -24.52691193458120367, 106.4999999999999858, 21.52691193458121788 ) ) ;
#1983 = CARTESIAN_POINT ( 'NONE',  ( -152.0000000000000000, 0.000000000000000000, 8.000000000000000000 ) ) ;
#1984 = CIRCLE ( 'NONE', #439, 4.050000000000005151 ) ;
#1985 = ORIENTED_EDGE ( 'NONE', *, *, #1347, .T. ) ;
#1986 = DIRECTION ( 'NONE',  ( -0.7071067811865475727, 0.000000000000000000, -0.7071067811865475727 ) ) ;
#1987 = EDGE_LOOP ( 'NONE', ( #2692, #2546, #2338, #3087 ) ) ;
#1988 = DIRECTION ( 'NONE',  ( 1.000000000000000000, -0.000000000000000000, -0.000000000000000000 ) ) ;
#1989 = ORIENTED_EDGE ( 'NONE', *, *, #3627, .F. ) ;
#1990 = DIRECTION ( 'NONE',  ( 0.7071067811865475727, -0.000000000000000000, -0.7071067811865474617 ) ) ;
#1991 = CARTESIAN_POINT ( 'NONE',  ( -81.32595596729061072, 87.80500000000002103, 13.00000000000000178 ) ) ;
#1992 = ADVANCED_FACE ( 'NONE', ( #2891 ), #2915, .F. ) ;
#1993 = ORIENTED_EDGE ( 'NONE', *, *, #3246, .F. ) ;
#1994 = DIRECTION ( 'NONE',  ( 0.000000000000000000, 0.7071067811865482389, 0.7071067811865469066 ) ) ;
#1995 = DIRECTION ( 'NONE',  ( -1.607348923880904736E-16, 1.000000000000000000, -0.000000000000000000 ) ) ;
#1996 = PLANE ( 'NONE',  #1236 ) ;
#1997 = ORIENTED_EDGE ( 'NONE', *, *, #3102, .T. ) ;
#1998 = CIRCLE ( 'NONE', #4720, 5.000000000000004441 ) ;
#1999 = DIRECTION ( 'NONE',  ( 1.000000000000000000, 0.000000000000000000, 0.000000000000000000 ) ) ;
#2000 = EDGE_CURVE ( 'NONE', #737, #3315, #689, .T. ) ;
#2001 = DIRECTION ( 'NONE',  ( -1.000000000000000000, 0.000000000000000000, 0.000000000000000000 ) ) ;
#2002 = EDGE_CURVE ( 'NONE', #2, #1607, #3304, .T. ) ;
#2003 = DIRECTION ( 'NONE',  ( 1.000000000000000000, 0.000000000000000000, 0.000000000000000000 ) ) ;
#2004 = CARTESIAN_POINT ( 'NONE',  ( -144.0000000000000284, 157.0000000000000284, 78.68000000000000682 ) ) ;
#2005 = ORIENTED_EDGE ( 'NONE', *, *, #3776, .F. ) ;
#2006 = ADVANCED_FACE ( 'NONE', ( #297, #3275, #4006 ), #3722, .T. ) ;
#2007 = CARTESIAN_POINT ( 'NONE',  ( -77.26345596729062493, 72.19500000000002160, 13.00000000000000178 ) ) ;
#2008 = ORIENTED_EDGE ( 'NONE', *, *, #3555, .T. ) ;
#2009 = CARTESIAN_POINT ( 'NONE',  ( -77.26345596729062493, 72.19500000000002160, 13.00000000000000178 ) ) ;
#2010 = ORIENTED_EDGE ( 'NONE', *, *, #4103, .T. ) ;
#2011 = PERSON_AND_ORGANIZATION ( #2420, #1755 ) ;
#2012 = DIRECTION ( 'NONE',  ( 0.000000000000000000, 0.000000000000000000, -1.000000000000000000 ) ) ;
#2013 = CARTESIAN_POINT ( 'NONE',  ( -67.04999999999999716, 152.0000000000000000, 51.40000000000001279 ) ) ;
#2014 = CARTESIAN_POINT ( 'NONE',  ( -70.33974596215568909, 152.0000000000000000, 160.3397459621556891 ) ) ;
#2015 = AXIS2_PLACEMENT_3D ( 'NONE', #2390, #4343, #4290 ) ;
#2016 = VECTOR ( 'NONE', #343, 1000.000000000000000 ) ;
#2017 = EDGE_CURVE ( 'NONE', #4404, #1289, #4801, .T. ) ;
#2018 = EDGE_LOOP ( 'NONE', ( #1745, #4162, #3709, #2413, #2371, #3240, #2389, #3568, #4264, #4203, #451 ) ) ;
#2019 = DIRECTION ( 'NONE',  ( 1.000000000000000000, -0.000000000000000000, -0.000000000000000000 ) ) ;
#2020 = LINE ( 'NONE', #3520, #2120 ) ;
#2021 = VERTEX_POINT ( 'NONE', #2616 ) ;
#2022 = EDGE_LOOP ( 'NONE', ( #1360, #2300, #4649, #1042, #1456 ) ) ;
#2023 = FACE_BOUND ( 'NONE', #2696, .T. ) ;
#2024 = ADVANCED_FACE ( 'NONE', ( #684 ), #4104, .F. ) ;
#2025 = DIRECTION ( 'NONE',  ( 0.000000000000000000, 0.000000000000000000, 1.000000000000000000 ) ) ;
#2026 = ORIENTED_EDGE ( 'NONE', *, *, #862, .F. ) ;
#2027 = VERTEX_POINT ( 'NONE', #3699 ) ;
#2028 = ADVANCED_FACE ( 'NONE', ( #350 ), #2644, .T. ) ;
#2029 = CARTESIAN_POINT ( 'NONE',  ( -7.999999999999972466, 8.000000000000028422, 78.67949192431120764 ) ) ;
#2030 = EDGE_LOOP ( 'NONE', ( #527, #1540, #1104, #4094 ) ) ;
#2031 = PLANE ( 'NONE',  #1188 ) ;
#2032 = VERTEX_POINT ( 'NONE', #2964 ) ;
#2033 = CIRCLE ( 'NONE', #1428, 1.000000000000000888 ) ;
#2034 = CARTESIAN_POINT ( 'NONE',  ( -92.95000000000000284, 153.0000000000000000, 60.50000000000001421 ) ) ;
#2035 = DIRECTION ( 'NONE',  ( 0.000000000000000000, 0.000000000000000000, -1.000000000000000000 ) ) ;
#2036 = AXIS2_PLACEMENT_3D ( 'NONE', #1385, #3212, #4696 ) ;
#2037 = FACE_OUTER_BOUND ( 'NONE', #1944, .T. ) ;
#2038 = EDGE_LOOP ( 'NONE', ( #774, #838, #2408, #4634, #2319, #3878, #2947, #2255, #2235, #1561 ) ) ;
#2039 = DIRECTION ( 'NONE',  ( 0.000000000000000000, 0.000000000000000000, -1.000000000000000000 ) ) ;
#2040 = PLANE ( 'NONE',  #3851 ) ;
#2041 = ORIENTED_EDGE ( 'NONE', *, *, #1893, .F. ) ;
#2042 = EDGE_LOOP ( 'NONE', ( #3251, #2575, #802 ) ) ;
#2043 = VECTOR ( 'NONE', #1538, 1000.000000000000000 ) ;
#2044 = TOROIDAL_SURFACE ( 'NONE', #3141, 9.099999999999994316, 1.000000000000000000 ) ;
#2045 = PLANE ( 'NONE',  #3068 ) ;
#2046 = VECTOR ( 'NONE', #3008, 1000.000000000000000 ) ;
#2047 = FACE_OUTER_BOUND ( 'NONE', #139, .T. ) ;
#2048 = VERTEX_POINT ( 'NONE', #2303 ) ;
#2049 = ORIENTED_EDGE ( 'NONE', *, *, #1642, .T. ) ;
#2050 = DIRECTION ( 'NONE',  ( -0.000000000000000000, 0.000000000000000000, 1.000000000000000000 ) ) ;
#2051 = CARTESIAN_POINT ( 'NONE',  ( -152.0000000000000000, 99.50000000000001421, 31.99999999999999289 ) ) ;
#2052 = ORIENTED_EDGE ( 'NONE', *, *, #4661, .F. ) ;
#2053 = AXIS2_PLACEMENT_3D ( 'NONE', #1416, #3293, #1446 ) ;
#2054 = DIRECTION ( 'NONE',  ( 0.5773502691896292838, 0.5773502691896239547, -0.5773502691896239547 ) ) ;
#2055 = ORIENTED_EDGE ( 'NONE', *, *, #390, .T. ) ;
#2056 = ADVANCED_FACE ( 'NONE', ( #3842 ), #3405, .T. ) ;
#2057 = CARTESIAN_POINT ( 'NONE',  ( 0.000000000000000000, 119.4999999999999858, 42.32691193458121148 ) ) ;
#2058 = DIRECTION ( 'NONE',  ( -1.000000000000000000, 0.000000000000000000, 0.000000000000000000 ) ) ;
#2059 = EDGE_CURVE ( 'NONE', #4250, #2021, #57, .T. ) ;
#2060 = CARTESIAN_POINT ( 'NONE',  ( -22.69812767608817694, 92.95000000000000284, 9.828784258493021397 ) ) ;
#2061 = ORIENTED_EDGE ( 'NONE', *, *, #2620, .F. ) ;
#2062 = DIRECTION ( 'NONE',  ( -1.000000000000000000, 0.000000000000000000, -0.000000000000000000 ) ) ;
#2063 = CARTESIAN_POINT ( 'NONE',  ( -152.0000000000000000, 92.95000000000000284, 60.50000000000001421 ) ) ;
#2064 = FACE_BOUND ( 'NONE', #1836, .T. ) ;
#2065 = ORIENTED_EDGE ( 'NONE', *, *, #214, .T. ) ;
#2066 = CARTESIAN_POINT ( 'NONE',  ( -160.0000000000000284, 143.9999999999999716, 78.67949192431139238 ) ) ;
#2067 = ADVANCED_FACE ( 'NONE', ( #4493 ), #1541, .T. ) ;
#2068 = DIRECTION ( 'NONE',  ( 1.000000000000000000, 0.000000000000000000, 0.000000000000000000 ) ) ;
#2069 = EDGE_LOOP ( 'NONE', ( #1736, #1268, #2848, #4799 ) ) ;
#2070 = EDGE_CURVE ( 'NONE', #1334, #2451, #888, .T. ) ;
#2071 = EDGE_LOOP ( 'NONE', ( #4739, #2665, #3599 ) ) ;
#2072 = PLANE ( 'NONE',  #1896 ) ;
#2073 = LINE ( 'NONE', #2051, #2477 ) ;
#2074 = VERTEX_POINT ( 'NONE', #1224 ) ;
#2075 = EDGE_CURVE ( 'NONE', #3060, #477, #2711, .T. ) ;
#2076 = DIRECTION ( 'NONE',  ( 0.000000000000000000, 0.000000000000000000, -1.000000000000000000 ) ) ;
#2077 = EDGE_CURVE ( 'NONE', #2816, #4159, #1885, .T. ) ;
#2078 = EDGE_LOOP ( 'NONE', ( #2770, #1171, #137, #4054 ) ) ;
#2079 = EDGE_CURVE ( 'NONE', #127, #4586, #864, .T. ) ;
#2080 = CARTESIAN_POINT ( 'NONE',  ( -76.20095596729063914, 87.80500000000002103, 13.00000000000000178 ) ) ;
#2081 = CARTESIAN_POINT ( 'NONE',  ( -73.20095596729065335, 87.80500000000002103, 8.000000000000000000 ) ) ;
#2082 = CARTESIAN_POINT ( 'NONE',  ( -92.95000000000000284, 0.000000000000000000, 60.50000000000001421 ) ) ;
#2083 = ORIENTED_EDGE ( 'NONE', *, *, #2635, .T. ) ;
#2084 = CARTESIAN_POINT ( 'NONE',  ( -151.9999999999999716, 19.32050807568876039, 90.00000000000000000 ) ) ;
#2085 = CARTESIAN_POINT ( 'NONE',  ( -92.95000000000000284, 6.999999999999998224, 60.50000000000001421 ) ) ;
#2086 = CIRCLE ( 'NONE', #4581, 1.062499999999994005 ) ;
#2087 = DIRECTION ( 'NONE',  ( 0.000000000000000000, 0.000000000000000000, 1.000000000000000000 ) ) ;
#2088 = DIRECTION ( 'NONE',  ( -1.000000000000000000, -0.000000000000000000, -0.000000000000000000 ) ) ;
#2089 = EDGE_CURVE ( 'NONE', #372, #1411, #4760, .T. ) ;
#2090 = CARTESIAN_POINT ( 'NONE',  ( -99.26345596729062493, 87.80500000000002103, 13.00000000000000178 ) ) ;
#2091 = ORIENTED_EDGE ( 'NONE', *, *, #3369, .T. ) ;
#2092 = VECTOR ( 'NONE', #2893, 1000.000000000000000 ) ;
#2093 = AXIS2_PLACEMENT_3D ( 'NONE', #1785, #1476, #721 ) ;
#2094 = VERTEX_POINT ( 'NONE', #130 ) ;
#2095 = CARTESIAN_POINT ( 'NONE',  ( -81.32595596729061072, 72.19500000000002160, 8.000000000000000000 ) ) ;
#2096 = DIRECTION ( 'NONE',  ( 1.000000000000000000, 0.000000000000000000, 0.000000000000000000 ) ) ;
#2097 = ORIENTED_EDGE ( 'NONE', *, *, #691, .T. ) ;
#2098 = DIRECTION ( 'NONE',  ( -5.551115123125777969E-15, 1.000000000000000000, 0.000000000000000000 ) ) ;
#2099 = ORIENTED_EDGE ( 'NONE', *, *, #2664, .F. ) ;
#2100 = EDGE_CURVE ( 'NONE', #2270, #1640, #4533, .T. ) ;
#2101 = VERTEX_POINT ( 'NONE', #2667 ) ;
#2102 = DIRECTION ( 'NONE',  ( -0.7071067811865474617, -2.633505035130038311E-33, -0.7071067811865474617 ) ) ;
#2103 = CARTESIAN_POINT ( 'NONE',  ( -10.60660171779822036, 67.04999999999999716, 10.60660171779821859 ) ) ;
#2104 = CARTESIAN_POINT ( 'NONE',  ( -67.04999999999999716, 0.000000000000000000, 60.50000000000000711 ) ) ;
#2105 = CARTESIAN_POINT ( 'NONE',  ( -1.599999999999998535, 123.5499999999999829, 42.82691193458121148 ) ) ;
#2106 = ORIENTED_EDGE ( 'NONE', *, *, #1211, .F. ) ;
#2107 = CIRCLE ( 'NONE', #20, 1.000000000000000888 ) ;
#2108 = CARTESIAN_POINT ( 'NONE',  ( -2.999999999999999112, 3.000000000000000000, 73.67999999999999261 ) ) ;
#2109 = CARTESIAN_POINT ( 'NONE',  ( -11.99999999999999467, 160.0000000000000000, 46.27691193458122143 ) ) ;
#2110 = AXIS2_PLACEMENT_3D ( 'NONE', #441, #1963, #3849 ) ;
#2111 = DIRECTION ( 'NONE',  ( -0.000000000000000000, -0.000000000000000000, -1.000000000000000000 ) ) ;
#2112 = LINE ( 'NONE', #1051, #3003 ) ;
#2113 = EDGE_CURVE ( 'NONE', #855, #2326, #1030, .T. ) ;
#2114 = VECTOR ( 'NONE', #1075, 1000.000000000000000 ) ;
#2115 = AXIS2_PLACEMENT_3D ( 'NONE', #4259, #2705, #2316 ) ;
#2116 = CARTESIAN_POINT ( 'NONE',  ( 0.000000000000000000, 152.0000000000000000, 90.00000000000000000 ) ) ;
#2117 = VERTEX_POINT ( 'NONE', #4563 ) ;
#2118 = VERTEX_POINT ( 'NONE', #3103 ) ;
#2119 = EDGE_CURVE ( 'NONE', #1144, #3697, #3865, .T. ) ;
#2120 = VECTOR ( 'NONE', #4281, 1000.000000000000000 ) ;
#2121 = AXIS2_PLACEMENT_3D ( 'NONE', #1271, #3127, #2763 ) ;
#2122 = CARTESIAN_POINT ( 'NONE',  ( -144.0000000000000000, 155.0000000000000284, 78.68000000000000682 ) ) ;
#2123 = EDGE_LOOP ( 'NONE', ( #4729, #374, #3868, #4279 ) ) ;
#2124 = DIRECTION ( 'NONE',  ( -1.000000000000000000, 0.000000000000000000, -0.000000000000000000 ) ) ;
#2125 = DIRECTION ( 'NONE',  ( 0.000000000000000000, 0.000000000000000000, 1.000000000000000000 ) ) ;
#2126 = AXIS2_PLACEMENT_3D ( 'NONE', #539, #181, #226 ) ;
#2127 = VERTEX_POINT ( 'NONE', #4582 ) ;
#2128 = DIRECTION ( 'NONE',  ( -0.000000000000000000, 0.000000000000000000, -1.000000000000000000 ) ) ;
#2129 = CARTESIAN_POINT ( 'NONE',  ( -152.0000000000000000, 96.50000000000000000, 45.00000000000000711 ) ) ;
#2130 = EDGE_CURVE ( 'NONE', #2473, #1479, #2277, .T. ) ;
#2131 = VECTOR ( 'NONE', #3325, 1000.000000000000000 ) ;
#2132 = FACE_OUTER_BOUND ( 'NONE', #826, .T. ) ;
#2133 = LINE ( 'NONE', #2826, #416 ) ;
#2134 = VERTEX_POINT ( 'NONE', #2341 ) ;
#2135 = CARTESIAN_POINT ( 'NONE',  ( -159.9999999999999716, 15.99999999999996625, 78.67949192431123606 ) ) ;
#2136 = DIRECTION ( 'NONE',  ( 0.000000000000000000, 0.000000000000000000, -1.000000000000000000 ) ) ;
#2137 = CARTESIAN_POINT ( 'NONE',  ( -152.0000000000000000, 92.95000000000000284, 52.40000000000001990 ) ) ;
#2138 = CARTESIAN_POINT ( 'NONE',  ( -152.0000000000000000, 92.95000000000000284, 69.59999999999999432 ) ) ;
#2139 = PLANE ( 'NONE',  #4086 ) ;
#2140 = ORIENTED_EDGE ( 'NONE', *, *, #1223, .F. ) ;
#2141 = EDGE_CURVE ( 'NONE', #750, #2749, #2737, .T. ) ;
#2142 = ORIENTED_EDGE ( 'NONE', *, *, #3824, .T. ) ;
#2143 = PLANE ( 'NONE',  #230 ) ;
#2144 = EDGE_CURVE ( 'NONE', #944, #4272, #4291, .T. ) ;
#2145 = DIRECTION ( 'NONE',  ( -0.000000000000000000, 1.000000000000000000, -0.000000000000000000 ) ) ;
#2146 = DIRECTION ( 'NONE',  ( -2.168404344971008868E-17, -1.000000000000000000, 0.000000000000000000 ) ) ;
#2147 = DIRECTION ( 'NONE',  ( 0.000000000000000000, 0.000000000000000000, 1.000000000000000000 ) ) ;
#2148 = VECTOR ( 'NONE', #3938, 1000.000000000000000 ) ;
#2149 = CARTESIAN_POINT ( 'NONE',  ( -160.0000000000000000, 0.000000000000000000, 90.00000000000000000 ) ) ;
#2150 = ORIENTED_EDGE ( 'NONE', *, *, #1215, .F. ) ;
#2151 = DIRECTION ( 'NONE',  ( 0.000000000000000000, 0.000000000000000000, 1.000000000000000000 ) ) ;
#2152 = EDGE_CURVE ( 'NONE', #3475, #1299, #1420, .T. ) ;
#2153 = EDGE_LOOP ( 'NONE', ( #124, #232, #2140, #380 ) ) ;
#2154 = LINE ( 'NONE', #3562, #913 ) ;
#2155 = DIRECTION ( 'NONE',  ( 1.000000000000000000, 1.224646799147353207E-16, 0.000000000000000000 ) ) ;
#2156 = LINE ( 'NONE', #240, #807 ) ;
#2157 = ORIENTED_EDGE ( 'NONE', *, *, #4469, .F. ) ;
#2158 = DIRECTION ( 'NONE',  ( 0.000000000000000000, 0.000000000000000000, 1.000000000000000000 ) ) ;
#2159 = DIRECTION ( 'NONE',  ( 0.000000000000000000, 0.000000000000000000, -1.000000000000000000 ) ) ;
#2160 = FACE_BOUND ( 'NONE', #3351, .T. ) ;
#2161 = DIRECTION ( 'NONE',  ( 0.000000000000000000, 0.000000000000000000, 1.000000000000000000 ) ) ;
#2162 = CYLINDRICAL_SURFACE ( 'NONE', #2302, 4.062499999999983125 ) ;
#2163 = ORIENTED_EDGE ( 'NONE', *, *, #4236, .T. ) ;
#2164 = EDGE_CURVE ( 'NONE', #2749, #821, #4604, .T. ) ;
#2165 = ORIENTED_EDGE ( 'NONE', *, *, #4589, .T. ) ;
#2166 = CARTESIAN_POINT ( 'NONE',  ( -67.04999999999999716, 8.000000000000000000, 60.50000000000000711 ) ) ;
#2167 = AXIS2_PLACEMENT_3D ( 'NONE', #1903, #4823, #25 ) ;
#2168 = FACE_OUTER_BOUND ( 'NONE', #2071, .T. ) ;
#2169 = VECTOR ( 'NONE', #3677, 1000.000000000000000 ) ;
#2170 = LINE ( 'NONE', #4372, #3311 ) ;
#2171 = LINE ( 'NONE', #717, #2264 ) ;
#2172 = AXIS2_PLACEMENT_3D ( 'NONE', #3062, #2345, #4184 ) ;
#2173 = DIRECTION ( 'NONE',  ( -0.000000000000000000, -0.000000000000000000, 1.000000000000000000 ) ) ;
#2174 = ORIENTED_EDGE ( 'NONE', *, *, #3515, .F. ) ;
#2175 = CYLINDRICAL_SURFACE ( 'NONE', #417, 1.500000000000001332 ) ;
#2176 = ORIENTED_EDGE ( 'NONE', *, *, #1068, .F. ) ;
#2177 = COORDINATED_UNIVERSAL_TIME_OFFSET ( 1, 0, .AHEAD. ) ;
#2178 = CARTESIAN_POINT ( 'NONE',  ( 0.000000000000000000, 0.000000000000000000, 90.00000000000000000 ) ) ;
#2179 = LINE ( 'NONE', #1118, #538 ) ;
#2180 = ORIENTED_EDGE ( 'NONE', *, *, #2475, .T. ) ;
#2181 = PLANE ( 'NONE',  #3692 ) ;
#2182 = CARTESIAN_POINT ( 'NONE',  ( -152.0000000000000000, 96.50000000000000000, 31.99999999999999289 ) ) ;
#2183 = DIRECTION ( 'NONE',  ( 0.7071067811865475727, -0.000000000000000000, -0.7071067811865474617 ) ) ;
#2184 = VECTOR ( 'NONE', #1130, 1000.000000000000000 ) ;
#2185 = CARTESIAN_POINT ( 'NONE',  ( -24.52691193458120367, 110.9999999999999858, 56.02691193458122143 ) ) ;
#2186 = VERTEX_POINT ( 'NONE', #4540 ) ;
#2187 = ORIENTED_EDGE ( 'NONE', *, *, #403, .F. ) ;
#2188 = AXIS2_PLACEMENT_3D ( 'NONE', #3820, #1591, #1882 ) ;
#2189 = ORIENTED_EDGE ( 'NONE', *, *, #2002, .F. ) ;
#2190 = DIRECTION ( 'NONE',  ( -1.000000000000000000, 0.000000000000000000, -0.000000000000000000 ) ) ;
#2191 = AXIS2_PLACEMENT_3D ( 'NONE', #239, #1409, #218 ) ;
#2192 = CARTESIAN_POINT ( 'NONE',  ( -1.599999999999998535, 115.4499999999999886, 42.82691193458121148 ) ) ;
#2193 = CARTESIAN_POINT ( 'NONE',  ( -7.999999999999996447, 152.0000000000000000, 78.67949192431125027 ) ) ;
#2194 = VECTOR ( 'NONE', #4031, 1000.000000000000000 ) ;
#2195 = ORIENTED_EDGE ( 'NONE', *, *, #2070, .T. ) ;
#2196 = VECTOR ( 'NONE', #598, 1000.000000000000000 ) ;
#2197 = AXIS2_PLACEMENT_3D ( 'NONE', #1879, #764, #3375 ) ;
#2198 = VECTOR ( 'NONE', #3841, 1000.000000000000000 ) ;
#2199 = CARTESIAN_POINT ( 'NONE',  ( -152.0000000000000000, 102.5000000000000142, 48.00000000000000000 ) ) ;
#2200 = ORIENTED_EDGE ( 'NONE', *, *, #582, .F. ) ;
#2201 = LINE ( 'NONE', #3338, #179 ) ;
#2202 = ORIENTED_EDGE ( 'NONE', *, *, #2089, .F. ) ;
#2203 = FACE_BOUND ( 'NONE', #2357, .T. ) ;
#2204 = CC_DESIGN_PERSON_AND_ORGANIZATION_ASSIGNMENT ( #3090, #874, ( #3873 ) ) ;
#2205 = CARTESIAN_POINT ( 'NONE',  ( -152.0000000000000000, 160.0000000000000000, 75.67999999999999261 ) ) ;
#2206 = EDGE_CURVE ( 'NONE', #2346, #2383, #2323, .T. ) ;
#2207 = ORIENTED_EDGE ( 'NONE', *, *, #292, .T. ) ;
#2208 = AXIS2_PLACEMENT_3D ( 'NONE', #2837, #2932, #4390 ) ;
#2209 = DIRECTION ( 'NONE',  ( 0.000000000000000000, -1.000000000000000000, 0.000000000000000000 ) ) ;
#2210 = FACE_OUTER_BOUND ( 'NONE', #1113, .T. ) ;
#2211 = ADVANCED_FACE ( 'NONE', ( #652 ), #2901, .T. ) ;
#2212 = CARTESIAN_POINT ( 'NONE',  ( -92.95000000000000284, 0.000000000000000000, 60.50000000000001421 ) ) ;
#2213 = VERTEX_POINT ( 'NONE', #1440 ) ;
#2214 = FACE_OUTER_BOUND ( 'NONE', #938, .T. ) ;
#2215 = ORIENTED_EDGE ( 'NONE', *, *, #4798, .T. ) ;
#2216 = ORIENTED_EDGE ( 'NONE', *, *, #4048, .F. ) ;
#2217 = ORIENTED_EDGE ( 'NONE', *, *, #4798, .F. ) ;
#2218 = EDGE_CURVE ( 'NONE', #911, #345, #4305, .T. ) ;
#2219 = DIRECTION ( 'NONE',  ( 0.000000000000000000, -0.7071067811865474617, 0.7071067811865474617 ) ) ;
#2220 = CARTESIAN_POINT ( 'NONE',  ( 0.000000000000000000, 0.000000000000000000, 78.68000000000000682 ) ) ;
#2221 = DIRECTION ( 'NONE',  ( -1.000000000000000000, 0.000000000000000000, 0.000000000000000000 ) ) ;
#2222 = CARTESIAN_POINT ( 'NONE',  ( -4.999999999999998224, 123.5499999999999829, 34.72691193458121717 ) ) ;
#2223 = EDGE_LOOP ( 'NONE', ( #2898, #3205, #3253, #318 ) ) ;
#2224 = CC_DESIGN_APPROVAL ( #2501, ( #2779 ) ) ;
#2225 = FACE_BOUND ( 'NONE', #1550, .T. ) ;
#2226 = EDGE_CURVE ( 'NONE', #2213, #104, #2903, .T. ) ;
#2227 = EDGE_CURVE ( 'NONE', #536, #2393, #2417, .T. ) ;
#2228 = ORIENTED_EDGE ( 'NONE', *, *, #446, .F. ) ;
#2229 = CARTESIAN_POINT ( 'NONE',  ( 0.000000000000000000, 0.000000000000000000, 78.68000000000000682 ) ) ;
#2230 = EDGE_LOOP ( 'NONE', ( #1586, #1775, #4560, #3979 ) ) ;
#2231 = AXIS2_PLACEMENT_3D ( 'NONE', #2727, #3854, #580 ) ;
#2232 = ADVANCED_FACE ( 'NONE', ( #3967 ), #2669, .T. ) ;
#2233 = DIRECTION ( 'NONE',  ( -0.000000000000000000, -0.000000000000000000, -1.000000000000000000 ) ) ;
#2234 = PLANE ( 'NONE',  #1861 ) ;
#2235 = ORIENTED_EDGE ( 'NONE', *, *, #4668, .F. ) ;
#2236 = DIRECTION ( 'NONE',  ( -0.5773502691896256200, -0.5773502691896253980, 0.5773502691896263972 ) ) ;
#2237 = DIRECTION ( 'NONE',  ( -0.7071067811865475727, 0.000000000000000000, -0.7071067811865474617 ) ) ;
#2238 = CARTESIAN_POINT ( 'NONE',  ( -2.999999999999999112, -3.673940397442057403E-16, 78.68000000000000682 ) ) ;
#2239 = EDGE_LOOP ( 'NONE', ( #936, #1872, #4811, #3713 ) ) ;
#2240 = CARTESIAN_POINT ( 'NONE',  ( -99.26345596729062493, 87.80500000000002103, 13.00000000000000178 ) ) ;
#2241 = VERTEX_POINT ( 'NONE', #1045 ) ;
#2242 = VERTEX_POINT ( 'NONE', #601 ) ;
#2243 = EDGE_CURVE ( 'NONE', #2048, #4250, #2133, .T. ) ;
#2244 = EDGE_CURVE ( 'NONE', #1220, #2134, #4683, .T. ) ;
#2245 = AXIS2_PLACEMENT_3D ( 'NONE', #3347, #1389, #2552 ) ;
#2246 = DIRECTION ( 'NONE',  ( -1.000000000000000000, 0.000000000000000000, 0.000000000000000000 ) ) ;
#2247 = DIRECTION ( 'NONE',  ( 1.000000000000000000, -0.000000000000000000, -0.000000000000000000 ) ) ;
#2248 = DIRECTION ( 'NONE',  ( 0.000000000000000000, 0.000000000000000000, -1.000000000000000000 ) ) ;
#2249 = FACE_OUTER_BOUND ( 'NONE', #2936, .T. ) ;
#2250 = AXIS2_PLACEMENT_3D ( 'NONE', #1707, #2842, #2486 ) ;
#2251 = ORIENTED_EDGE ( 'NONE', *, *, #1013, .F. ) ;
#2252 = CIRCLE ( 'NONE', #3115, 1.500000000000001332 ) ;
#2253 = VECTOR ( 'NONE', #3168, 1000.000000000000000 ) ;
#2254 = DIRECTION ( 'NONE',  ( -0.000000000000000000, -1.000000000000000000, -0.000000000000000000 ) ) ;
#2255 = ORIENTED_EDGE ( 'NONE', *, *, #1235, .T. ) ;
#2256 = DIRECTION ( 'NONE',  ( 0.000000000000000000, 1.000000000000000000, 0.000000000000000000 ) ) ;
#2257 = ORIENTED_EDGE ( 'NONE', *, *, #4097, .F. ) ;
#2258 = DIRECTION ( 'NONE',  ( 0.000000000000000000, 0.000000000000000000, 1.000000000000000000 ) ) ;
#2259 = AXIS2_PLACEMENT_3D ( 'NONE', #3036, #2358, #3016 ) ;
#2260 = CARTESIAN_POINT ( 'NONE',  ( -77.26345596729062493, 87.80500000000002103, 8.000000000000000000 ) ) ;
#2261 = AXIS2_PLACEMENT_3D ( 'NONE', #2149, #2997, #1567 ) ;
#2262 = EDGE_CURVE ( 'NONE', #4577, #4415, #324, .T. ) ;
#2263 = FACE_OUTER_BOUND ( 'NONE', #4311, .T. ) ;
#2264 = VECTOR ( 'NONE', #3725, 1000.000000000000000 ) ;
#2265 = ORIENTED_EDGE ( 'NONE', *, *, #4005, .F. ) ;
#2266 = CARTESIAN_POINT ( 'NONE',  ( -4.999999999999998224, 115.4499999999999886, 42.82691193458121148 ) ) ;
#2267 = DIRECTION ( 'NONE',  ( 0.000000000000000000, 0.000000000000000000, 1.000000000000000000 ) ) ;
#2268 = EDGE_LOOP ( 'NONE', ( #1993, #4550 ) ) ;
#2269 = DIRECTION ( 'NONE',  ( 0.000000000000000000, 0.000000000000000000, 1.000000000000000000 ) ) ;
#2270 = VERTEX_POINT ( 'NONE', #286 ) ;
#2271 = ORIENTED_EDGE ( 'NONE', *, *, #2946, .F. ) ;
#2272 = EDGE_CURVE ( 'NONE', #857, #2983, #2156, .T. ) ;
#2273 = CARTESIAN_POINT ( 'NONE',  ( -7.999999999999998224, 67.04999999999999716, 60.50000000000000711 ) ) ;
#2274 = CIRCLE ( 'NONE', #1662, 9.099999999999994316 ) ;
#2275 = CYLINDRICAL_SURFACE ( 'NONE', #1633, 4.062499999999983125 ) ;
#2276 = DIRECTION ( 'NONE',  ( 0.000000000000000000, 0.000000000000000000, -1.000000000000000000 ) ) ;
#2277 = CIRCLE ( 'NONE', #1802, 8.099999999999988987 ) ;
#2278 = DIRECTION ( 'NONE',  ( 0.000000000000000000, 0.000000000000000000, 1.000000000000000000 ) ) ;
#2279 = ADVANCED_FACE ( 'NONE', ( #1718 ), #1071, .F. ) ;
#2280 = ORIENTED_EDGE ( 'NONE', *, *, #3768, .F. ) ;
#2281 = CARTESIAN_POINT ( 'NONE',  ( -3.999999999999999112, 54.87500000000000000, 90.00000000000000000 ) ) ;
#2282 = VERTEX_POINT ( 'NONE', #3239 ) ;
#2283 = CARTESIAN_POINT ( 'NONE',  ( -149.0000000000000000, 99.50000000000000000, 32.00000000000000000 ) ) ;
#2284 = AXIS2_PLACEMENT_3D ( 'NONE', #2085, #1795, #243 ) ;
#2285 = AXIS2_PLACEMENT_3D ( 'NONE', #2260, #2288, #2950 ) ;
#2286 = ORIENTED_EDGE ( 'NONE', *, *, #1760, .T. ) ;
#2287 = DATE_AND_TIME ( #1139, #757 ) ;
#2288 = DIRECTION ( 'NONE',  ( -0.000000000000000000, -0.000000000000000000, 1.000000000000000000 ) ) ;
#2289 = VECTOR ( 'NONE', #4120, 1000.000000000000000 ) ;
#2290 = FACE_BOUND ( 'NONE', #6, .T. ) ;
#2291 = EDGE_CURVE ( 'NONE', #1608, #1526, #4721, .T. ) ;
#2292 = ADVANCED_FACE ( 'NONE', ( #2852 ), #311, .F. ) ;
#2293 = CARTESIAN_POINT ( 'NONE',  ( -144.0000000000000284, 160.0000000000000284, 78.68000000000000682 ) ) ;
#2294 = DIRECTION ( 'NONE',  ( -1.000000000000000000, -1.224646799147353207E-16, -0.000000000000000000 ) ) ;
#2295 = VECTOR ( 'NONE', #1734, 1000.000000000000000 ) ;
#2296 = ORIENTED_EDGE ( 'NONE', *, *, #1347, .F. ) ;
#2297 = ADVANCED_FACE ( 'NONE', ( #991 ), #518, .F. ) ;
#2298 = DIRECTION ( 'NONE',  ( -1.000000000000000000, 0.000000000000000000, 0.000000000000000000 ) ) ;
#2299 = VERTEX_POINT ( 'NONE', #4356 ) ;
#2300 = ORIENTED_EDGE ( 'NONE', *, *, #4391, .F. ) ;
#2301 = ADVANCED_FACE ( 'NONE', ( #2498 ), #3497, .T. ) ;
#2302 = AXIS2_PLACEMENT_3D ( 'NONE', #2090, #2457, #3947 ) ;
#2303 = CARTESIAN_POINT ( 'NONE',  ( -11.99999999999999289, 160.0000000000000000, 31.27691193458122143 ) ) ;
#2304 = CARTESIAN_POINT ( 'NONE',  ( -77.26345596729062493, 72.19500000000002160, 13.00000000000000178 ) ) ;
#2305 = EDGE_CURVE ( 'NONE', #3611, #789, #486, .T. ) ;
#2306 = CARTESIAN_POINT ( 'NONE',  ( -24.52691193458120367, 106.4999999999999858, 8.000000000000005329 ) ) ;
#2307 = ORIENTED_EDGE ( 'NONE', *, *, #4005, .T. ) ;
#2308 = CARTESIAN_POINT ( 'NONE',  ( -16.00000000000000355, 160.0000000000000284, 78.67949192431123606 ) ) ;
#2309 = VERTEX_POINT ( 'NONE', #2978 ) ;
#2310 = LINE ( 'NONE', #4186, #3137 ) ;
#2311 = ORIENTED_EDGE ( 'NONE', *, *, #332, .T. ) ;
#2312 = DIRECTION ( 'NONE',  ( 0.000000000000000000, -1.000000000000000000, 0.000000000000000000 ) ) ;
#2313 = CARTESIAN_POINT ( 'NONE',  ( -22.00000000000000000, 160.0000000000000000, 46.27691193458122143 ) ) ;
#2314 = EDGE_CURVE ( 'NONE', #737, #3592, #2107, .T. ) ;
#2315 = CARTESIAN_POINT ( 'NONE',  ( -103.3259559672906107, 72.19500000000002160, 13.00000000000000178 ) ) ;
#2316 = DIRECTION ( 'NONE',  ( 8.673617379884028076E-17, -1.000000000000000000, 0.000000000000000000 ) ) ;
#2317 = ORIENTED_EDGE ( 'NONE', *, *, #3128, .F. ) ;
#2318 = DIRECTION ( 'NONE',  ( -1.000000000000000000, -0.000000000000000000, -0.000000000000000000 ) ) ;
#2319 = ORIENTED_EDGE ( 'NONE', *, *, #1351, .T. ) ;
#2320 = ORIENTED_EDGE ( 'NONE', *, *, #999, .F. ) ;
#2321 = EDGE_CURVE ( 'NONE', #2241, #1793, #2179, .T. ) ;
#2322 = ADVANCED_FACE ( 'NONE', ( #2263 ), #4273, .T. ) ;
#2323 = LINE ( 'NONE', #4018, #952 ) ;
#2324 = FACE_OUTER_BOUND ( 'NONE', #2030, .T. ) ;
#2325 = LINE ( 'NONE', #1593, #2399 ) ;
#2326 = VERTEX_POINT ( 'NONE', #779 ) ;
#2327 = CARTESIAN_POINT ( 'NONE',  ( -67.04999999999999716, 6.999999999999998224, 60.50000000000000711 ) ) ;
#2328 = ORIENTED_EDGE ( 'NONE', *, *, #4168, .F. ) ;
#2329 = LINE ( 'NONE', #1529, #4073 ) ;
#2330 = CIRCLE ( 'NONE', #75, 1.062499999999994005 ) ;
#2331 = ORIENTED_EDGE ( 'NONE', *, *, #1286, .T. ) ;
#2332 = CARTESIAN_POINT ( 'NONE',  ( -10.53589103967956930, 92.95000000000000284, 21.99102089490163081 ) ) ;
#2333 = CARTESIAN_POINT ( 'NONE',  ( -152.0000000000000000, 54.19000000000000483, 34.53999999999999915 ) ) ;
#2334 = AXIS2_PLACEMENT_3D ( 'NONE', #3936, #169, #1284 ) ;
#2335 = LINE ( 'NONE', #3073, #615 ) ;
#2336 = ORIENTED_EDGE ( 'NONE', *, *, #4534, .F. ) ;
#2337 = DIRECTION ( 'NONE',  ( -0.000000000000000000, 1.000000000000000000, -0.000000000000000000 ) ) ;
#2338 = ORIENTED_EDGE ( 'NONE', *, *, #2314, .T. ) ;
#2339 = ORIENTED_EDGE ( 'NONE', *, *, #78, .F. ) ;
#2340 = CARTESIAN_POINT ( 'NONE',  ( -99.26345596729062493, 87.80500000000002103, 8.000000000000000000 ) ) ;
#2341 = CARTESIAN_POINT ( 'NONE',  ( -92.95000000000000284, 0.000000000000000000, 68.60000000000000853 ) ) ;
#2342 = DIRECTION ( 'NONE',  ( -0.000000000000000000, -0.000000000000000000, -1.000000000000000000 ) ) ;
#2343 = CARTESIAN_POINT ( 'NONE',  ( -3.999999999999999112, 54.87500000000000000, 90.00000000000000000 ) ) ;
#2344 = ORIENTED_EDGE ( 'NONE', *, *, #4819, .T. ) ;
#2345 = DIRECTION ( 'NONE',  ( -0.000000000000000000, 1.000000000000000000, -0.000000000000000000 ) ) ;
#2346 = VERTEX_POINT ( 'NONE', #4118 ) ;
#2347 = DIRECTION ( 'NONE',  ( 1.224646799147353207E-16, -1.000000000000000000, 0.000000000000000000 ) ) ;
#2348 = ORIENTED_EDGE ( 'NONE', *, *, #1286, .F. ) ;
#2349 = LINE ( 'NONE', #1945, #1505 ) ;
#2350 = AXIS2_PLACEMENT_3D ( 'NONE', #3341, #2573, #1164 ) ;
#2351 = DIRECTION ( 'NONE',  ( 1.000000000000000000, 0.000000000000000000, 0.000000000000000000 ) ) ;
#2352 = ADVANCED_FACE ( 'NONE', ( #3791 ), #3343, .T. ) ;
#2353 = DIRECTION ( 'NONE',  ( -0.7071067811865471286, 0.7071067811865479058, 2.392198148880863286E-16 ) ) ;
#2354 = AXIS2_PLACEMENT_3D ( 'NONE', #1150, #1559, #790 ) ;
#2355 = TOROIDAL_SURFACE ( 'NONE', #3852, 9.099999999999994316, 1.000000000000000000 ) ;
#2356 = ADVANCED_FACE ( 'NONE', ( #3765 ), #1533, .T. ) ;
#2357 = EDGE_LOOP ( 'NONE', ( #2176, #1448 ) ) ;
#2358 = DIRECTION ( 'NONE',  ( -0.000000000000000000, -0.000000000000000000, 1.000000000000000000 ) ) ;
#2359 = DIRECTION ( 'NONE',  ( -1.000000000000000000, -0.000000000000000000, -0.000000000000000000 ) ) ;
#2360 = EDGE_CURVE ( 'NONE', #1962, #2299, #731, .T. ) ;
#2361 = ORIENTED_EDGE ( 'NONE', *, *, #2360, .F. ) ;
#2362 = EDGE_LOOP ( 'NONE', ( #199, #4459, #4679, #4084 ) ) ;
#2363 = LINE ( 'NONE', #492, #1192 ) ;
#2364 = CIRCLE ( 'NONE', #4314, 8.099999999999996092 ) ;
#2365 = CARTESIAN_POINT ( 'NONE',  ( -11.99999999999999467, 178.0277563773199461, 46.27691193458122143 ) ) ;
#2366 = DIRECTION ( 'NONE',  ( 0.000000000000000000, 0.000000000000000000, 1.000000000000000000 ) ) ;
#2367 = DIRECTION ( 'NONE',  ( 0.000000000000000000, 0.000000000000000000, 1.000000000000000000 ) ) ;
#2368 = AXIS2_PLACEMENT_3D ( 'NONE', #1000, #2481, #4100 ) ;
#2369 = VERTEX_POINT ( 'NONE', #2951 ) ;
#2370 = CARTESIAN_POINT ( 'NONE',  ( -3.999999999999999112, 54.87500000000000000, 90.00000000000000000 ) ) ;
#2371 = ORIENTED_EDGE ( 'NONE', *, *, #3317, .T. ) ;
#2372 = DIRECTION ( 'NONE',  ( 0.000000000000000000, 0.000000000000000000, 1.000000000000000000 ) ) ;
#2373 = ORIENTED_EDGE ( 'NONE', *, *, #3457, .T. ) ;
#2374 = CALENDAR_DATE ( 2026, 1, 7 ) ;
#2375 = ADVANCED_FACE ( 'NONE', ( #4791 ), #4429, .T. ) ;
#2376 = ADVANCED_FACE ( 'NONE', ( #1185, #4816 ), #1901, .T. ) ;
#2377 = CARTESIAN_POINT ( 'NONE',  ( -1.599999999999998535, 123.5499999999999829, 34.72691193458121717 ) ) ;
#2378 = DIRECTION ( 'NONE',  ( 0.000000000000000000, -1.000000000000000000, 0.000000000000000000 ) ) ;
#2379 = VERTEX_POINT ( 'NONE', #4143 ) ;
#2380 = LINE ( 'NONE', #3519, #1180 ) ;
#2381 = DIRECTION ( 'NONE',  ( -0.000000000000000000, 1.000000000000000000, -0.000000000000000000 ) ) ;
#2382 = LINE ( 'NONE', #3901, #3959 ) ;
#2383 = VERTEX_POINT ( 'NONE', #1820 ) ;
#2384 = VECTOR ( 'NONE', #3630, 1000.000000000000000 ) ;
#2385 = DIRECTION ( 'NONE',  ( 0.000000000000000000, 0.000000000000000000, -1.000000000000000000 ) ) ;
#2386 = DIRECTION ( 'NONE',  ( 1.000000000000000000, 0.000000000000000000, 0.000000000000000000 ) ) ;
#2387 = VERTEX_POINT ( 'NONE', #3397 ) ;
#2388 = ADVANCED_FACE ( 'NONE', ( #809 ), #1871, .F. ) ;
#2389 = ORIENTED_EDGE ( 'NONE', *, *, #4668, .T. ) ;
#2390 = CARTESIAN_POINT ( 'NONE',  ( 0.000000000000000000, 0.000000000000000000, 0.000000000000000000 ) ) ;
#2391 = ORIENTED_EDGE ( 'NONE', *, *, #1165, .T. ) ;
#2392 = PLANE ( 'NONE',  #3458 ) ;
#2393 = VERTEX_POINT ( 'NONE', #71 ) ;
#2394 = DIRECTION ( 'NONE',  ( 1.000000000000000000, -0.000000000000000000, -0.000000000000000000 ) ) ;
#2395 = CARTESIAN_POINT ( 'NONE',  ( -76.20095596729063914, 87.80500000000002103, 8.000000000000000000 ) ) ;
#2396 = DIRECTION ( 'NONE',  ( -0.7071067811865475727, 0.000000000000000000, -0.7071067811865474617 ) ) ;
#2397 = ADVANCED_FACE ( 'NONE', ( #1484 ), #2234, .F. ) ;
#2398 = AXIS2_PLACEMENT_3D ( 'NONE', #3348, #3009, #1876 ) ;
#2399 = VECTOR ( 'NONE', #843, 1000.000000000000000 ) ;
#2400 = ORIENTED_EDGE ( 'NONE', *, *, #3555, .F. ) ;
#2401 = CARTESIAN_POINT ( 'NONE',  ( -144.0000000000000284, 0.000000000000000000, 78.68000000000000682 ) ) ;
#2402 = LINE ( 'NONE', #947, #4460 ) ;
#2403 = DIRECTION ( 'NONE',  ( 1.000000000000000000, 0.000000000000000000, 0.000000000000000000 ) ) ;
#2404 = EDGE_LOOP ( 'NONE', ( #3393, #4464 ) ) ;
#2405 = DIRECTION ( 'NONE',  ( 1.000000000000000000, 0.000000000000000000, -0.000000000000000000 ) ) ;
#2406 = FACE_OUTER_BOUND ( 'NONE', #2018, .T. ) ;
#2407 = ORIENTED_EDGE ( 'NONE', *, *, #4306, .T. ) ;
#2408 = ORIENTED_EDGE ( 'NONE', *, *, #3960, .F. ) ;
#2409 = DIRECTION ( 'NONE',  ( 0.000000000000000000, -1.000000000000000000, 0.000000000000000000 ) ) ;
#2410 = ORIENTED_EDGE ( 'NONE', *, *, #4813, .F. ) ;
#2411 = CARTESIAN_POINT ( 'NONE',  ( -157.0000000000000000, 157.0000000000000000, 73.67999999999999261 ) ) ;
#2412 = ADVANCED_FACE ( 'NONE', ( #4452, #699, #2290, #2604 ), #1924, .F. ) ;
#2413 = ORIENTED_EDGE ( 'NONE', *, *, #47, .F. ) ;
#2414 = AXIS2_PLACEMENT_3D ( 'NONE', #2991, #2247, #881 ) ;
#2415 = DIRECTION ( 'NONE',  ( 0.000000000000000000, 0.000000000000000000, -1.000000000000000000 ) ) ;
#2416 = CARTESIAN_POINT ( 'NONE',  ( -149.0000000000000000, 99.50000000000000000, 45.00000000000000711 ) ) ;
#2417 = CIRCLE ( 'NONE', #3451, 8.099999999999988987 ) ;
#2418 = FACE_OUTER_BOUND ( 'NONE', #799, .T. ) ;
#2419 = EDGE_CURVE ( 'NONE', #1595, #640, #3005, .T. ) ;
#2420 = PERSON ( 'UNSPECIFIED', 'UNSPECIFIED', 'UNSPECIFIED', ('UNSPECIFIED'), ('UNSPECIFIED'), ('UNSPECIFIED') ) ;
#2421 = AXIS2_PLACEMENT_3D ( 'NONE', #1508, #2602, #3680 ) ;
#2422 = EDGE_CURVE ( 'NONE', #1920, #3575, #4167, .T. ) ;
#2423 = ORIENTED_EDGE ( 'NONE', *, *, #295, .T. ) ;
#2424 = DIRECTION ( 'NONE',  ( 0.000000000000000000, -1.000000000000000000, 0.000000000000000000 ) ) ;
#2425 = CARTESIAN_POINT ( 'NONE',  ( 10.04091629284897813, 119.4999999999999858, 42.32691193458121148 ) ) ;
#2426 = FACE_OUTER_BOUND ( 'NONE', #2700, .T. ) ;
#2427 = ORIENTED_EDGE ( 'NONE', *, *, #4663, .F. ) ;
#2428 = AXIS2_PLACEMENT_3D ( 'NONE', #549, #1017, #4301 ) ;
#2429 = VECTOR ( 'NONE', #1995, 1000.000000000000000 ) ;
#2430 = AXIS2_PLACEMENT_3D ( 'NONE', #2841, #875, #3439 ) ;
#2431 = CARTESIAN_POINT ( 'NONE',  ( -6.999999999999998224, 67.04999999999999716, 60.50000000000000711 ) ) ;
#2432 = EDGE_CURVE ( 'NONE', #4250, #3113, #464, .T. ) ;
#2433 = ADVANCED_FACE ( 'NONE', ( #3739 ), #421, .T. ) ;
#2434 = AXIS2_PLACEMENT_3D ( 'NONE', #49, #1169, #733 ) ;
#2435 = CARTESIAN_POINT ( 'NONE',  ( 0.000000000000000000, 7.999999999999998224, 90.00000000000000000 ) ) ;
#2436 = ADVANCED_FACE ( 'NONE', ( #2634 ), #448, .F. ) ;
#2437 = EDGE_LOOP ( 'NONE', ( #3158, #449, #4052, #45 ) ) ;
#2438 = ORIENTED_EDGE ( 'NONE', *, *, #2608, .F. ) ;
#2439 = CARTESIAN_POINT ( 'NONE',  ( -132.6794919243112076, 0.000000000000000000, 90.00000000000000000 ) ) ;
#2440 = DIRECTION ( 'NONE',  ( 0.000000000000000000, 0.000000000000000000, 1.000000000000000000 ) ) ;
#2441 = EDGE_CURVE ( 'NONE', #4633, #3060, #1170, .T. ) ;
#2442 = ORIENTED_EDGE ( 'NONE', *, *, #3233, .T. ) ;
#2443 = CIRCLE ( 'NONE', #3224, 8.099999999999990763 ) ;
#2444 = CARTESIAN_POINT ( 'NONE',  ( -8.000000000000000000, 92.95000000000000284, 60.50000000000001421 ) ) ;
#2445 = ORIENTED_EDGE ( 'NONE', *, *, #91, .F. ) ;
#2446 = LINE ( 'NONE', #2467, #3691 ) ;
#2447 = CARTESIAN_POINT ( 'NONE',  ( -92.95000000000000284, 8.000000000000000000, 60.50000000000001421 ) ) ;
#2448 = CARTESIAN_POINT ( 'NONE',  ( -21.99102089490162726, 92.95000000000000284, 9.121677477306473492 ) ) ;
#2449 = EDGE_CURVE ( 'NONE', #3475, #4497, #1778, .T. ) ;
#2450 = CARTESIAN_POINT ( 'NONE',  ( -22.00000000000000000, 178.0277563773199461, 46.27691193458122143 ) ) ;
#2451 = VERTEX_POINT ( 'NONE', #4795 ) ;
#2452 = DIRECTION ( 'NONE',  ( 0.000000000000000000, 0.000000000000000000, -1.000000000000000000 ) ) ;
#2453 = DIRECTION ( 'NONE',  ( -0.000000000000000000, 0.000000000000000000, -1.000000000000000000 ) ) ;
#2454 = DIRECTION ( 'NONE',  ( 1.000000000000000000, 0.000000000000000000, -0.000000000000000000 ) ) ;
#2455 = VERTEX_POINT ( 'NONE', #2659 ) ;
#2456 = CYLINDRICAL_SURFACE ( 'NONE', #2520, 8.099999999999994316 ) ;
#2457 = DIRECTION ( 'NONE',  ( -0.000000000000000000, -0.000000000000000000, -1.000000000000000000 ) ) ;
#2458 = ORIENTED_EDGE ( 'NONE', *, *, #1873, .T. ) ;
#2459 = ORIENTED_EDGE ( 'NONE', *, *, #2799, .F. ) ;
#2460 = CARTESIAN_POINT ( 'NONE',  ( -160.0000000000000000, 159.9999999999999716, 78.68000000000000682 ) ) ;
#2461 = ADVANCED_FACE ( 'NONE', ( #4146 ), #3324, .F. ) ;
#2462 = DIRECTION ( 'NONE',  ( 0.000000000000000000, 1.000000000000000000, 0.000000000000000000 ) ) ;
#2463 = ORIENTED_EDGE ( 'NONE', *, *, #2119, .F. ) ;
#2464 = DIRECTION ( 'NONE',  ( 0.7071067811865479058, 0.7071067811865472397, -0.000000000000000000 ) ) ;
#2465 = ORIENTED_EDGE ( 'NONE', *, *, #4174, .T. ) ;
#2466 = VERTEX_POINT ( 'NONE', #4486 ) ;
#2467 = CARTESIAN_POINT ( 'NONE',  ( -160.0000000000000000, 39.19000000000000483, 24.53999999999999559 ) ) ;
#2469 = VECTOR ( 'NONE', #2541, 1000.000000000000000 ) ;
#2468 = LINE ( 'NONE', #2416, #1536 ) ;
#2470 = CARTESIAN_POINT ( 'NONE',  ( -92.95000000000000284, 152.0000000000000000, 60.50000000000001421 ) ) ;
#2471 = AXIS2_PLACEMENT_3D ( 'NONE', #3197, #974, #2454 ) ;
#2472 = CARTESIAN_POINT ( 'NONE',  ( -152.0000000000000000, 92.95000000000000284, 60.50000000000001421 ) ) ;
#2473 = VERTEX_POINT ( 'NONE', #2957 ) ;
#2474 = LINE ( 'NONE', #2108, #4541 ) ;
#2475 = EDGE_CURVE ( 'NONE', #159, #200, #4584, .T. ) ;
#2476 = DIRECTION ( 'NONE',  ( -0.7071067811865475727, 1.533293416683374138E-17, 0.7071067811865475727 ) ) ;
#2477 = VECTOR ( 'NONE', #274, 1000.000000000000000 ) ;
#2478 = LINE ( 'NONE', #2807, #608 ) ;
#2479 = DIRECTION ( 'NONE',  ( 0.000000000000000000, 0.000000000000000000, 1.000000000000000000 ) ) ;
#2480 = AXIS2_PLACEMENT_3D ( 'NONE', #445, #3368, #4041 ) ;
#2481 = DIRECTION ( 'NONE',  ( 0.000000000000000000, 0.000000000000000000, 1.000000000000000000 ) ) ;
#2482 = ORIENTED_EDGE ( 'NONE', *, *, #1223, .T. ) ;
#2483 = VECTOR ( 'NONE', #4734, 999.9999999999998863 ) ;
#2484 = TOROIDAL_SURFACE ( 'NONE', #1634, 9.099999999999990763, 1.000000000000000000 ) ;
#2485 = ORIENTED_EDGE ( 'NONE', *, *, #292, .F. ) ;
#2486 = DIRECTION ( 'NONE',  ( 0.7071067811865463515, 0.7071067811865487940, 0.000000000000000000 ) ) ;
#2487 = EDGE_CURVE ( 'NONE', #4570, #366, #835, .T. ) ;
#2488 = EDGE_LOOP ( 'NONE', ( #1449, #2307, #4817, #3228 ) ) ;
#2489 = DIRECTION ( 'NONE',  ( -1.000000000000000000, -1.224646799147353207E-16, -0.000000000000000000 ) ) ;
#2490 = DIRECTION ( 'NONE',  ( 1.000000000000000000, -0.000000000000000000, -0.000000000000000000 ) ) ;
#2491 = VERTEX_POINT ( 'NONE', #3371 ) ;
#2492 = EDGE_LOOP ( 'NONE', ( #893, #1848, #3387, #2459 ) ) ;
#2493 = CYLINDRICAL_SURFACE ( 'NONE', #2677, 8.099999999999988987 ) ;
#2494 = EDGE_CURVE ( 'NONE', #2134, #1220, #1947, .T. ) ;
#2495 = DIRECTION ( 'NONE',  ( -0.000000000000000000, -0.000000000000000000, 1.000000000000000000 ) ) ;
#2496 = CARTESIAN_POINT ( 'NONE',  ( -15.55634918610404860, 92.95000000000000284, 15.55634918610405215 ) ) ;
#2497 = ADVANCED_FACE ( 'NONE', ( #4456 ), #157, .T. ) ;
#2498 = FACE_OUTER_BOUND ( 'NONE', #3184, .T. ) ;
#2499 = ORIENTED_EDGE ( 'NONE', *, *, #2686, .T. ) ;
#2500 = AXIS2_PLACEMENT_3D ( 'NONE', #1766, #3610, #970 ) ;
#2501 = APPROVAL ( #726, 'UNSPECIFIED' ) ;
#2502 = DIRECTION ( 'NONE',  ( 1.000000000000000000, 0.000000000000000000, 0.000000000000000000 ) ) ;
#2503 = DIRECTION ( 'NONE',  ( -1.000000000000000000, 0.000000000000000000, 0.000000000000000000 ) ) ;
#2504 = AXIS2_PLACEMENT_3D ( 'NONE', #2652, #803, #2347 ) ;
#2505 = CARTESIAN_POINT ( 'NONE',  ( -76.20095596729063914, 72.19500000000002160, 8.000000000000000000 ) ) ;
#2506 = LINE ( 'NONE', #316, #1122 ) ;
#2507 = EDGE_CURVE ( 'NONE', #3954, #4437, #3687, .T. ) ;
#2508 = AXIS2_PLACEMENT_3D ( 'NONE', #2532, #679, #315 ) ;
#2509 = VECTOR ( 'NONE', #2503, 1000.000000000000000 ) ;
#2510 = CIRCLE ( 'NONE', #3539, 1.000000000000000888 ) ;
#2511 = CARTESIAN_POINT ( 'NONE',  ( -157.0000000000000000, 156.9999999999999716, 74.68000000000000682 ) ) ;
#2512 = EDGE_LOOP ( 'NONE', ( #3795, #1127, #1694, #839 ) ) ;
#2513 = EDGE_LOOP ( 'NONE', ( #933, #3930, #1314, #4384 ) ) ;
#2514 = CIRCLE ( 'NONE', #2914, 8.099999999999988987 ) ;
#2515 = DIRECTION ( 'NONE',  ( -0.7071067811865474617, -0.7071067811865475727, 4.870272347577000442E-16 ) ) ;
#2516 = DIRECTION ( 'NONE',  ( 0.7071067811865475727, -0.000000000000000000, -0.7071067811865474617 ) ) ;
#2517 = CARTESIAN_POINT ( 'NONE',  ( -8.000000000000000000, 92.95000000000000284, 68.60000000000000853 ) ) ;
#2518 = CARTESIAN_POINT ( 'NONE',  ( -7.999999999999998224, 67.04999999999999716, 60.50000000000000711 ) ) ;
#2519 = CARTESIAN_POINT ( 'NONE',  ( -152.0000000000001421, 151.9999999999998863, 78.67949192431136396 ) ) ;
#2520 = AXIS2_PLACEMENT_3D ( 'NONE', #703, #2183, #224 ) ;
#2521 = ORIENTED_EDGE ( 'NONE', *, *, #1011, .F. ) ;
#2522 = CARTESIAN_POINT ( 'NONE',  ( -156.9999999999999716, 154.9999999999999716, 78.68000000000000682 ) ) ;
#2523 = ORIENTED_EDGE ( 'NONE', *, *, #633, .F. ) ;
#2524 = CARTESIAN_POINT ( 'NONE',  ( -67.04999999999999716, 8.000000000000000000, 52.40000000000001279 ) ) ;
#2525 = EDGE_CURVE ( 'NONE', #1102, #3169, #785, .T. ) ;
#2526 = DIRECTION ( 'NONE',  ( 1.000000000000000000, 0.000000000000000000, 0.000000000000000000 ) ) ;
#2527 = DIRECTION ( 'NONE',  ( -0.000000000000000000, 1.000000000000000000, -1.779203565104416882E-16 ) ) ;
#2528 = VERTEX_POINT ( 'NONE', #1514 ) ;
#2529 = EDGE_CURVE ( 'NONE', #4014, #4753, #3421, .T. ) ;
#2530 = CARTESIAN_POINT ( 'NONE',  ( -7.999999999999998224, 7.999999999999998224, 78.67949192431120764 ) ) ;
#2531 = CARTESIAN_POINT ( 'NONE',  ( -67.04999999999999716, 153.0000000000000000, 60.50000000000000711 ) ) ;
#2532 = CARTESIAN_POINT ( 'NONE',  ( -152.0000000000000000, 0.000000000000000000, 90.00000000000000000 ) ) ;
#2533 = DIRECTION ( 'NONE',  ( 1.000000000000000000, 3.469446951953616950E-15, -0.000000000000000000 ) ) ;
#2534 = EDGE_CURVE ( 'NONE', #820, #2309, #3050, .T. ) ;
#2535 = DIRECTION ( 'NONE',  ( 0.000000000000000000, 0.000000000000000000, 1.000000000000000000 ) ) ;
#2536 = VERTEX_POINT ( 'NONE', #4098 ) ;
#2537 = VERTEX_POINT ( 'NONE', #760 ) ;
#2538 = DIRECTION ( 'NONE',  ( -0.5773502691896257311, 0.5773502691896258421, 0.5773502691896258421 ) ) ;
#2539 = DIRECTION ( 'NONE',  ( 0.000000000000000000, 0.000000000000000000, -1.000000000000000000 ) ) ;
#2540 = CARTESIAN_POINT ( 'NONE',  ( -10.60660171779821681, 92.95000000000000284, 10.60660171779822214 ) ) ;
#2541 = DIRECTION ( 'NONE',  ( -0.000000000000000000, -0.000000000000000000, -1.000000000000000000 ) ) ;
#2542 = VECTOR ( 'NONE', #387, 1000.000000000000000 ) ;
#2543 = CARTESIAN_POINT ( 'NONE',  ( -153.0000000000000000, 92.95000000000000284, 51.40000000000001990 ) ) ;
#2544 = ORIENTED_EDGE ( 'NONE', *, *, #4037, .T. ) ;
#2545 = DIRECTION ( 'NONE',  ( 1.000000000000000000, 1.224646799147353207E-16, -0.000000000000000000 ) ) ;
#2546 = ORIENTED_EDGE ( 'NONE', *, *, #2000, .F. ) ;
#2547 = DIRECTION ( 'NONE',  ( 1.000000000000000000, 0.000000000000000000, 0.000000000000000000 ) ) ;
#2548 = LINE ( 'NONE', #4427, #3455 ) ;
#2549 = DIRECTION ( 'NONE',  ( 0.000000000000000000, 0.000000000000000000, -1.000000000000000000 ) ) ;
#2550 = ORIENTED_EDGE ( 'NONE', *, *, #1234, .T. ) ;
#2551 = LINE ( 'NONE', #2830, #1895 ) ;
#2552 = DIRECTION ( 'NONE',  ( 1.000000000000000000, 0.000000000000000000, 0.000000000000000000 ) ) ;
#2553 = CARTESIAN_POINT ( 'NONE',  ( -151.9999999999999716, 7.999999999999998224, 90.00000000000000000 ) ) ;
#2554 = VECTOR ( 'NONE', #1179, 1000.000000000000227 ) ;
#2555 = DIRECTION ( 'NONE',  ( 0.7071067811865479058, 0.000000000000000000, -0.7071067811865471286 ) ) ;
#2556 = EDGE_LOOP ( 'NONE', ( #1348, #3051, #2217, #1516, #3193 ) ) ;
#2557 = ORIENTED_EDGE ( 'NONE', *, *, #705, .F. ) ;
#2558 = DIRECTION ( 'NONE',  ( 0.7071067811865474617, -0.000000000000000000, -0.7071067811865474617 ) ) ;
#2559 = AXIS2_PLACEMENT_3D ( 'NONE', #99, #3145, #4556 ) ;
#2560 = CARTESIAN_POINT ( 'NONE',  ( -7.999999999999998224, -1.419721286397235848E-15, 24.52691193458121788 ) ) ;
#2561 = VECTOR ( 'NONE', #751, 1000.000000000000000 ) ;
#2562 = CARTESIAN_POINT ( 'NONE',  ( 0.000000000000000000, 92.95000000000000284, 60.50000000000001421 ) ) ;
#2563 = EDGE_CURVE ( 'NONE', #3528, #1688, #3749, .T. ) ;
#2564 = CARTESIAN_POINT ( 'NONE',  ( -99.26345596729062493, 72.19500000000002160, 8.000000000000000000 ) ) ;
#2565 = TOROIDAL_SURFACE ( 'NONE', #4665, 9.099999999999994316, 1.000000000000000000 ) ;
#2566 = ORIENTED_EDGE ( 'NONE', *, *, #3454, .T. ) ;
#2567 = DIRECTION ( 'NONE',  ( 1.000000000000000000, 0.000000000000000000, 0.000000000000000000 ) ) ;
#2568 = EDGE_CURVE ( 'NONE', #1960, #3113, #1926, .T. ) ;
#2569 = ORIENTED_EDGE ( 'NONE', *, *, #1068, .T. ) ;
#2570 = DIRECTION ( 'NONE',  ( 0.000000000000000000, 0.000000000000000000, -1.000000000000000000 ) ) ;
#2571 = VERTEX_POINT ( 'NONE', #2685 ) ;
#2572 = PERSON_AND_ORGANIZATION_ROLE ( 'design_owner' ) ;
#2573 = DIRECTION ( 'NONE',  ( 0.000000000000000000, 0.000000000000000000, -1.000000000000000000 ) ) ;
#2574 = DIRECTION ( 'NONE',  ( -0.000000000000000000, -0.000000000000000000, -1.000000000000000000 ) ) ;
#2575 = ORIENTED_EDGE ( 'NONE', *, *, #2579, .T. ) ;
#2576 = DIRECTION ( 'NONE',  ( -0.000000000000000000, -0.000000000000000000, -1.000000000000000000 ) ) ;
#2577 = DIRECTION ( 'NONE',  ( 0.000000000000000000, 0.000000000000000000, 1.000000000000000000 ) ) ;
#2578 = EDGE_CURVE ( 'NONE', #1096, #2074, #4171, .T. ) ;
#2579 = EDGE_CURVE ( 'NONE', #392, #345, #2885, .T. ) ;
#2580 = CARTESIAN_POINT ( 'NONE',  ( -1.099999999999998535, 119.4999999999999858, 34.72691193458120296 ) ) ;
#2581 = EDGE_LOOP ( 'NONE', ( #2320, #1838, #2970, #700, #2026, #5 ) ) ;
#2582 = ORIENTED_EDGE ( 'NONE', *, *, #2525, .T. ) ;
#2583 = AXIS2_PLACEMENT_3D ( 'NONE', #3994, #1635, #4747 ) ;
#2584 = VERTEX_POINT ( 'NONE', #1971 ) ;
#2585 = EDGE_CURVE ( 'NONE', #2537, #4119, #3040, .T. ) ;
#2586 = EDGE_CURVE ( 'NONE', #1469, #2708, #3120, .T. ) ;
#2587 = DIRECTION ( 'NONE',  ( -0.000000000000000000, -0.000000000000000000, 1.000000000000000000 ) ) ;
#2588 = CIRCLE ( 'NONE', #4613, 4.062499999999983125 ) ;
#2589 = EDGE_CURVE ( 'NONE', #62, #3987, #1652, .T. ) ;
#2590 = FACE_OUTER_BOUND ( 'NONE', #2913, .T. ) ;
#2591 = FACE_OUTER_BOUND ( 'NONE', #3921, .T. ) ;
#2592 = DIRECTION ( 'NONE',  ( -1.000000000000000000, 0.000000000000000000, -0.000000000000000000 ) ) ;
#2593 = AXIS2_PLACEMENT_3D ( 'NONE', #2444, #3230, #2076 ) ;
#2594 = EDGE_LOOP ( 'NONE', ( #662, #522, #2442, #4608 ) ) ;
#2595 = CIRCLE ( 'NONE', #494, 9.099999999999990763 ) ;
#2596 = AXIS2_PLACEMENT_3D ( 'NONE', #1632, #3863, #128 ) ;
#2597 = DIRECTION ( 'NONE',  ( 0.000000000000000000, 0.000000000000000000, -1.000000000000000000 ) ) ;
#2598 = ORIENTED_EDGE ( 'NONE', *, *, #1366, .T. ) ;
#2599 = DIRECTION ( 'NONE',  ( 3.469446951953616950E-15, -1.000000000000000000, 0.000000000000000000 ) ) ;
#2600 = ORIENTED_EDGE ( 'NONE', *, *, #3465, .F. ) ;
#2601 = DIRECTION ( 'NONE',  ( 1.000000000000000000, 0.000000000000000000, 0.000000000000000000 ) ) ;
#2602 = DIRECTION ( 'NONE',  ( 0.000000000000000000, 0.000000000000000000, -1.000000000000000000 ) ) ;
#2603 = AXIS2_PLACEMENT_3D ( 'NONE', #1496, #37, #2248 ) ;
#2604 = FACE_BOUND ( 'NONE', #3500, .T. ) ;
#2605 = ORIENTED_EDGE ( 'NONE', *, *, #2218, .T. ) ;
#2606 = CIRCLE ( 'NONE', #4704, 9.099999999999990763 ) ;
#2607 = CARTESIAN_POINT ( 'NONE',  ( -99.26345596729062493, 72.19500000000002160, 13.00000000000000178 ) ) ;
#2608 = EDGE_CURVE ( 'NONE', #740, #4805, #308, .T. ) ;
#2609 = CARTESIAN_POINT ( 'NONE',  ( -4.999999999999998224, 152.0000000000000000, 24.52691193458121433 ) ) ;
#2610 = CARTESIAN_POINT ( 'NONE',  ( -98.20095596729062493, 87.80500000000002103, 13.00000000000000178 ) ) ;
#2611 = EDGE_CURVE ( 'NONE', #2528, #2584, #4238, .T. ) ;
#2612 = EDGE_LOOP ( 'NONE', ( #1938, #2733 ) ) ;
#2613 = LINE ( 'NONE', #3149, #2429 ) ;
#2614 = ORIENTED_EDGE ( 'NONE', *, *, #4053, .T. ) ;
#2615 = EDGE_LOOP ( 'NONE', ( #3522, #1012 ) ) ;
#2616 = CARTESIAN_POINT ( 'NONE',  ( -11.99999999999999467, 152.0000000000000000, 46.27691193458122143 ) ) ;
#2617 = DIRECTION ( 'NONE',  ( 0.000000000000000000, -1.000000000000000000, 0.000000000000000000 ) ) ;
#2618 = DIRECTION ( 'NONE',  ( -0.000000000000000000, 1.000000000000000000, 0.000000000000000000 ) ) ;
#2619 = DIRECTION ( 'NONE',  ( 1.000000000000000000, -0.000000000000000000, -0.000000000000000000 ) ) ;
#2620 = EDGE_CURVE ( 'NONE', #3250, #2383, #1676, .T. ) ;
#2621 = ORIENTED_EDGE ( 'NONE', *, *, #4239, .F. ) ;
#2622 = CC_DESIGN_APPROVAL ( #1198, ( #2703 ) ) ;
#2623 = CARTESIAN_POINT ( 'NONE',  ( -11.99999999999999289, 152.0000000000000000, 31.27691193458122143 ) ) ;
#2624 = ORIENTED_EDGE ( 'NONE', *, *, #4244, .F. ) ;
#2625 = DIRECTION ( 'NONE',  ( 0.000000000000000000, 0.000000000000000000, 1.000000000000000000 ) ) ;
#2626 = ORIENTED_EDGE ( 'NONE', *, *, #268, .F. ) ;
#2627 = DIRECTION ( 'NONE',  ( 0.000000000000000000, 0.000000000000000000, -1.000000000000000000 ) ) ;
#2628 = VECTOR ( 'NONE', #1067, 1000.000000000000000 ) ;
#2629 = LINE ( 'NONE', #2977, #4296 ) ;
#2630 = CARTESIAN_POINT ( 'NONE',  ( -152.0000000000000000, 99.50000000000001421, 44.99999999999999289 ) ) ;
#2631 = ORIENTED_EDGE ( 'NONE', *, *, #3156, .T. ) ;
#2632 = DIRECTION ( 'NONE',  ( -0.000000000000000000, -0.000000000000000000, -1.000000000000000000 ) ) ;
#2633 = CC_DESIGN_PERSON_AND_ORGANIZATION_ASSIGNMENT ( #898, #1282, ( #2703 ) ) ;
#2634 = FACE_OUTER_BOUND ( 'NONE', #4787, .T. ) ;
#2635 = EDGE_CURVE ( 'NONE', #1677, #1658, #531, .T. ) ;
#2636 = EDGE_LOOP ( 'NONE', ( #425, #4101, #1350, #2463, #43, #1492, #2049, #3717, #1846, #739 ) ) ;
#2637 = CARTESIAN_POINT ( 'NONE',  ( -6.999999999999999112, 67.04999999999999716, 60.50000000000000711 ) ) ;
#2638 = VERTEX_POINT ( 'NONE', #3856 ) ;
#2639 = EDGE_LOOP ( 'NONE', ( #4474, #4195 ) ) ;
#2640 = CARTESIAN_POINT ( 'NONE',  ( -24.52691193458120367, 5.318426240766717392E-16, 8.000000000000000000 ) ) ;
#2641 = LINE ( 'NONE', #3123, #2888 ) ;
#2642 = CARTESIAN_POINT ( 'NONE',  ( -22.00000000000000000, 152.0000000000000000, 46.27691193458122143 ) ) ;
#2643 = DIRECTION ( 'NONE',  ( 1.000000000000000000, -0.000000000000000000, -0.000000000000000000 ) ) ;
#2644 = TOROIDAL_SURFACE ( 'NONE', #854, 4.050000000000003375, 0.5000000000000000000 ) ;
#2645 = ORIENTED_EDGE ( 'NONE', *, *, #210, .T. ) ;
#2646 = ADVANCED_FACE ( 'NONE', ( #4192 ), #3489, .F. ) ;
#2647 = VECTOR ( 'NONE', #3542, 1000.000000000000000 ) ;
#2648 = LINE ( 'NONE', #4136, #2554 ) ;
#2649 = EDGE_CURVE ( 'NONE', #2584, #3339, #3094, .T. ) ;
#2650 = VECTOR ( 'NONE', #1864, 1000.000000000000000 ) ;
#2651 = EDGE_LOOP ( 'NONE', ( #4367, #2975 ) ) ;
#2652 = CARTESIAN_POINT ( 'NONE',  ( -8.000000000000000000, 0.000000000000000000, 75.67999999999999261 ) ) ;
#2653 = ORIENTED_EDGE ( 'NONE', *, *, #3153, .T. ) ;
#2654 = CARTESIAN_POINT ( 'NONE',  ( 0.000000000000000000, 16.00000000000000000, 78.68000000000000682 ) ) ;
#2655 = DIRECTION ( 'NONE',  ( -0.7071067811865472397, -0.000000000000000000, -0.7071067811865479058 ) ) ;
#2656 = DIRECTION ( 'NONE',  ( 0.7071067811865480168, 0.000000000000000000, 0.7071067811865470176 ) ) ;
#2657 = EDGE_CURVE ( 'NONE', #1827, #2451, #4213, .T. ) ;
#2658 = CYLINDRICAL_SURFACE ( 'NONE', #4547, 3.000000000000002665 ) ;
#2659 = CARTESIAN_POINT ( 'NONE',  ( -4.999999999999998224, 115.4499999999999886, 34.72691193458121717 ) ) ;
#2660 = EDGE_CURVE ( 'NONE', #2782, #1962, #2335, .T. ) ;
#2661 = VERTEX_POINT ( 'NONE', #194 ) ;
#2662 = DIRECTION ( 'NONE',  ( 1.000000000000000000, 0.000000000000000000, 0.000000000000000000 ) ) ;
#2663 = EDGE_LOOP ( 'NONE', ( #3258, #276 ) ) ;
#2664 = EDGE_CURVE ( 'NONE', #4415, #1220, #4643, .T. ) ;
#2665 = ORIENTED_EDGE ( 'NONE', *, *, #2984, .T. ) ;
#2666 = AXIS2_PLACEMENT_3D ( 'NONE', #972, #3971, #2039 ) ;
#2667 = CARTESIAN_POINT ( 'NONE',  ( -4.879036790187190498, 67.04999999999999716, 16.33416664540924756 ) ) ;
#2668 = DIRECTION ( 'NONE',  ( -0.000000000000000000, -1.000000000000000000, -0.000000000000000000 ) ) ;
#2669 = TOROIDAL_SURFACE ( 'NONE', #1259, 9.099999999999994316, 1.000000000000000000 ) ;
#2670 = CARTESIAN_POINT ( 'NONE',  ( -67.04999999999999716, 6.999999999999999112, 60.50000000000000711 ) ) ;
#2671 = ORIENTED_EDGE ( 'NONE', *, *, #1424, .T. ) ;
#2672 = EDGE_CURVE ( 'NONE', #2241, #3906, #2588, .T. ) ;
#2673 = VECTOR ( 'NONE', #2312, 1000.000000000000000 ) ;
#2674 = DIRECTION ( 'NONE',  ( 0.000000000000000000, 0.000000000000000000, 1.000000000000000000 ) ) ;
#2675 = ORIENTED_EDGE ( 'NONE', *, *, #1798, .T. ) ;
#2676 = CARTESIAN_POINT ( 'NONE',  ( -152.0000000000000000, 67.04999999999999716, 51.40000000000001279 ) ) ;
#2677 = AXIS2_PLACEMENT_3D ( 'NONE', #4666, #2394, #2012 ) ;
#2678 = VECTOR ( 'NONE', #119, 999.9999999999998863 ) ;
#2679 = ORIENTED_EDGE ( 'NONE', *, *, #1939, .F. ) ;
#2680 = APPROVAL_STATUS ( 'not_yet_approved' ) ;
#2681 = CARTESIAN_POINT ( 'NONE',  ( -152.0000000000000000, 96.50000000000000000, 44.99999999999999289 ) ) ;
#2682 = VECTOR ( 'NONE', #4555, 1000.000000000000000 ) ;
#2683 = DIRECTION ( 'NONE',  ( -0.000000000000000000, -1.000000000000000000, -0.000000000000000000 ) ) ;
#2684 = CARTESIAN_POINT ( 'NONE',  ( -160.0000000000000000, 99.50000000000001421, 44.99999999999999289 ) ) ;
#2685 = CARTESIAN_POINT ( 'NONE',  ( -160.0000000000000000, 27.32050807568878170, 90.00000000000000000 ) ) ;
#2686 = EDGE_CURVE ( 'NONE', #616, #2387, #424, .T. ) ;
#2687 = ADVANCED_FACE ( 'NONE', ( #1602 ), #3514, .F. ) ;
#2688 = VECTOR ( 'NONE', #996, 1000.000000000000000 ) ;
#2689 = ORIENTED_EDGE ( 'NONE', *, *, #1737, .T. ) ;
#2690 = DIRECTION ( 'NONE',  ( 0.000000000000000000, 0.000000000000000000, 1.000000000000000000 ) ) ;
#2691 = EDGE_LOOP ( 'NONE', ( #3326, #4499, #3911, #3361 ) ) ;
#2692 = ORIENTED_EDGE ( 'NONE', *, *, #1717, .F. ) ;
#2693 = DIRECTION ( 'NONE',  ( 0.000000000000000000, -1.000000000000000000, 0.000000000000000000 ) ) ;
#2694 = CARTESIAN_POINT ( 'NONE',  ( -153.0000000000000000, 67.04999999999999716, 52.40000000000001279 ) ) ;
#2695 = LINE ( 'NONE', #456, #3270 ) ;
#2696 = EDGE_LOOP ( 'NONE', ( #1763, #247, #1821, #872 ) ) ;
#2697 = LINE ( 'NONE', #1961, #4275 ) ;
#2698 = EDGE_LOOP ( 'NONE', ( #4224, #4012, #532, #165, #1866 ) ) ;
#2699 = CARTESIAN_POINT ( 'NONE',  ( -7.999999999999998224, 0.000000000000000000, 90.00000000000000000 ) ) ;
#2700 = EDGE_LOOP ( 'NONE', ( #4207, #748 ) ) ;
#2701 = PERSON_AND_ORGANIZATION ( #2420, #1755 ) ;
#2702 = LINE ( 'NONE', #1600, #4543 ) ;
#2703 = SECURITY_CLASSIFICATION ( '', '', #166 ) ;
#2704 = CARTESIAN_POINT ( 'NONE',  ( -24.52691193458120367, 150.5000000000000000, 24.52691193458121433 ) ) ;
#2705 = DIRECTION ( 'NONE',  ( -1.000000000000000000, -1.224646799147353207E-16, -0.000000000000000000 ) ) ;
#2706 = EDGE_LOOP ( 'NONE', ( #4079, #2582, #2005, #1082 ) ) ;
#2707 = LINE ( 'NONE', #1218, #2751 ) ;
#2708 = VERTEX_POINT ( 'NONE', #1261 ) ;
#2709 = ORIENTED_EDGE ( 'NONE', *, *, #2475, .F. ) ;
#2710 = LINE ( 'NONE', #4219, #1117 ) ;
#2711 = LINE ( 'NONE', #2640, #4068 ) ;
#2712 = AXIS2_PLACEMENT_3D ( 'NONE', #2564, #1833, #1807 ) ;
#2713 = CYLINDRICAL_SURFACE ( 'NONE', #4004, 1.062499999999994005 ) ;
#2714 = CARTESIAN_POINT ( 'NONE',  ( -78.32595596729062493, 72.19500000000002160, 13.00000000000000178 ) ) ;
#2715 = EDGE_LOOP ( 'NONE', ( #4722, #4675, #541, #4325 ) ) ;
#2716 = AXIS2_PLACEMENT_3D ( 'NONE', #2831, #4648, #3150 ) ;
#2717 = DIRECTION ( 'NONE',  ( 0.000000000000000000, 0.000000000000000000, 1.000000000000000000 ) ) ;
#2718 = EDGE_LOOP ( 'NONE', ( #4707, #1710, #3745, #4715 ) ) ;
#2719 = CYLINDRICAL_SURFACE ( 'NONE', #2110, 3.550000000000004707 ) ;
#2720 = CIRCLE ( 'NONE', #1474, 4.062499999999983125 ) ;
#2721 = EDGE_LOOP ( 'NONE', ( #2083, #766, #794, #1977 ) ) ;
#2722 = ADVANCED_FACE ( 'NONE', ( #2754, #4573, #2037 ), #1238, .F. ) ;
#2723 = DIRECTION ( 'NONE',  ( 0.000000000000000000, 0.000000000000000000, 1.000000000000000000 ) ) ;
#2724 = VECTOR ( 'NONE', #466, 1000.000000000000000 ) ;
#2725 = ADVANCED_FACE ( 'NONE', ( #2418 ), #2044, .T. ) ;
#2726 = VECTOR ( 'NONE', #3644, 1000.000000000000000 ) ;
#2727 = CARTESIAN_POINT ( 'NONE',  ( -92.95000000000000284, 160.0000000000000000, 60.50000000000001421 ) ) ;
#2728 = VECTOR ( 'NONE', #4227, 1000.000000000000000 ) ;
#2729 = CARTESIAN_POINT ( 'NONE',  ( -16.26345596729060006, 2.299940125025062933E-16, 16.26345596729060006 ) ) ;
#2730 = ORIENTED_EDGE ( 'NONE', *, *, #1603, .T. ) ;
#2731 = DIRECTION ( 'NONE',  ( 1.000000000000000000, -0.000000000000000000, -0.000000000000000000 ) ) ;
#2732 = DIRECTION ( 'NONE',  ( 0.000000000000000000, 0.000000000000000000, -1.000000000000000000 ) ) ;
#2733 = ORIENTED_EDGE ( 'NONE', *, *, #16, .F. ) ;
#2734 = ADVANCED_FACE ( 'NONE', ( #3990, #943 ), #4746, .F. ) ;
#2735 = ORIENTED_EDGE ( 'NONE', *, *, #4529, .T. ) ;
#2736 = CARTESIAN_POINT ( 'NONE',  ( -7.999999999999998224, 70.33974596215551855, 160.3397459621556038 ) ) ;
#2737 = LINE ( 'NONE', #3427, #1967 ) ;
#2738 = CARTESIAN_POINT ( 'NONE',  ( -1.099999999999998535, 119.4999999999999858, 38.77691193458120722 ) ) ;
#2739 = CARTESIAN_POINT ( 'NONE',  ( -4.999999999999997335, 150.5000000000000000, 24.52691193458121433 ) ) ;
#2740 = EDGE_CURVE ( 'NONE', #1144, #3532, #4719, .T. ) ;
#2741 = EDGE_CURVE ( 'NONE', #3954, #3592, #328, .T. ) ;
#2742 = ORIENTED_EDGE ( 'NONE', *, *, #880, .F. ) ;
#2743 = EDGE_CURVE ( 'NONE', #2186, #1470, #4765, .T. ) ;
#2744 = LINE ( 'NONE', #4520, #2728 ) ;
#2745 = VECTOR ( 'NONE', #2693, 1000.000000000000000 ) ;
#2746 = EDGE_LOOP ( 'NONE', ( #3840, #252, #4063, #1786, #23, #645, #2423, #2373, #1241, #2257 ) ) ;
#2747 = FACE_OUTER_BOUND ( 'NONE', #3518, .T. ) ;
#2748 = AXIS2_PLACEMENT_3D ( 'NONE', #4551, #1207, #1616 ) ;
#2749 = VERTEX_POINT ( 'NONE', #989 ) ;
#2750 = CIRCLE ( 'NONE', #422, 3.550000000000004707 ) ;
#2751 = VECTOR ( 'NONE', #926, 999.9999999999998863 ) ;
#2752 = AXIS2_PLACEMENT_3D ( 'NONE', #2729, #877, #1020 ) ;
#2753 = FACE_OUTER_BOUND ( 'NONE', #338, .T. ) ;
#2754 = FACE_BOUND ( 'NONE', #4135, .T. ) ;
#2755 = AXIS2_PLACEMENT_3D ( 'NONE', #2531, #2855, #1333 ) ;
#2756 = ORIENTED_EDGE ( 'NONE', *, *, #1141, .F. ) ;
#2757 = EDGE_CURVE ( 'NONE', #1588, #1421, #1724, .T. ) ;
#2758 = CARTESIAN_POINT ( 'NONE',  ( -115.8333333333332007, 66.33333333333348492, 65.16666666666645824 ) ) ;
#2759 = LINE ( 'NONE', #4576, #4230 ) ;
#2760 = EDGE_CURVE ( 'NONE', #1161, #2816, #2510, .T. ) ;
#2761 = ORIENTED_EDGE ( 'NONE', *, *, #4294, .F. ) ;
#2762 = EDGE_LOOP ( 'NONE', ( #1371, #3825 ) ) ;
#2763 = DIRECTION ( 'NONE',  ( 0.000000000000000000, 0.000000000000000000, 1.000000000000000000 ) ) ;
#2764 = AXIS2_PLACEMENT_3D ( 'NONE', #2894, #1376, #1107 ) ;
#2765 = FACE_OUTER_BOUND ( 'NONE', #4598, .T. ) ;
#2766 = ORIENTED_EDGE ( 'NONE', *, *, #275, .T. ) ;
#2767 = AXIS2_PLACEMENT_3D ( 'NONE', #4728, #3271, #4316 ) ;
#2768 = ORIENTED_EDGE ( 'NONE', *, *, #1413, .T. ) ;
#2769 = CARTESIAN_POINT ( 'NONE',  ( -152.0000000000000000, 60.50000000000001421, 31.99999999999999289 ) ) ;
#2770 = ORIENTED_EDGE ( 'NONE', *, *, #1893, .T. ) ;
#2771 = CYLINDRICAL_SURFACE ( 'NONE', #3063, 1.500000000000001332 ) ;
#2772 = ADVANCED_FACE ( 'NONE', ( #1715 ), #1186, .T. ) ;
#2773 = VERTEX_POINT ( 'NONE', #4695 ) ;
#2774 = SHAPE_DEFINITION_REPRESENTATION ( #2927, #1158 ) ;
#2775 = DIRECTION ( 'NONE',  ( 0.7071067811865475727, -1.533293416683374138E-17, -0.7071067811865475727 ) ) ;
#2776 = CARTESIAN_POINT ( 'NONE',  ( -16.00000000000000000, 160.0000000000000284, 78.68000000000000682 ) ) ;
#2777 = CARTESIAN_POINT ( 'NONE',  ( -152.0000000000000000, 60.50000000000001421, 31.99999999999999289 ) ) ;
#2778 = ORIENTED_EDGE ( 'NONE', *, *, #949, .F. ) ;
#2779 = PRODUCT_DEFINITION ( 'UNKNOWN', '', #3873, #302 ) ;
#2780 = LINE ( 'NONE', #533, #3907 ) ;
#2781 = FACE_BOUND ( 'NONE', #2651, .T. ) ;
#2782 = VERTEX_POINT ( 'NONE', #4380 ) ;
#2783 = ORIENTED_EDGE ( 'NONE', *, *, #4329, .F. ) ;
#2784 = AXIS2_PLACEMENT_3D ( 'NONE', #4767, #216, #1437 ) ;
#2785 = FACE_OUTER_BOUND ( 'NONE', #2865, .T. ) ;
#2786 = ADVANCED_FACE ( 'NONE', ( #2132 ), #1743, .F. ) ;
#2787 = CARTESIAN_POINT ( 'NONE',  ( 0.000000000000000000, 152.0000000000000000, 8.000000000000000000 ) ) ;
#2788 = ORIENTED_EDGE ( 'NONE', *, *, #990, .T. ) ;
#2789 = VERTEX_POINT ( 'NONE', #624 ) ;
#2790 = DIRECTION ( 'NONE',  ( 1.000000000000000000, 0.000000000000000000, 0.000000000000000000 ) ) ;
#2791 = ORIENTED_EDGE ( 'NONE', *, *, #687, .T. ) ;
#2792 = CARTESIAN_POINT ( 'NONE',  ( -160.0000000000000000, 159.9999999999999716, 78.68000000000000682 ) ) ;
#2793 = EDGE_LOOP ( 'NONE', ( #2286, #3861, #3272, #2228, #4644 ) ) ;
#2794 = ADVANCED_FACE ( 'NONE', ( #3237 ), #3920, .F. ) ;
#2795 = EDGE_CURVE ( 'NONE', #2896, #1229, #3966, .T. ) ;
#2796 = CARTESIAN_POINT ( 'NONE',  ( -144.0000000000000284, 0.000000000000000000, 78.67949192431125027 ) ) ;
#2797 = LINE ( 'NONE', #4642, #2682 ) ;
#2798 = CARTESIAN_POINT ( 'NONE',  ( -99.26345596729062493, 87.80500000000002103, 13.00000000000000178 ) ) ;
#2799 = EDGE_CURVE ( 'NONE', #4522, #3250, #4017, .T. ) ;
#2800 = AXIS2_PLACEMENT_3D ( 'NONE', #1095, #3682, #418 ) ;
#2801 = EDGE_CURVE ( 'NONE', #241, #1688, #969, .T. ) ;
#2802 = AXIS2_PLACEMENT_3D ( 'NONE', #158, #1252, #1639 ) ;
#2803 = VERTEX_POINT ( 'NONE', #3653 ) ;
#2804 = AXIS2_PLACEMENT_3D ( 'NONE', #3109, #3412, #3086 ) ;
#2805 = DIRECTION ( 'NONE',  ( 1.000000000000000000, 0.000000000000000000, 0.000000000000000000 ) ) ;
#2806 = CARTESIAN_POINT ( 'NONE',  ( -16.26345596729060006, 67.04999999999999716, 16.26345596729060006 ) ) ;
#2807 = CARTESIAN_POINT ( 'NONE',  ( -66.33974596215553277, 0.000000000000000000, 156.3397459621556038 ) ) ;
#2808 = ORIENTED_EDGE ( 'NONE', *, *, #762, .T. ) ;
#2809 = CARTESIAN_POINT ( 'NONE',  ( -146.3397459621556891, 146.3397459621557175, 90.00000000000000000 ) ) ;
#2810 = EDGE_CURVE ( 'NONE', #821, #2749, #1037, .T. ) ;
#2811 = CARTESIAN_POINT ( 'NONE',  ( -7.999999999999998224, 0.000000000000000000, 90.00000000000000000 ) ) ;
#2812 = ORIENTED_EDGE ( 'NONE', *, *, #909, .T. ) ;
#2813 = ORIENTED_EDGE ( 'NONE', *, *, #3097, .T. ) ;
#2814 = FACE_OUTER_BOUND ( 'NONE', #3216, .T. ) ;
#2815 = CARTESIAN_POINT ( 'NONE',  ( -7.999999999999998224, 7.999999999999996447, 90.00000000000000000 ) ) ;
#2816 = VERTEX_POINT ( 'NONE', #2060 ) ;
#2817 = CARTESIAN_POINT ( 'NONE',  ( -77.26345596729062493, 87.80500000000002103, 13.00000000000000178 ) ) ;
#2818 = ORIENTED_EDGE ( 'NONE', *, *, #1078, .T. ) ;
#2819 = ADVANCED_FACE ( 'NONE', ( #1693 ), #4669, .T. ) ;
#2820 = VECTOR ( 'NONE', #556, 1000.000000000000227 ) ;
#2821 = DIRECTION ( 'NONE',  ( 1.000000000000000000, -0.000000000000000000, -0.000000000000000000 ) ) ;
#2822 = DIRECTION ( 'NONE',  ( 0.000000000000000000, 0.000000000000000000, -1.000000000000000000 ) ) ;
#2823 = AXIS2_PLACEMENT_3D ( 'NONE', #3380, #35, #1153 ) ;
#2824 = DIRECTION ( 'NONE',  ( -1.000000000000000000, 0.000000000000000000, -0.000000000000000000 ) ) ;
#2825 = VECTOR ( 'NONE', #673, 1000.000000000000000 ) ;
#2826 = CARTESIAN_POINT ( 'NONE',  ( -11.99999999999999467, 160.0000000000000000, 46.27691193458122143 ) ) ;
#2827 = ORIENTED_EDGE ( 'NONE', *, *, #1980, .T. ) ;
#2828 = AXIS2_PLACEMENT_3D ( 'NONE', #164, #3934, #4293 ) ;
#2829 = DIRECTION ( 'NONE',  ( -0.000000000000000000, -1.000000000000000000, -0.000000000000000000 ) ) ;
#2830 = CARTESIAN_POINT ( 'NONE',  ( -160.0000000000000000, 66.33974596215568909, 156.3397459621556891 ) ) ;
#2831 = CARTESIAN_POINT ( 'NONE',  ( -67.04999999999999716, 7.999999999999998224, 60.50000000000000711 ) ) ;
#2832 = EDGE_CURVE ( 'NONE', #707, #963, #415, .T. ) ;
#2833 = ORIENTED_EDGE ( 'NONE', *, *, #705, .T. ) ;
#2834 = VECTOR ( 'NONE', #313, 999.9999999999998863 ) ;
#2835 = AXIS2_PLACEMENT_3D ( 'NONE', #3942, #1024, #1388 ) ;
#2836 = CIRCLE ( 'NONE', #3218, 5.000000000000004441 ) ;
#2837 = CARTESIAN_POINT ( 'NONE',  ( -77.26345596729062493, 87.80500000000002103, 13.00000000000000178 ) ) ;
#2838 = DIRECTION ( 'NONE',  ( 1.000000000000000000, 0.000000000000000000, 0.000000000000000000 ) ) ;
#2839 = ORIENTED_EDGE ( 'NONE', *, *, #1424, .F. ) ;
#2840 = VERTEX_POINT ( 'NONE', #1140 ) ;
#2841 = CARTESIAN_POINT ( 'NONE',  ( -92.95000000000000284, 152.0000000000000000, 60.50000000000001421 ) ) ;
#2842 = DIRECTION ( 'NONE',  ( 0.7071067811865487940, -0.7071067811865463515, 0.000000000000000000 ) ) ;
#2843 = VERTEX_POINT ( 'NONE', #4405 ) ;
#2844 = AXIS2_PLACEMENT_3D ( 'NONE', #3821, #1913, #4544 ) ;
#2845 = DIRECTION ( 'NONE',  ( 1.000000000000000000, 0.000000000000000000, 0.000000000000000000 ) ) ;
#2846 = ORIENTED_EDGE ( 'NONE', *, *, #1249, .F. ) ;
#2847 = ADVANCED_FACE ( 'NONE', ( #3395 ), #3002, .F. ) ;
#2848 = ORIENTED_EDGE ( 'NONE', *, *, #1307, .F. ) ;
#2849 = FACE_OUTER_BOUND ( 'NONE', #2488, .T. ) ;
#2850 = DIRECTION ( 'NONE',  ( 0.000000000000000000, 0.000000000000000000, 1.000000000000000000 ) ) ;
#2851 = DIRECTION ( 'NONE',  ( -1.084202172485504280E-17, -1.000000000000000000, 1.084202172485504280E-17 ) ) ;
#2852 = FACE_OUTER_BOUND ( 'NONE', #2718, .T. ) ;
#2853 = ORIENTED_EDGE ( 'NONE', *, *, #2262, .T. ) ;
#2854 = DIRECTION ( 'NONE',  ( 1.000000000000000000, 0.000000000000000000, 1.224646799147352961E-16 ) ) ;
#2855 = DIRECTION ( 'NONE',  ( 0.000000000000000000, -1.000000000000000000, 0.000000000000000000 ) ) ;
#2856 = LINE ( 'NONE', #3738, #4128 ) ;
#2857 = CARTESIAN_POINT ( 'NONE',  ( -160.0000000000000000, 159.9999999999999716, 78.68000000000000682 ) ) ;
#2858 = AXIS2_PLACEMENT_3D ( 'NONE', #1601, #1990, #921 ) ;
#2859 = DIRECTION ( 'NONE',  ( 1.000000000000000000, -0.000000000000000000, -0.000000000000000000 ) ) ;
#2860 = ORIENTED_EDGE ( 'NONE', *, *, #1603, .F. ) ;
#2861 = EDGE_LOOP ( 'NONE', ( #4639, #76, #2827, #1029, #2410 ) ) ;
#2862 = FACE_OUTER_BOUND ( 'NONE', #1087, .T. ) ;
#2863 = LINE ( 'NONE', #3574, #1623 ) ;
#2864 = EDGE_CURVE ( 'NONE', #34, #1229, #727, .T. ) ;
#2865 = EDGE_LOOP ( 'NONE', ( #1181, #979, #1109 ) ) ;
#2866 = CARTESIAN_POINT ( 'NONE',  ( -16.00000000000000000, -1.959434878635765131E-15, 78.68000000000000682 ) ) ;
#2867 = FACE_OUTER_BOUND ( 'NONE', #3053, .T. ) ;
#2868 = VERTEX_POINT ( 'NONE', #3764 ) ;
#2869 = EDGE_CURVE ( 'NONE', #2868, #244, #2629, .T. ) ;
#2870 = ORIENTED_EDGE ( 'NONE', *, *, #1585, .F. ) ;
#2871 = DIRECTION ( 'NONE',  ( -0.000000000000000000, 1.000000000000000000, -0.000000000000000000 ) ) ;
#2872 = EDGE_CURVE ( 'NONE', #1491, #3649, #754, .T. ) ;
#2873 = LINE ( 'NONE', #1531, #1927 ) ;
#2874 = CARTESIAN_POINT ( 'NONE',  ( -16.00000000000000000, -7.703719777548943412E-31, 75.67999999999999261 ) ) ;
#2875 = EDGE_CURVE ( 'NONE', #93, #392, #3025, .T. ) ;
#2876 = AXIS2_PLACEMENT_3D ( 'NONE', #1844, #4821, #1465 ) ;
#2877 = DIRECTION ( 'NONE',  ( 0.000000000000000000, -0.000000000000000000, -1.000000000000000000 ) ) ;
#2878 = ORIENTED_EDGE ( 'NONE', *, *, #711, .F. ) ;
#2879 = DIRECTION ( 'NONE',  ( 0.000000000000000000, 0.000000000000000000, -1.000000000000000000 ) ) ;
#2880 = LINE ( 'NONE', #221, #960 ) ;
#2881 = AXIS2_PLACEMENT_3D ( 'NONE', #1083, #2587, #3751 ) ;
#2882 = CARTESIAN_POINT ( 'NONE',  ( -78.32595596729062493, 72.19500000000002160, 13.00000000000000178 ) ) ;
#2883 = CARTESIAN_POINT ( 'NONE',  ( -152.0000000000000000, 67.04999999999999716, 69.59999999999999432 ) ) ;
#2884 = AXIS2_PLACEMENT_3D ( 'NONE', #1132, #3308, #2592 ) ;
#2885 = CIRCLE ( 'NONE', #3192, 4.050000000000005151 ) ;
#2886 = DIRECTION ( 'NONE',  ( -1.000000000000000000, 0.000000000000000000, 0.000000000000000000 ) ) ;
#2887 = ORIENTED_EDGE ( 'NONE', *, *, #1735, .F. ) ;
#2888 = VECTOR ( 'NONE', #4106, 1000.000000000000000 ) ;
#2889 = VECTOR ( 'NONE', #1889, 999.9999999999998863 ) ;
#2890 = ORIENTED_EDGE ( 'NONE', *, *, #4671, .T. ) ;
#2891 = FACE_OUTER_BOUND ( 'NONE', #2721, .T. ) ;
#2892 = EDGE_CURVE ( 'NONE', #1470, #2186, #2910, .T. ) ;
#2893 = DIRECTION ( 'NONE',  ( 0.000000000000000000, -1.000000000000000000, 0.000000000000000000 ) ) ;
#2894 = CARTESIAN_POINT ( 'NONE',  ( -92.95000000000000284, 153.0000000000000000, 51.40000000000001990 ) ) ;
#2895 = ADVANCED_FACE ( 'NONE', ( #4141, #2203, #806, #364, #331 ), #1114, .F. ) ;
#2896 = VERTEX_POINT ( 'NONE', #1840 ) ;
#2897 = CARTESIAN_POINT ( 'NONE',  ( -21.99999999999999645, 152.0000000000000000, 31.27691193458122143 ) ) ;
#2898 = ORIENTED_EDGE ( 'NONE', *, *, #710, .F. ) ;
#2899 = FACE_OUTER_BOUND ( 'NONE', #2762, .T. ) ;
#2900 = DIRECTION ( 'NONE',  ( 0.000000000000000000, 1.000000000000000000, 0.000000000000000000 ) ) ;
#2901 = PLANE ( 'NONE',  #719 ) ;
#2902 = ORIENTED_EDGE ( 'NONE', *, *, #1450, .T. ) ;
#2903 = CIRCLE ( 'NONE', #2500, 9.099999999999994316 ) ;
#2904 = CARTESIAN_POINT ( 'NONE',  ( -1.599999999999998535, 123.5499999999999829, 42.82691193458121148 ) ) ;
#2905 = CARTESIAN_POINT ( 'NONE',  ( -1.099999999999998535, 119.4999999999999858, 42.32691193458121148 ) ) ;
#2906 = DIRECTION ( 'NONE',  ( -1.000000000000000000, 0.000000000000000000, 0.000000000000000000 ) ) ;
#2907 = LINE ( 'NONE', #3268, #3550 ) ;
#2908 = VECTOR ( 'NONE', #2158, 1000.000000000000000 ) ;
#2909 = CIRCLE ( 'NONE', #1116, 4.050000000000005151 ) ;
#2910 = CIRCLE ( 'NONE', #3294, 8.099999999999988987 ) ;
#2911 = FACE_OUTER_BOUND ( 'NONE', #3019, .T. ) ;
#2912 = ORIENTED_EDGE ( 'NONE', *, *, #1038, .T. ) ;
#2913 = EDGE_LOOP ( 'NONE', ( #3223, #4629, #1485, #4658 ) ) ;
#2914 = AXIS2_PLACEMENT_3D ( 'NONE', #550, #2351, #2035 ) ;
#2915 = PLANE ( 'NONE',  #1312 ) ;
#2916 = CARTESIAN_POINT ( 'NONE',  ( -1.599999999999998535, 115.4499999999999886, 34.72691193458121717 ) ) ;
#2917 = CARTESIAN_POINT ( 'NONE',  ( -157.0000000000000000, 157.0000000000000000, 68.67999999999999261 ) ) ;
#2918 = PLANE ( 'NONE',  #3121 ) ;
#2919 = CARTESIAN_POINT ( 'NONE',  ( -160.0000000000000000, 0.000000000000000000, 78.68000000000000682 ) ) ;
#2920 = CIRCLE ( 'NONE', #2053, 1.062499999999994005 ) ;
#2921 = ORIENTED_EDGE ( 'NONE', *, *, #2227, .F. ) ;
#2922 = DIRECTION ( 'NONE',  ( 1.000000000000000000, -0.000000000000000000, -0.000000000000000000 ) ) ;
#2923 = ORIENTED_EDGE ( 'NONE', *, *, #1396, .T. ) ;
#2924 = DIRECTION ( 'NONE',  ( 0.7071067811865479058, 0.000000000000000000, -0.7071067811865472397 ) ) ;
#2925 = AXIS2_PLACEMENT_3D ( 'NONE', #1826, #4414, #4025 ) ;
#2926 = DIRECTION ( 'NONE',  ( 0.000000000000000000, 0.000000000000000000, -1.000000000000000000 ) ) ;
#2927 = PRODUCT_DEFINITION_SHAPE ( 'NONE', 'NONE',  #2779 ) ;
#2928 = CARTESIAN_POINT ( 'NONE',  ( -15.55634918610405215, 67.04999999999999716, 15.55634918610405037 ) ) ;
#2929 = ORIENTED_EDGE ( 'NONE', *, *, #1076, .T. ) ;
#2930 = CARTESIAN_POINT ( 'NONE',  ( -92.95000000000000284, 153.0000000000000000, 60.50000000000001421 ) ) ;
#2931 = DIRECTION ( 'NONE',  ( 0.000000000000000000, -0.000000000000000000, 1.000000000000000000 ) ) ;
#2932 = DIRECTION ( 'NONE',  ( -0.000000000000000000, -0.000000000000000000, -1.000000000000000000 ) ) ;
#2933 = EDGE_CURVE ( 'NONE', #3987, #4680, #105, .T. ) ;
#2934 = CARTESIAN_POINT ( 'NONE',  ( -7.999999999999998224, 54.87500000000000000, 90.00000000000000000 ) ) ;
#2935 = EDGE_LOOP ( 'NONE', ( #1400, #4789, #3807, #428 ) ) ;
#2936 = EDGE_LOOP ( 'NONE', ( #3034, #3933, #2766 ) ) ;
#2937 = ADVANCED_FACE ( 'NONE', ( #4790 ), #3732, .F. ) ;
#2938 = CARTESIAN_POINT ( 'NONE',  ( -77.26345596729062493, 72.19500000000002160, 13.00000000000000178 ) ) ;
#2939 = LINE ( 'NONE', #3671, #2194 ) ;
#2940 = DIRECTION ( 'NONE',  ( -1.000000000000000000, -0.000000000000000000, -0.000000000000000000 ) ) ;
#2941 = CARTESIAN_POINT ( 'NONE',  ( -1.599999999999998535, 123.5499999999999829, 38.77691193458120722 ) ) ;
#2942 = UNCERTAINTY_MEASURE_WITH_UNIT (LENGTH_MEASURE( 1.000000000000000082E-05 ), #753, 'distance_accuracy_value', 'NONE');
#2943 = CARTESIAN_POINT ( 'NONE',  ( -92.95000000000000284, 153.0000000000000000, 68.60000000000000853 ) ) ;
#2944 = ORIENTED_EDGE ( 'NONE', *, *, #1115, .F. ) ;
#2945 = DIRECTION ( 'NONE',  ( 0.000000000000000000, 0.000000000000000000, -1.000000000000000000 ) ) ;
#2946 = EDGE_CURVE ( 'NONE', #1684, #3788, #2548, .T. ) ;
#2947 = ORIENTED_EDGE ( 'NONE', *, *, #4467, .T. ) ;
#2948 = DIRECTION ( 'NONE',  ( 1.000000000000000000, 3.469446951953616950E-15, -0.000000000000000000 ) ) ;
#2949 = ADVANCED_FACE ( 'NONE', ( #1093 ), #3418, .F. ) ;
#2950 = DIRECTION ( 'NONE',  ( -1.000000000000000000, 0.000000000000000000, 0.000000000000000000 ) ) ;
#2951 = CARTESIAN_POINT ( 'NONE',  ( -160.0000000000000000, 0.000000000000000000, 0.000000000000000000 ) ) ;
#2952 = ORIENTED_EDGE ( 'NONE', *, *, #2079, .T. ) ;
#2953 = ADVANCED_FACE ( 'NONE', ( #1069 ), #4039, .F. ) ;
#2954 = LINE ( 'NONE', #4431, #1815 ) ;
#2955 = CARTESIAN_POINT ( 'NONE',  ( -140.6794919243112361, 7.999999999999996447, 90.00000000000000000 ) ) ;
#2956 = ADVANCED_FACE ( 'NONE', ( #1819 ), #1482, .F. ) ;
#2957 = CARTESIAN_POINT ( 'NONE',  ( -92.95000000000000284, 153.0000000000000000, 52.40000000000001990 ) ) ;
#2958 = EDGE_CURVE ( 'NONE', #487, #3378, #19, .T. ) ;
#2959 = VECTOR ( 'NONE', #2515, 1000.000000000000000 ) ;
#2960 = DIRECTION ( 'NONE',  ( -0.000000000000000000, 0.000000000000000000, 1.000000000000000000 ) ) ;
#2961 = ORIENTED_EDGE ( 'NONE', *, *, #210, .F. ) ;
#2962 = ORIENTED_EDGE ( 'NONE', *, *, #4116, .T. ) ;
#2963 = EDGE_LOOP ( 'NONE', ( #3430, #4780 ) ) ;
#2964 = CARTESIAN_POINT ( 'NONE',  ( -19.32050807568875683, 151.9999999999999716, 90.00000000000000000 ) ) ;
#2965 = CIRCLE ( 'NONE', #861, 1.000000000000000888 ) ;
#2966 = CARTESIAN_POINT ( 'NONE',  ( -92.95000000000000284, 6.999999999999999112, 68.60000000000000853 ) ) ;
#2967 = DIRECTION ( 'NONE',  ( 1.000000000000000000, -0.000000000000000000, -0.000000000000000000 ) ) ;
#2968 = CARTESIAN_POINT ( 'NONE',  ( -156.0000000000000000, 105.1250000000000000, 90.00000000000000000 ) ) ;
#2969 = TOROIDAL_SURFACE ( 'NONE', #3194, 9.099999999999990763, 1.000000000000000000 ) ;
#2970 = ORIENTED_EDGE ( 'NONE', *, *, #523, .F. ) ;
#2971 = DIRECTION ( 'NONE',  ( -0.7071067811865473507, 0.000000000000000000, -0.7071067811865476838 ) ) ;
#2972 = VERTEX_POINT ( 'NONE', #3951 ) ;
#2973 = DIRECTION ( 'NONE',  ( -0.7071067811865475727, 0.000000000000000000, -0.7071067811865475727 ) ) ;
#2974 = ADVANCED_FACE ( 'NONE', ( #2814 ), #4571, .F. ) ;
#2975 = ORIENTED_EDGE ( 'NONE', *, *, #747, .F. ) ;
#2976 = APPROVAL_ROLE ( '' ) ;
#2977 = CARTESIAN_POINT ( 'NONE',  ( -4.999999999999998224, 123.5499999999999829, 42.82691193458121148 ) ) ;
#2978 = CARTESIAN_POINT ( 'NONE',  ( -160.0000000000000000, 99.50000000000001421, 44.99999999999999289 ) ) ;
#2979 = ORIENTED_EDGE ( 'NONE', *, *, #919, .T. ) ;
#2980 = CARTESIAN_POINT ( 'NONE',  ( -27.32050807568878881, 0.000000000000000000, 90.00000000000000000 ) ) ;
#2981 = CARTESIAN_POINT ( 'NONE',  ( -76.20095596729063914, 72.19500000000002160, 13.00000000000000178 ) ) ;
#2982 = DIRECTION ( 'NONE',  ( 1.000000000000000000, -0.000000000000000000, -0.000000000000000000 ) ) ;
#2983 = VERTEX_POINT ( 'NONE', #2681 ) ;
#2984 = EDGE_CURVE ( 'NONE', #3301, #89, #851, .T. ) ;
#2985 = LINE ( 'NONE', #3796, #4154 ) ;
#2986 = EDGE_LOOP ( 'NONE', ( #1253, #917, #481, #2808, #4430 ) ) ;
#2987 = ORIENTED_EDGE ( 'NONE', *, *, #3949, .T. ) ;
#2988 = ORIENTED_EDGE ( 'NONE', *, *, #193, .T. ) ;
#2989 = DIRECTION ( 'NONE',  ( 0.000000000000000000, 0.000000000000000000, 1.000000000000000000 ) ) ;
#2990 = AXIS2_PLACEMENT_3D ( 'NONE', #1552, #697, #4065 ) ;
#2991 = CARTESIAN_POINT ( 'NONE',  ( 0.000000000000000000, 119.4999999999999858, 38.77691193458120722 ) ) ;
#2992 = CARTESIAN_POINT ( 'NONE',  ( -7.999999999999998224, 110.9999999999999858, 53.02691193458121433 ) ) ;
#2993 = CARTESIAN_POINT ( 'NONE',  ( 0.000000000000000000, 0.000000000000000000, 90.00000000000000000 ) ) ;
#2994 = ORIENTED_EDGE ( 'NONE', *, *, #1091, .F. ) ;
#2995 = CIRCLE ( 'NONE', #3381, 1.000000000000000888 ) ;
#2996 = CIRCLE ( 'NONE', #3918, 4.062499999999983125 ) ;
#2997 = DIRECTION ( 'NONE',  ( 1.000000000000000000, 0.000000000000000000, 0.000000000000000000 ) ) ;
#2998 = ORIENTED_EDGE ( 'NONE', *, *, #1422, .F. ) ;
#2999 = DIRECTION ( 'NONE',  ( 0.000000000000000000, 1.000000000000000000, -0.000000000000000000 ) ) ;
#3000 = ORIENTED_EDGE ( 'NONE', *, *, #3850, .T. ) ;
#3001 = PERSON_AND_ORGANIZATION ( #2420, #1755 ) ;
#3002 = PLANE ( 'NONE',  #2350 ) ;
#3003 = VECTOR ( 'NONE', #3199, 1000.000000000000000 ) ;
#3004 = EDGE_CURVE ( 'NONE', #3491, #1908, #1233, .T. ) ;
#3005 = LINE ( 'NONE', #4482, #81 ) ;
#3006 = ORIENTED_EDGE ( 'NONE', *, *, #2869, .T. ) ;
#3007 = AXIS2_PLACEMENT_3D ( 'NONE', #738, #1101, #4435 ) ;
#3008 = DIRECTION ( 'NONE',  ( -1.000000000000000000, -3.469446951953616950E-15, 0.000000000000000000 ) ) ;
#3009 = DIRECTION ( 'NONE',  ( 0.000000000000000000, -1.000000000000000000, 0.000000000000000000 ) ) ;
#3010 = EDGE_LOOP ( 'NONE', ( #3577, #2407, #11 ) ) ;
#3011 = DIRECTION ( 'NONE',  ( -1.000000000000000000, 0.000000000000000000, 0.000000000000000000 ) ) ;
#3012 = ORIENTED_EDGE ( 'NONE', *, *, #3118, .T. ) ;
#3013 = EDGE_LOOP ( 'NONE', ( #312, #3762, #752, #3503 ) ) ;
#3014 = EDGE_CURVE ( 'NONE', #3602, #1133, #229, .T. ) ;
#3015 = DIRECTION ( 'NONE',  ( -1.000000000000000000, -0.000000000000000000, -0.000000000000000000 ) ) ;
#3016 = DIRECTION ( 'NONE',  ( -1.000000000000000000, 0.000000000000000000, 0.000000000000000000 ) ) ;
#3017 = CARTESIAN_POINT ( 'NONE',  ( -73.20095596729065335, 87.80500000000002103, 13.00000000000000178 ) ) ;
#3018 = PLANE ( 'NONE',  #2884 ) ;
#3019 = EDGE_LOOP ( 'NONE', ( #370, #1817, #3012, #1955 ) ) ;
#3020 = CARTESIAN_POINT ( 'NONE',  ( -99.26345596729062493, 72.19500000000002160, 13.00000000000000178 ) ) ;
#3021 = ORIENTED_EDGE ( 'NONE', *, *, #547, .F. ) ;
#3022 = DIRECTION ( 'NONE',  ( 1.000000000000000000, 0.000000000000000000, 0.000000000000000000 ) ) ;
#3023 = ORIENTED_EDGE ( 'NONE', *, *, #1146, .F. ) ;
#3024 = VECTOR ( 'NONE', #2924, 1000.000000000000000 ) ;
#3025 = LINE ( 'NONE', #777, #4382 ) ;
#3026 = EDGE_CURVE ( 'NONE', #1920, #241, #3464, .T. ) ;
#3027 = CARTESIAN_POINT ( 'NONE',  ( -77.26345596729062493, 72.19500000000002160, 13.00000000000000178 ) ) ;
#3028 = ADVANCED_FACE ( 'NONE', ( #4655 ), #2072, .F. ) ;
#3029 = FACE_OUTER_BOUND ( 'NONE', #2437, .T. ) ;
#3030 = DIRECTION ( 'NONE',  ( -0.000000000000000000, -0.000000000000000000, -1.000000000000000000 ) ) ;
#3031 = EDGE_LOOP ( 'NONE', ( #255, #4026, #1664, #2499, #190, #575 ) ) ;
#3032 = CARTESIAN_POINT ( 'NONE',  ( -81.32595596729061072, 87.80500000000002103, 8.000000000000000000 ) ) ;
#3033 = EDGE_LOOP ( 'NONE', ( #4340, #1255 ) ) ;
#3034 = ORIENTED_EDGE ( 'NONE', *, *, #2079, .F. ) ;
#3035 = DIRECTION ( 'NONE',  ( -1.000000000000000000, -1.224646799147353207E-16, 0.000000000000000000 ) ) ;
#3036 = CARTESIAN_POINT ( 'NONE',  ( -77.26345596729062493, 72.19500000000002160, 8.000000000000000000 ) ) ;
#3037 = LINE ( 'NONE', #378, #1356 ) ;
#3038 = PLANE ( 'NONE',  #4745 ) ;
#3039 = EDGE_LOOP ( 'NONE', ( #2998, #1173, #1828, #1007 ) ) ;
#3040 = CIRCLE ( 'NONE', #4662, 1.500000000000001332 ) ;
#3041 = FACE_OUTER_BOUND ( 'NONE', #4285, .T. ) ;
#3042 = VECTOR ( 'NONE', #61, 1000.000000000000114 ) ;
#3043 = VERTEX_POINT ( 'NONE', #4681 ) ;
#3044 = LINE ( 'NONE', #4592, #1498 ) ;
#3045 = ORIENTED_EDGE ( 'NONE', *, *, #4741, .F. ) ;
#3046 = DIRECTION ( 'NONE',  ( -2.312964634635743450E-16, 0.000000000000000000, 1.000000000000000000 ) ) ;
#3047 = EDGE_CURVE ( 'NONE', #911, #2868, #2349, .T. ) ;
#3048 = DIRECTION ( 'NONE',  ( 0.000000000000000000, 0.000000000000000000, 1.000000000000000000 ) ) ;
#3049 = DIRECTION ( 'NONE',  ( 0.000000000000000000, 0.000000000000000000, 1.000000000000000000 ) ) ;
#3050 = LINE ( 'NONE', #4121, #1006 ) ;
#3051 = ORIENTED_EDGE ( 'NONE', *, *, #56, .F. ) ;
#3052 = CARTESIAN_POINT ( 'NONE',  ( -24.52691193458120367, 106.4999999999999858, 56.02691193458122143 ) ) ;
#3053 = EDGE_LOOP ( 'NONE', ( #1965, #2465, #1433, #1789 ) ) ;
#3054 = ORIENTED_EDGE ( 'NONE', *, *, #403, .T. ) ;
#3055 = AXIS2_PLACEMENT_3D ( 'NONE', #4698, #3545, #3214 ) ;
#3056 = DIRECTION ( 'NONE',  ( -0.000000000000000000, -1.000000000000000000, -0.000000000000000000 ) ) ;
#3057 = PLANE ( 'NONE',  #1279 ) ;
#3058 = AXIS2_PLACEMENT_3D ( 'NONE', #2472, #2001, #3262 ) ;
#3059 = LINE ( 'NONE', #1226, #4274 ) ;
#3060 = VERTEX_POINT ( 'NONE', #4210 ) ;
#3061 = AXIS2_PLACEMENT_3D ( 'NONE', #2470, #1357, #1382 ) ;
#3062 = CARTESIAN_POINT ( 'NONE',  ( -92.95000000000000284, 152.0000000000000000, 60.50000000000001421 ) ) ;
#3063 = AXIS2_PLACEMENT_3D ( 'NONE', #916, #3912, #253 ) ;
#3064 = ORIENTED_EDGE ( 'NONE', *, *, #4714, .T. ) ;
#3065 = DIRECTION ( 'NONE',  ( 0.000000000000000000, 0.000000000000000000, 1.000000000000000000 ) ) ;
#3066 = CIRCLE ( 'NONE', #959, 4.062499999999983125 ) ;
#3067 = AXIS2_PLACEMENT_3D ( 'NONE', #1124, #399, #2298 ) ;
#3068 = AXIS2_PLACEMENT_3D ( 'NONE', #3569, #1390, #4677 ) ;
#3069 = ORIENTED_EDGE ( 'NONE', *, *, #1288, .T. ) ;
#3070 = CARTESIAN_POINT ( 'NONE',  ( -152.0000000000000000, 39.19000000000000483, 34.53999999999999915 ) ) ;
#3071 = TOROIDAL_SURFACE ( 'NONE', #965, 9.099999999999990763, 1.000000000000000000 ) ;
#3072 = CARTESIAN_POINT ( 'NONE',  ( -73.20095596729065335, 87.80500000000002103, 13.00000000000000178 ) ) ;
#3073 = CARTESIAN_POINT ( 'NONE',  ( -21.21320343559643717, 0.000000000000000000, 0.000000000000000000 ) ) ;
#3074 = AXIS2_PLACEMENT_3D ( 'NONE', #3082, #1935, #2276 ) ;
#3075 = VERTEX_POINT ( 'NONE', #2439 ) ;
#3076 = CARTESIAN_POINT ( 'NONE',  ( -4.999999999999997335, 109.4999999999999858, 26.02691193458121433 ) ) ;
#3077 = ORIENTED_EDGE ( 'NONE', *, *, #4521, .F. ) ;
#3078 = ORIENTED_EDGE ( 'NONE', *, *, #1234, .F. ) ;
#3079 = DIRECTION ( 'NONE',  ( 0.000000000000000000, 0.000000000000000000, 1.000000000000000000 ) ) ;
#3080 = DIRECTION ( 'NONE',  ( 0.000000000000000000, 0.000000000000000000, -1.000000000000000000 ) ) ;
#3081 = EDGE_CURVE ( 'NONE', #256, #413, #1706, .T. ) ;
#3082 = CARTESIAN_POINT ( 'NONE',  ( -6.999999999999998224, 67.04999999999999716, 69.59999999999999432 ) ) ;
#3083 = LINE ( 'NONE', #892, #3042 ) ;
#3084 = ORIENTED_EDGE ( 'NONE', *, *, #1211, .T. ) ;
#3085 = EDGE_CURVE ( 'NONE', #879, #4283, #832, .T. ) ;
#3086 = DIRECTION ( 'NONE',  ( 1.000000000000000000, 0.000000000000000000, 0.000000000000000000 ) ) ;
#3087 = ORIENTED_EDGE ( 'NONE', *, *, #2741, .F. ) ;
#3088 = DIRECTION ( 'NONE',  ( 1.000000000000000000, 0.000000000000000000, -0.000000000000000000 ) ) ;
#3089 = VERTEX_POINT ( 'NONE', #2095 ) ;
#3090 = PERSON_AND_ORGANIZATION ( #2420, #1755 ) ;
#3091 = DIRECTION ( 'NONE',  ( 1.000000000000000000, 0.000000000000000000, 0.000000000000000000 ) ) ;
#3092 = EDGE_CURVE ( 'NONE', #857, #820, #3203, .T. ) ;
#3093 = CARTESIAN_POINT ( 'NONE',  ( -92.95000000000000284, 6.999999999999998224, 69.59999999999999432 ) ) ;
#3094 = LINE ( 'NONE', #142, #4818 ) ;
#3095 = EDGE_CURVE ( 'NONE', #1905, #4404, #1210, .T. ) ;
#3096 = ORIENTED_EDGE ( 'NONE', *, *, #2933, .T. ) ;
#3097 = EDGE_CURVE ( 'NONE', #2803, #4733, #1322, .T. ) ;
#3098 = DIRECTION ( 'NONE',  ( 0.7071067811865474617, 0.000000000000000000, 0.7071067811865474617 ) ) ;
#3099 = ORIENTED_EDGE ( 'NONE', *, *, #780, .F. ) ;
#3100 = EDGE_LOOP ( 'NONE', ( #271, #2445, #1756, #2833, #280, #671, #804, #4615 ) ) ;
#3101 = CARTESIAN_POINT ( 'NONE',  ( -146.3397459621556891, 146.3397459621557175, 90.00000000000000000 ) ) ;
#3102 = EDGE_CURVE ( 'NONE', #1149, #361, #563, .T. ) ;
#3103 = CARTESIAN_POINT ( 'NONE',  ( -7.999999999999998224, 105.1249999999999858, 90.00000000000000000 ) ) ;
#3104 = CIRCLE ( 'NONE', #607, 1.062499999999994005 ) ;
#3105 = PLANE ( 'NONE',  #4473 ) ;
#3106 = CARTESIAN_POINT ( 'NONE',  ( -99.26345596729062493, 87.80500000000002103, 13.00000000000000178 ) ) ;
#3107 = ORIENTED_EDGE ( 'NONE', *, *, #1749, .F. ) ;
#3108 = CIRCLE ( 'NONE', #1620, 1.062499999999994005 ) ;
#3109 = CARTESIAN_POINT ( 'NONE',  ( -99.26345596729062493, 72.19500000000002160, 8.000000000000000000 ) ) ;
#3110 = ORIENTED_EDGE ( 'NONE', *, *, #2059, .F. ) ;
#3111 = CARTESIAN_POINT ( 'NONE',  ( -160.0000000000000000, 160.0000000000000000, 0.000000000000000000 ) ) ;
#3112 = AXIS2_PLACEMENT_3D ( 'NONE', #3355, #663, #767 ) ;
#3113 = VERTEX_POINT ( 'NONE', #1184 ) ;
#3114 = PERSON_AND_ORGANIZATION ( #2420, #1755 ) ;
#3115 = AXIS2_PLACEMENT_3D ( 'NONE', #2609, #4096, #407 ) ;
#3116 = VECTOR ( 'NONE', #3030, 1000.000000000000000 ) ;
#3117 = EDGE_CURVE ( 'NONE', #1111, #3250, #4320, .T. ) ;
#3118 = EDGE_CURVE ( 'NONE', #1299, #4193, #2702, .T. ) ;
#3119 = DIRECTION ( 'NONE',  ( -1.000000000000000000, 0.000000000000000000, 0.000000000000000000 ) ) ;
#3120 = LINE ( 'NONE', #3835, #783 ) ;
#3121 = AXIS2_PLACEMENT_3D ( 'NONE', #4401, #3755, #1061 ) ;
#3122 = ORIENTED_EDGE ( 'NONE', *, *, #1566, .F. ) ;
#3123 = CARTESIAN_POINT ( 'NONE',  ( 71.99999999999998579, 72.00000000000001421, 78.67949192431129291 ) ) ;
#3124 = CARTESIAN_POINT ( 'NONE',  ( -149.0000000000000000, 0.000000000000000000, 0.000000000000000000 ) ) ;
#3125 = ORIENTED_EDGE ( 'NONE', *, *, #3245, .T. ) ;
#3126 = VERTEX_POINT ( 'NONE', #569 ) ;
#3127 = DIRECTION ( 'NONE',  ( -1.000000000000000000, -0.000000000000000000, -0.000000000000000000 ) ) ;
#3128 = EDGE_CURVE ( 'NONE', #2127, #2972, #4461, .T. ) ;
#3129 = DIRECTION ( 'NONE',  ( -0.7071067811865474617, -2.633505035130038311E-33, -0.7071067811865474617 ) ) ;
#3130 = FACE_BOUND ( 'NONE', #2663, .T. ) ;
#3131 = FACE_OUTER_BOUND ( 'NONE', #2706, .T. ) ;
#3132 = ORIENTED_EDGE ( 'NONE', *, *, #1081, .T. ) ;
#3133 = CARTESIAN_POINT ( 'NONE',  ( -160.0000000000000284, 143.9999999999999716, 78.68000000000000682 ) ) ;
#3134 = AXIS2_PLACEMENT_3D ( 'NONE', #1911, #4200, #1981 ) ;
#3135 = ORIENTED_EDGE ( 'NONE', *, *, #13, .F. ) ;
#3136 = FACE_OUTER_BOUND ( 'NONE', #3437, .T. ) ;
#3137 = VECTOR ( 'NONE', #1892, 1000.000000000000000 ) ;
#3138 = EDGE_LOOP ( 'NONE', ( #3182, #884, #1680, #2400 ) ) ;
#3139 = APPROVAL_ROLE ( '' ) ;
#3140 = CIRCLE ( 'NONE', #3778, 8.099999999999988987 ) ;
#3141 = AXIS2_PLACEMENT_3D ( 'NONE', #2496, #3563, #1765 ) ;
#3142 = DIRECTION ( 'NONE',  ( -0.000000000000000000, 1.000000000000000000, -0.000000000000000000 ) ) ;
#3143 = LINE ( 'NONE', #2377, #3146 ) ;
#3144 = ADVANCED_FACE ( 'NONE', ( #4553, #3554, #3225, #2862, #4341 ), #1372, .F. ) ;
#3145 = DIRECTION ( 'NONE',  ( -1.000000000000000000, 0.000000000000000000, 0.000000000000000000 ) ) ;
#3146 = VECTOR ( 'NONE', #4622, 1000.000000000000000 ) ;
#3147 = EDGE_LOOP ( 'NONE', ( #3135, #1888, #3908, #847 ) ) ;
#3148 = CARTESIAN_POINT ( 'NONE',  ( -21.28391411371507758, 92.95000000000000284, 9.828784258493021397 ) ) ;
#3149 = CARTESIAN_POINT ( 'NONE',  ( 0.000000000000000000, 160.0000000000000000, 78.68000000000000682 ) ) ;
#3150 = DIRECTION ( 'NONE',  ( 0.000000000000000000, 0.000000000000000000, 1.000000000000000000 ) ) ;
#3151 = ORIENTED_EDGE ( 'NONE', *, *, #489, .T. ) ;
#3152 = FACE_OUTER_BOUND ( 'NONE', #383, .T. ) ;
#3153 = EDGE_CURVE ( 'NONE', #568, #429, #951, .T. ) ;
#3154 = FACE_BOUND ( 'NONE', #1703, .T. ) ;
#3155 = ORIENTED_EDGE ( 'NONE', *, *, #2422, .F. ) ;
#3156 = EDGE_CURVE ( 'NONE', #256, #707, #2710, .T. ) ;
#3157 = VECTOR ( 'NONE', #4284, 1000.000000000000000 ) ;
#3158 = ORIENTED_EDGE ( 'NONE', *, *, #4732, .F. ) ;
#3159 = LINE ( 'NONE', #914, #613 ) ;
#3160 = ORIENTED_EDGE ( 'NONE', *, *, #3589, .F. ) ;
#3161 = DIRECTION ( 'NONE',  ( -1.000000000000000000, -3.469446951953616950E-15, -0.000000000000000000 ) ) ;
#3162 = EDGE_CURVE ( 'NONE', #2528, #2840, #1978, .T. ) ;
#3163 = ORIENTED_EDGE ( 'NONE', *, *, #2864, .T. ) ;
#3164 = ADVANCED_FACE ( 'NONE', ( #3152 ), #4603, .F. ) ;
#3165 = DIRECTION ( 'NONE',  ( 0.000000000000000000, 1.000000000000000000, 0.000000000000000000 ) ) ;
#3166 = CARTESIAN_POINT ( 'NONE',  ( -152.0000000000000000, 105.1250000000000000, 86.00000000000000000 ) ) ;
#3167 = EDGE_CURVE ( 'NONE', #1331, #2074, #2363, .T. ) ;
#3168 = DIRECTION ( 'NONE',  ( -0.7071067811865472397, 0.7071067811865479058, -0.000000000000000000 ) ) ;
#3169 = VERTEX_POINT ( 'NONE', #4650 ) ;
#3170 = DIRECTION ( 'NONE',  ( 0.000000000000000000, 0.000000000000000000, -1.000000000000000000 ) ) ;
#3171 = PLANE ( 'NONE',  #571 ) ;
#3172 = ORIENTED_EDGE ( 'NONE', *, *, #3360, .T. ) ;
#3173 = ORIENTED_EDGE ( 'NONE', *, *, #4810, .F. ) ;
#3174 = VECTOR ( 'NONE', #2822, 1000.000000000000000 ) ;
#3175 = CARTESIAN_POINT ( 'NONE',  ( -4.999999999999998224, 152.0000000000000000, 53.02691193458121433 ) ) ;
#3176 = EDGE_CURVE ( 'NONE', #504, #1558, #1315, .T. ) ;
#3177 = CARTESIAN_POINT ( 'NONE',  ( -22.00000000000000000, 152.0000000000000000, 46.27691193458122143 ) ) ;
#3178 = ORIENTED_EDGE ( 'NONE', *, *, #3047, .T. ) ;
#3179 = EDGE_LOOP ( 'NONE', ( #4109, #2860 ) ) ;
#3180 = CARTESIAN_POINT ( 'NONE',  ( -7.999999999999998224, 3.000000000000000000, 73.67999999999999261 ) ) ;
#3181 = CARTESIAN_POINT ( 'NONE',  ( -1.599999999999998535, 123.5499999999999829, 42.82691193458121148 ) ) ;
#3182 = ORIENTED_EDGE ( 'NONE', *, *, #279, .F. ) ;
#3183 = DIRECTION ( 'NONE',  ( 1.224646799147353207E-16, -1.000000000000000000, 0.000000000000000000 ) ) ;
#3184 = EDGE_LOOP ( 'NONE', ( #1326, #4127, #2994, #3484, #1072 ) ) ;
#3185 = VECTOR ( 'NONE', #1004, 1000.000000000000000 ) ;
#3186 = ADVANCED_FACE ( 'NONE', ( #3476 ), #2355, .T. ) ;
#3187 = ADVANCED_FACE ( 'NONE', ( #4562 ), #588, .F. ) ;
#3188 = DIRECTION ( 'NONE',  ( 0.000000000000000000, 0.000000000000000000, -1.000000000000000000 ) ) ;
#3189 = FACE_OUTER_BOUND ( 'NONE', #3829, .T. ) ;
#3190 = EDGE_CURVE ( 'NONE', #4602, #3491, #2836, .T. ) ;
#3191 = CARTESIAN_POINT ( 'NONE',  ( -157.0000000000000000, 157.0000000000000000, 68.67999999999999261 ) ) ;
#3192 = AXIS2_PLACEMENT_3D ( 'NONE', #853, #4278, #3897 ) ;
#3193 = ORIENTED_EDGE ( 'NONE', *, *, #880, .T. ) ;
#3194 = AXIS2_PLACEMENT_3D ( 'NONE', #2034, #3540, #191 ) ;
#3195 = CARTESIAN_POINT ( 'NONE',  ( -98.20095596729062493, 72.19500000000002160, 8.000000000000000000 ) ) ;
#3196 = LINE ( 'NONE', #4674, #185 ) ;
#3197 = CARTESIAN_POINT ( 'NONE',  ( -99.26345596729062493, 72.19500000000002160, 13.00000000000000178 ) ) ;
#3198 = EDGE_LOOP ( 'NONE', ( #1915, #1976, #306, #1974 ) ) ;
#3199 = DIRECTION ( 'NONE',  ( 0.000000000000000000, 0.000000000000000000, 1.000000000000000000 ) ) ;
#3200 = LINE ( 'NONE', #4678, #4625 ) ;
#3201 = ORIENTED_EDGE ( 'NONE', *, *, #489, .F. ) ;
#3202 = ORIENTED_EDGE ( 'NONE', *, *, #1772, .T. ) ;
#3203 = LINE ( 'NONE', #1966, #4772 ) ;
#3204 = LINE ( 'NONE', #4269, #3266 ) ;
#3205 = ORIENTED_EDGE ( 'NONE', *, *, #562, .T. ) ;
#3206 = CARTESIAN_POINT ( 'NONE',  ( -7.999999999999998224, 92.95000000000000284, 51.40000000000001990 ) ) ;
#3207 = EDGE_LOOP ( 'NONE', ( #2265, #3221, #2768, #2328 ) ) ;
#3208 = DIRECTION ( 'NONE',  ( -1.000000000000000000, 0.000000000000000000, 0.000000000000000000 ) ) ;
#3209 = CYLINDRICAL_SURFACE ( 'NONE', #1759, 8.099999999999988987 ) ;
#3210 = DIRECTION ( 'NONE',  ( 0.000000000000000000, 0.000000000000000000, -1.000000000000000000 ) ) ;
#3211 = AXIS2_PLACEMENT_3D ( 'NONE', #3284, #1044, #650 ) ;
#3212 = DIRECTION ( 'NONE',  ( 0.000000000000000000, -1.000000000000000000, 0.000000000000000000 ) ) ;
#3213 = EDGE_LOOP ( 'NONE', ( #4038, #955, #4003, #3735, #2344, #1918, #2890, #3054, #554, #3797 ) ) ;
#3214 = DIRECTION ( 'NONE',  ( 1.000000000000000000, 0.000000000000000000, 0.000000000000000000 ) ) ;
#3215 = DIRECTION ( 'NONE',  ( -1.000000000000000000, 0.000000000000000000, 0.000000000000000000 ) ) ;
#3216 = EDGE_LOOP ( 'NONE', ( #2979, #4618, #2106, #4267, #912 ) ) ;
#3217 = VECTOR ( 'NONE', #77, 1000.000000000000000 ) ;
#3218 = AXIS2_PLACEMENT_3D ( 'NONE', #4631, #1222, #3883 ) ;
#3219 = LINE ( 'NONE', #1453, #4237 ) ;
#3220 = DIRECTION ( 'NONE',  ( 0.000000000000000000, 0.000000000000000000, 1.000000000000000000 ) ) ;
#3221 = ORIENTED_EDGE ( 'NONE', *, *, #2757, .F. ) ;
#3222 = EDGE_CURVE ( 'NONE', #3472, #3532, #1609, .T. ) ;
#3223 = ORIENTED_EDGE ( 'NONE', *, *, #3360, .F. ) ;
#3224 = AXIS2_PLACEMENT_3D ( 'NONE', #2540, #278, #1758 ) ;
#3225 = FACE_BOUND ( 'NONE', #3033, .T. ) ;
#3226 = DIRECTION ( 'NONE',  ( -0.000000000000000000, -0.000000000000000000, -1.000000000000000000 ) ) ;
#3227 = EDGE_CURVE ( 'NONE', #2451, #820, #4197, .T. ) ;
#3228 = ORIENTED_EDGE ( 'NONE', *, *, #1413, .F. ) ;
#3229 = VECTOR ( 'NONE', #609, 1000.000000000000000 ) ;
#3230 = DIRECTION ( 'NONE',  ( 1.000000000000000000, -0.000000000000000000, -0.000000000000000000 ) ) ;
#3231 = CARTESIAN_POINT ( 'NONE',  ( -7.999999999999998224, 110.9999999999999858, 90.00000000000000000 ) ) ;
#3232 = EDGE_LOOP ( 'NONE', ( #3913, #3021, #897, #4774 ) ) ;
#3233 = EDGE_CURVE ( 'NONE', #4497, #587, #1510, .T. ) ;
#3234 = VERTEX_POINT ( 'NONE', #2066 ) ;
#3235 = DIRECTION ( 'NONE',  ( 0.000000000000000000, -1.000000000000000000, 0.000000000000000000 ) ) ;
#3236 = DIRECTION ( 'NONE',  ( 0.000000000000000000, -1.000000000000000000, 0.000000000000000000 ) ) ;
#3237 = FACE_OUTER_BOUND ( 'NONE', #2239, .T. ) ;
#3238 = EDGE_CURVE ( 'NONE', #2379, #3472, #4580, .T. ) ;
#3239 = CARTESIAN_POINT ( 'NONE',  ( -152.0000000000000000, 160.0000000000000000, 68.67999999999999261 ) ) ;
#3240 = ORIENTED_EDGE ( 'NONE', *, *, #225, .F. ) ;
#3241 = CARTESIAN_POINT ( 'NONE',  ( -152.0000000000000000, 157.0000000000000000, 68.67999999999999261 ) ) ;
#3242 = CYLINDRICAL_SURFACE ( 'NONE', #2835, 8.099999999999992539 ) ;
#3243 = CARTESIAN_POINT ( 'NONE',  ( -1.599999999999998535, 123.5499999999999829, 42.82691193458121148 ) ) ;
#3244 = DIRECTION ( 'NONE',  ( -1.000000000000000000, 0.000000000000000000, 0.000000000000000000 ) ) ;
#3245 = EDGE_CURVE ( 'NONE', #273, #2186, #4247, .T. ) ;
#3246 = EDGE_CURVE ( 'NONE', #479, #1793, #2996, .T. ) ;
#3247 = AXIS2_PLACEMENT_3D ( 'NONE', #1019, #1741, #1713 ) ;
#3248 = CARTESIAN_POINT ( 'NONE',  ( -67.04999999999999716, 152.0000000000000000, 60.50000000000000711 ) ) ;
#3249 = ADVANCED_FACE ( 'NONE', ( #2785, #2023 ), #177, .T. ) ;
#3250 = VERTEX_POINT ( 'NONE', #3903 ) ;
#3251 = ORIENTED_EDGE ( 'NONE', *, *, #2875, .T. ) ;
#3252 = CARTESIAN_POINT ( 'NONE',  ( -144.0000000000000284, 160.0000000000000284, 62.67949192431127159 ) ) ;
#3253 = ORIENTED_EDGE ( 'NONE', *, *, #2664, .T. ) ;
#3254 = DIRECTION ( 'NONE',  ( -0.000000000000000000, 1.000000000000000000, 0.000000000000000000 ) ) ;
#3255 = CYLINDRICAL_SURFACE ( 'NONE', #1670, 4.062499999999983125 ) ;
#3256 = ORIENTED_EDGE ( 'NONE', *, *, #1038, .F. ) ;
#3257 = FACE_OUTER_BOUND ( 'NONE', #3463, .T. ) ;
#3258 = ORIENTED_EDGE ( 'NONE', *, *, #2892, .T. ) ;
#3259 = DIRECTION ( 'NONE',  ( 0.7071067811865475727, 0.000000000000000000, -0.7071067811865474617 ) ) ;
#3260 = DIRECTION ( 'NONE',  ( -1.000000000000000000, -0.000000000000000000, -0.000000000000000000 ) ) ;
#3261 = ADVANCED_FACE ( 'NONE', ( #560 ), #2045, .T. ) ;
#3262 = DIRECTION ( 'NONE',  ( 0.000000000000000000, 0.000000000000000000, 1.000000000000000000 ) ) ;
#3263 = ORIENTED_EDGE ( 'NONE', *, *, #205, .T. ) ;
#3264 = FACE_BOUND ( 'NONE', #844, .T. ) ;
#3265 = FACE_OUTER_BOUND ( 'NONE', #409, .T. ) ;
#3266 = VECTOR ( 'NONE', #2462, 1000.000000000000000 ) ;
#3267 = CARTESIAN_POINT ( 'NONE',  ( -72.00000000000005684, -72.00000000000002842, 78.67949192431122185 ) ) ;
#3268 = CARTESIAN_POINT ( 'NONE',  ( -103.3259559672906107, 87.80500000000002103, 13.00000000000000178 ) ) ;
#3269 = VECTOR ( 'NONE', #3810, 1000.000000000000000 ) ;
#3270 = VECTOR ( 'NONE', #1936, 1000.000000000000000 ) ;
#3271 = DIRECTION ( 'NONE',  ( -1.000000000000000000, 0.000000000000000000, 0.000000000000000000 ) ) ;
#3272 = ORIENTED_EDGE ( 'NONE', *, *, #1134, .F. ) ;
#3273 = EDGE_LOOP ( 'NONE', ( #1732, #206 ) ) ;
#3274 = EDGE_CURVE ( 'NONE', #4148, #1658, #4300, .T. ) ;
#3275 = FACE_BOUND ( 'NONE', #741, .T. ) ;
#3276 = FACE_OUTER_BOUND ( 'NONE', #4416, .T. ) ;
#3277 = LINE ( 'NONE', #2517, #895 ) ;
#3278 = CARTESIAN_POINT ( 'NONE',  ( -67.04999999999999716, 152.0000000000000000, 52.40000000000001279 ) ) ;
#3279 = CYLINDRICAL_SURFACE ( 'NONE', #235, 1.062499999999994005 ) ;
#3280 = VERTEX_POINT ( 'NONE', #2138 ) ;
#3281 = CARTESIAN_POINT ( 'NONE',  ( -92.95000000000000284, 6.999999999999999112, 60.50000000000001421 ) ) ;
#3282 = EDGE_LOOP ( 'NONE', ( #3363, #4792, #196, #4807 ) ) ;
#3283 = CARTESIAN_POINT ( 'NONE',  ( -178.0277563773199461, 54.19000000000000483, 34.53999999999999915 ) ) ;
#3284 = CARTESIAN_POINT ( 'NONE',  ( -4.999999999999998224, 0.000000000000000000, 0.000000000000000000 ) ) ;
#3285 = VECTOR ( 'NONE', #925, 1000.000000000000000 ) ;
#3286 = DIRECTION ( 'NONE',  ( -1.156482317317871725E-16, 0.000000000000000000, 1.000000000000000000 ) ) ;
#3287 = ORIENTED_EDGE ( 'NONE', *, *, #562, .F. ) ;
#3288 = AXIS2_PLACEMENT_3D ( 'NONE', #4407, #4332, #2877 ) ;
#3289 = LINE ( 'NONE', #3656, #2834 ) ;
#3290 = EDGE_CURVE ( 'NONE', #2242, #241, #3693, .T. ) ;
#3291 = CARTESIAN_POINT ( 'NONE',  ( -156.0000000000000000, 54.87500000000000711, 90.00000000000000000 ) ) ;
#3292 = LINE ( 'NONE', #3998, #4225 ) ;
#3293 = DIRECTION ( 'NONE',  ( 0.000000000000000000, 0.000000000000000000, 1.000000000000000000 ) ) ;
#3294 = AXIS2_PLACEMENT_3D ( 'NONE', #1532, #1459, #4502 ) ;
#3295 = CIRCLE ( 'NONE', #4539, 5.000000000000004441 ) ;
#3296 = VECTOR ( 'NONE', #993, 1000.000000000000000 ) ;
#3297 = VECTOR ( 'NONE', #2381, 1000.000000000000000 ) ;
#3298 = VECTOR ( 'NONE', #980, 1000.000000000000000 ) ;
#3299 = FACE_OUTER_BOUND ( 'NONE', #618, .T. ) ;
#3300 = ORIENTED_EDGE ( 'NONE', *, *, #3454, .F. ) ;
#3301 = VERTEX_POINT ( 'NONE', #2857 ) ;
#3302 = VECTOR ( 'NONE', #170, 1000.000000000000000 ) ;
#3303 = EDGE_CURVE ( 'NONE', #4272, #1645, #730, .T. ) ;
#3304 = LINE ( 'NONE', #3643, #1239 ) ;
#3305 = EDGE_CURVE ( 'NONE', #1801, #1244, #4075, .T. ) ;
#3306 = DIRECTION ( 'NONE',  ( -1.000000000000000000, -0.000000000000000000, -0.000000000000000000 ) ) ;
#3307 = DIRECTION ( 'NONE',  ( 1.000000000000000000, 0.000000000000000000, 0.000000000000000000 ) ) ;
#3308 = DIRECTION ( 'NONE',  ( 0.000000000000000000, 0.000000000000000000, -1.000000000000000000 ) ) ;
#3309 = DIRECTION ( 'NONE',  ( 0.000000000000000000, 0.000000000000000000, -1.000000000000000000 ) ) ;
#3310 = EDGE_CURVE ( 'NONE', #2708, #2789, #1750, .T. ) ;
#3311 = VECTOR ( 'NONE', #665, 1000.000000000000000 ) ;
#3312 = EDGE_CURVE ( 'NONE', #2536, #3619, #4312, .T. ) ;
#3313 = ORIENTED_EDGE ( 'NONE', *, *, #1081, .F. ) ;
#3314 = DIRECTION ( 'NONE',  ( -1.000000000000000000, 0.000000000000000000, -0.000000000000000000 ) ) ;
#3315 = VERTEX_POINT ( 'NONE', #2883 ) ;
#3316 = CARTESIAN_POINT ( 'NONE',  ( -24.52691193458120367, 110.9999999999999858, 53.02691193458121433 ) ) ;
#3317 = EDGE_CURVE ( 'NONE', #1469, #1096, #2112, .T. ) ;
#3318 = DIRECTION ( 'NONE',  ( 1.000000000000000000, 3.469446951953616950E-15, -0.000000000000000000 ) ) ;
#3319 = DIRECTION ( 'NONE',  ( -0.5773502691896256200, -0.5773502691896253980, 0.5773502691896263972 ) ) ;
#3320 = ORIENTED_EDGE ( 'NONE', *, *, #152, .F. ) ;
#3321 = EDGE_CURVE ( 'NONE', #3906, #479, #2907, .T. ) ;
#3322 = DIRECTION ( 'NONE',  ( 0.000000000000000000, 0.000000000000000000, 1.000000000000000000 ) ) ;
#3323 = DIRECTION ( 'NONE',  ( 0.000000000000000000, 0.000000000000000000, 1.000000000000000000 ) ) ;
#3324 = PLANE ( 'NONE',  #2167 ) ;
#3325 = DIRECTION ( 'NONE',  ( -0.000000000000000000, -0.000000000000000000, -1.000000000000000000 ) ) ;
#3326 = ORIENTED_EDGE ( 'NONE', *, *, #1575, .T. ) ;
#3327 = ORIENTED_EDGE ( 'NONE', *, *, #1500, .F. ) ;
#3328 = ORIENTED_EDGE ( 'NONE', *, *, #4645, .F. ) ;
#3329 = ADVANCED_FACE ( 'NONE', ( #1365 ), #1797, .F. ) ;
#3330 = DIRECTION ( 'NONE',  ( -1.000000000000000000, -0.000000000000000000, -0.000000000000000000 ) ) ;
#3331 = CC_DESIGN_SECURITY_CLASSIFICATION ( #2703, ( #3873 ) ) ;
#3332 = DIRECTION ( 'NONE',  ( 0.000000000000000000, -0.000000000000000000, -1.000000000000000000 ) ) ;
#3333 = CARTESIAN_POINT ( 'NONE',  ( 0.000000000000000000, 0.000000000000000000, 21.21320343559644783 ) ) ;
#3334 = CARTESIAN_POINT ( 'NONE',  ( -67.04999999999999716, 6.999999999999998224, 60.50000000000000711 ) ) ;
#3335 = EDGE_LOOP ( 'NONE', ( #2742, #3958, #67, #3553 ) ) ;
#3336 = DIRECTION ( 'NONE',  ( 0.7071067811865463515, 0.7071067811865487940, -2.563333686214074594E-15 ) ) ;
#3337 = ORIENTED_EDGE ( 'NONE', *, *, #1307, .T. ) ;
#3338 = CARTESIAN_POINT ( 'NONE',  ( -3.999999999999999112, 105.1249999999999858, 90.00000000000000000 ) ) ;
#3339 = VERTEX_POINT ( 'NONE', #4412 ) ;
#3340 = COORDINATED_UNIVERSAL_TIME_OFFSET ( 1, 0, .AHEAD. ) ;
#3341 = CARTESIAN_POINT ( 'NONE',  ( 0.000000000000000000, 0.000000000000000000, 8.000000000000000000 ) ) ;
#3342 = ADVANCED_FACE ( 'NONE', ( #1336 ), #3617, .F. ) ;
#3343 = PLANE ( 'NONE',  #4354 ) ;
#3344 = VERTEX_POINT ( 'NONE', #4726 ) ;
#3345 = CIRCLE ( 'NONE', #1232, 9.099999999999983658 ) ;
#3346 = CYLINDRICAL_SURFACE ( 'NONE', #2434, 8.099999999999994316 ) ;
#3347 = CARTESIAN_POINT ( 'NONE',  ( -77.26345596729062493, 87.80500000000002103, 13.00000000000000178 ) ) ;
#3348 = CARTESIAN_POINT ( 'NONE',  ( 0.000000000000000000, 157.0000000000000000, 0.000000000000000000 ) ) ;
#3349 = ORIENTED_EDGE ( 'NONE', *, *, #3955, .F. ) ;
#3350 = DIRECTION ( 'NONE',  ( 1.000000000000000000, 0.000000000000000000, 0.000000000000000000 ) ) ;
#3351 = EDGE_LOOP ( 'NONE', ( #1605, #248 ) ) ;
#3352 = ORIENTED_EDGE ( 'NONE', *, *, #2272, .F. ) ;
#3353 = VECTOR ( 'NONE', #369, 1000.000000000000000 ) ;
#3354 = ORIENTED_EDGE ( 'NONE', *, *, #2589, .T. ) ;
#3355 = CARTESIAN_POINT ( 'NONE',  ( -67.04999999999999716, 160.0000000000000000, 60.50000000000000711 ) ) ;
#3356 = CARTESIAN_POINT ( 'NONE',  ( -160.0000000000000000, 54.19000000000000483, 34.53999999999999915 ) ) ;
#3357 = FACE_OUTER_BOUND ( 'NONE', #3425, .T. ) ;
#3358 = CARTESIAN_POINT ( 'NONE',  ( -160.0000000000000000, 0.000000000000000000, 78.68000000000000682 ) ) ;
#3359 = CIRCLE ( 'NONE', #788, 1.062499999999994005 ) ;
#3360 = EDGE_CURVE ( 'NONE', #2387, #3491, #2506, .T. ) ;
#3361 = ORIENTED_EDGE ( 'NONE', *, *, #349, .T. ) ;
#3362 = DIRECTION ( 'NONE',  ( -0.000000000000000000, -0.000000000000000000, -1.000000000000000000 ) ) ;
#3363 = ORIENTED_EDGE ( 'NONE', *, *, #4330, .T. ) ;
#3364 = PLANE ( 'NONE',  #3433 ) ;
#3365 = ORIENTED_EDGE ( 'NONE', *, *, #2141, .F. ) ;
#3366 = CARTESIAN_POINT ( 'NONE',  ( 0.000000000000000000, 67.04999999999999716, 60.50000000000000711 ) ) ;
#3367 = DIRECTION ( 'NONE',  ( 0.000000000000000000, 0.000000000000000000, -1.000000000000000000 ) ) ;
#3368 = DIRECTION ( 'NONE',  ( 0.7071067811865442421, -0.000000000000000000, 0.7071067811865507924 ) ) ;
#3369 = EDGE_CURVE ( 'NONE', #200, #159, #2920, .T. ) ;
#3370 = DIRECTION ( 'NONE',  ( -1.000000000000000000, -0.000000000000000000, -0.000000000000000000 ) ) ;
#3371 = CARTESIAN_POINT ( 'NONE',  ( -67.04999999999999716, 6.999999999999999112, 52.40000000000001279 ) ) ;
#3372 = VECTOR ( 'NONE', #430, 1000.000000000000000 ) ;
#3373 = EDGE_LOOP ( 'NONE', ( #1342, #957, #33, #653 ) ) ;
#3374 = AXIS2_PLACEMENT_3D ( 'NONE', #4523, #1182, #3065 ) ;
#3375 = DIRECTION ( 'NONE',  ( 0.000000000000000000, 0.000000000000000000, -1.000000000000000000 ) ) ;
#3376 = ORIENTED_EDGE ( 'NONE', *, *, #2432, .F. ) ;
#3377 = ADVANCED_FACE ( 'NONE', ( #4777 ), #658, .T. ) ;
#3378 = VERTEX_POINT ( 'NONE', #1077 ) ;
#3379 = ADVANCED_FACE ( 'NONE', ( #4045 ), #2456, .F. ) ;
#3380 = CARTESIAN_POINT ( 'NONE',  ( -99.26345596729062493, 72.19500000000002160, 8.000000000000000000 ) ) ;
#3381 = AXIS2_PLACEMENT_3D ( 'NONE', #1929, #3, #3423 ) ;
#3382 = AXIS2_PLACEMENT_3D ( 'NONE', #4481, #444, #4117 ) ;
#3383 = CARTESIAN_POINT ( 'NONE',  ( -24.52691193458120367, 152.0000000000000000, 26.02691193458121433 ) ) ;
#3384 = DIRECTION ( 'NONE',  ( 1.000000000000000000, -0.000000000000000000, 0.000000000000000000 ) ) ;
#3385 = CC_DESIGN_PERSON_AND_ORGANIZATION_ASSIGNMENT ( #3001, #2572, ( #1916 ) ) ;
#3386 = CARTESIAN_POINT ( 'NONE',  ( -92.95000000000000284, 7.999999999999998224, 60.50000000000001421 ) ) ;
#3387 = ORIENTED_EDGE ( 'NONE', *, *, #3117, .T. ) ;
#3388 = AXIS2_PLACEMENT_3D ( 'NONE', #3093, #4191, #1949 ) ;
#3389 = ADVANCED_FACE ( 'NONE', ( #606 ), #1700, .F. ) ;
#3390 = LINE ( 'NONE', #1527, #620 ) ;
#3391 = ORIENTED_EDGE ( 'NONE', *, *, #2487, .T. ) ;
#3392 = CARTESIAN_POINT ( 'NONE',  ( -10.53589103967957286, 67.04999999999999716, 21.99102089490162726 ) ) ;
#3393 = ORIENTED_EDGE ( 'NONE', *, *, #4048, .T. ) ;
#3394 = LINE ( 'NONE', #2654, #4024 ) ;
#3395 = FACE_OUTER_BOUND ( 'NONE', #2615, .T. ) ;
#3396 = VECTOR ( 'NONE', #4607, 1000.000000000000000 ) ;
#3397 = CARTESIAN_POINT ( 'NONE',  ( -2.999999999999999556, 3.000000000000000000, 74.67999999999999261 ) ) ;
#3398 = VECTOR ( 'NONE', #2068, 1000.000000000000000 ) ;
#3399 = CARTESIAN_POINT ( 'NONE',  ( -92.95000000000000284, 6.999999999999999112, 52.40000000000001990 ) ) ;
#3400 = ORIENTED_EDGE ( 'NONE', *, *, #3955, .T. ) ;
#3401 = DIRECTION ( 'NONE',  ( -1.000000000000000000, 0.000000000000000000, 0.000000000000000000 ) ) ;
#3402 = EDGE_LOOP ( 'NONE', ( #4214, #1814, #3666, #1174 ) ) ;
#3403 = ORIENTED_EDGE ( 'NONE', *, *, #4687, .F. ) ;
#3404 = EDGE_CURVE ( 'NONE', #477, #3788, #3219, .T. ) ;
#3405 = CYLINDRICAL_SURFACE ( 'NONE', #100, 3.000000000000002665 ) ;
#3406 = DIRECTION ( 'NONE',  ( 0.000000000000000000, 0.000000000000000000, 1.000000000000000000 ) ) ;
#3407 = DIRECTION ( 'NONE',  ( 1.000000000000000000, -0.000000000000000000, -0.000000000000000000 ) ) ;
#3408 = CARTESIAN_POINT ( 'NONE',  ( -160.0000000000000000, 67.04999999999999716, 52.40000000000001279 ) ) ;
#3409 = EDGE_CURVE ( 'NONE', #2393, #536, #1594, .T. ) ;
#3410 = ORIENTED_EDGE ( 'NONE', *, *, #3085, .T. ) ;
#3411 = APPROVAL_PERSON_ORGANIZATION ( #2701, #3441, #1646 ) ;
#3412 = DIRECTION ( 'NONE',  ( 0.000000000000000000, 0.000000000000000000, 1.000000000000000000 ) ) ;
#3413 = ORIENTED_EDGE ( 'NONE', *, *, #816, .F. ) ;
#3414 = CARTESIAN_POINT ( 'NONE',  ( -152.0000000000000000, 102.5000000000000142, 48.00000000000000000 ) ) ;
#3415 = VERTEX_POINT ( 'NONE', #322 ) ;
#3416 = LINE ( 'NONE', #4064, #2542 ) ;
#3417 = AXIS2_PLACEMENT_3D ( 'NONE', #2103, #3259, #3579 ) ;
#3418 = CYLINDRICAL_SURFACE ( 'NONE', #2990, 8.099999999999988987 ) ;
#3419 = DIRECTION ( 'NONE',  ( -1.000000000000000000, 0.000000000000000000, 0.000000000000000000 ) ) ;
#3420 = CARTESIAN_POINT ( 'NONE',  ( -99.26345596729062493, 87.80500000000002103, 13.00000000000000178 ) ) ;
#3421 = LINE ( 'NONE', #1147, #3353 ) ;
#3422 = ORIENTED_EDGE ( 'NONE', *, *, #152, .T. ) ;
#3423 = DIRECTION ( 'NONE',  ( 0.000000000000000000, 0.000000000000000000, 1.000000000000000000 ) ) ;
#3424 = VERTEX_POINT ( 'NONE', #4419 ) ;
#3425 = EDGE_LOOP ( 'NONE', ( #4246, #2621, #1394 ) ) ;
#3426 = AXIS2_PLACEMENT_3D ( 'NONE', #524, #161, #1159 ) ;
#3427 = CARTESIAN_POINT ( 'NONE',  ( -95.20095596729063914, 72.19500000000002160, 13.00000000000000178 ) ) ;
#3428 = CARTESIAN_POINT ( 'NONE',  ( -2.999999999999999556, 0.000000000000000000, 68.67999999999999261 ) ) ;
#3429 = FACE_OUTER_BOUND ( 'NONE', #692, .T. ) ;
#3430 = ORIENTED_EDGE ( 'NONE', *, *, #2226, .T. ) ;
#3431 = AXIS2_PLACEMENT_3D ( 'NONE', #2212, #50, #2267 ) ;
#3432 = LINE ( 'NONE', #2370, #467 ) ;
#3433 = AXIS2_PLACEMENT_3D ( 'NONE', #1405, #2570, #327 ) ;
#3434 = CIRCLE ( 'NONE', #3828, 1.062499999999994005 ) ;
#3435 = ORIENTED_EDGE ( 'NONE', *, *, #3222, .T. ) ;
#3436 = DIRECTION ( 'NONE',  ( 0.000000000000000000, -0.000000000000000000, 1.000000000000000000 ) ) ;
#3437 = EDGE_LOOP ( 'NONE', ( #1537, #2929, #3950, #4368, #3077 ) ) ;
#3438 = DATE_AND_TIME ( #1209, #840 ) ;
#3439 = DIRECTION ( 'NONE',  ( 0.000000000000000000, 0.000000000000000000, -1.000000000000000000 ) ) ;
#3440 = CARTESIAN_POINT ( 'NONE',  ( -100.3259559672906107, 87.80500000000002103, 13.00000000000000178 ) ) ;
#3441 = APPROVAL ( #2680, 'UNSPECIFIED' ) ;
#3442 = DIRECTION ( 'NONE',  ( -1.000000000000000000, 0.000000000000000000, 0.000000000000000000 ) ) ;
#3443 = EDGE_CURVE ( 'NONE', #4805, #740, #2364, .T. ) ;
#3444 = EDGE_LOOP ( 'NONE', ( #1126, #3400, #234, #1293 ) ) ;
#3445 = CARTESIAN_POINT ( 'NONE',  ( -1.599999999999998535, 0.000000000000000000, 0.000000000000000000 ) ) ;
#3446 = ORIENTED_EDGE ( 'NONE', *, *, #3409, .F. ) ;
#3447 = ORIENTED_EDGE ( 'NONE', *, *, #3081, .F. ) ;
#3448 = AXIS2_PLACEMENT_3D ( 'NONE', #1047, #2879, #3922 ) ;
#3449 = DIRECTION ( 'NONE',  ( 0.000000000000000000, 0.000000000000000000, -1.000000000000000000 ) ) ;
#3450 = DIRECTION ( 'NONE',  ( 1.000000000000000000, 1.224646799147353207E-16, 0.000000000000000000 ) ) ;
#3451 = AXIS2_PLACEMENT_3D ( 'NONE', #675, #1792, #4383 ) ;
#3452 = CARTESIAN_POINT ( 'NONE',  ( -152.0000000000000000, 140.6794919243114066, 90.00000000000000000 ) ) ;
#3453 = ORIENTED_EDGE ( 'NONE', *, *, #3128, .T. ) ;
#3454 = EDGE_CURVE ( 'NONE', #740, #2393, #3277, .T. ) ;
#3455 = VECTOR ( 'NONE', #1922, 1000.000000000000114 ) ;
#3456 = LINE ( 'NONE', #2281, #83 ) ;
#3457 = EDGE_CURVE ( 'NONE', #765, #2299, #4032, .T. ) ;
#3458 = AXIS2_PLACEMENT_3D ( 'NONE', #3559, #2464, #3891 ) ;
#3459 = EDGE_LOOP ( 'NONE', ( #2605, #2544, #3084 ) ) ;
#3460 = DIRECTION ( 'NONE',  ( 0.000000000000000000, 0.000000000000000000, 1.000000000000000000 ) ) ;
#3461 = VECTOR ( 'NONE', #1074, 1000.000000000000000 ) ;
#3462 = VECTOR ( 'NONE', #1590, 1000.000000000000000 ) ;
#3463 = EDGE_LOOP ( 'NONE', ( #763, #2055, #1669, #722 ) ) ;
#3464 = LINE ( 'NONE', #95, #1577 ) ;
#3465 = EDGE_CURVE ( 'NONE', #4586, #1607, #2170, .T. ) ;
#3466 = EDGE_CURVE ( 'NONE', #4322, #4336, #655, .T. ) ;
#3467 = EDGE_CURVE ( 'NONE', #1645, #4272, #1202, .T. ) ;
#3468 = LINE ( 'NONE', #1675, #1194 ) ;
#3469 = VECTOR ( 'NONE', #2668, 1000.000000000000000 ) ;
#3470 = DIRECTION ( 'NONE',  ( -1.000000000000000000, 0.000000000000000000, -0.000000000000000000 ) ) ;
#3471 = AXIS2_PLACEMENT_3D ( 'NONE', #455, #4564, #1225 ) ;
#3472 = VERTEX_POINT ( 'NONE', #2193 ) ;
#3473 = DIRECTION ( 'NONE',  ( -0.7071067811865475727, 0.000000000000000000, -0.7071067811865475727 ) ) ;
#3474 = ORIENTED_EDGE ( 'NONE', *, *, #3465, .T. ) ;
#3475 = VERTEX_POINT ( 'NONE', #299 ) ;
#3476 = FACE_OUTER_BOUND ( 'NONE', #4636, .T. ) ;
#3477 = CARTESIAN_POINT ( 'NONE',  ( -2.999999999999999112, 5.311058880651918365E-32, 75.67999999999999261 ) ) ;
#3478 = CARTESIAN_POINT ( 'NONE',  ( 0.000000000000000000, 0.000000000000000000, 90.00000000000000000 ) ) ;
#3479 = CARTESIAN_POINT ( 'NONE',  ( -152.0000000000000000, 92.95000000000000284, 60.50000000000001421 ) ) ;
#3480 = ADVANCED_FACE ( 'NONE', ( #4735 ), #4166, .T. ) ;
#3481 = VERTEX_POINT ( 'NONE', #353 ) ;
#3482 = EDGE_CURVE ( 'NONE', #2369, #2782, #1782, .T. ) ;
#3483 = DIRECTION ( 'NONE',  ( 0.000000000000000000, 0.000000000000000000, 1.000000000000000000 ) ) ;
#3484 = ORIENTED_EDGE ( 'NONE', *, *, #3312, .T. ) ;
#3485 = CYLINDRICAL_SURFACE ( 'NONE', #1653, 8.099999999999988987 ) ;
#3486 = VERTEX_POINT ( 'NONE', #1806 ) ;
#3487 = APPROVAL_DATE_TIME ( #3438, #3441 ) ;
#3488 = FACE_OUTER_BOUND ( 'NONE', #3444, .T. ) ;
#3489 = PLANE ( 'NONE',  #540 ) ;
#3490 = EDGE_CURVE ( 'NONE', #3619, #2803, #1472, .T. ) ;
#3491 = VERTEX_POINT ( 'NONE', #4400 ) ;
#3492 = DIRECTION ( 'NONE',  ( 0.000000000000000000, 0.000000000000000000, 1.000000000000000000 ) ) ;
#3493 = CARTESIAN_POINT ( 'NONE',  ( -4.999999999999998224, 152.0000000000000000, 53.02691193458121433 ) ) ;
#3494 = ORIENTED_EDGE ( 'NONE', *, *, #3850, .F. ) ;
#3495 = ORIENTED_EDGE ( 'NONE', *, *, #3505, .F. ) ;
#3496 = CARTESIAN_POINT ( 'NONE',  ( -21.99999999999999645, 152.0000000000000000, 31.27691193458122143 ) ) ;
#3497 = CYLINDRICAL_SURFACE ( 'NONE', #2583, 1.500000000000001332 ) ;
#3498 = FACE_BOUND ( 'NONE', #1570, .T. ) ;
#3499 = DIRECTION ( 'NONE',  ( -0.000000000000000000, -0.000000000000000000, -1.000000000000000000 ) ) ;
#3500 = EDGE_LOOP ( 'NONE', ( #2921, #3446 ) ) ;
#3501 = VECTOR ( 'NONE', #3973, 1000.000000000000000 ) ;
#3502 = DIRECTION ( 'NONE',  ( -0.7071067811865482389, 0.000000000000000000, 0.7071067811865469066 ) ) ;
#3503 = ORIENTED_EDGE ( 'NONE', *, *, #1520, .F. ) ;
#3504 = CARTESIAN_POINT ( 'NONE',  ( 0.000000000000000000, 160.0000000000000000, 0.000000000000000000 ) ) ;
#3505 = EDGE_CURVE ( 'NONE', #1149, #2473, #4395, .T. ) ;
#3506 = AXIS2_PLACEMENT_3D ( 'NONE', #3595, #4657, #614 ) ;
#3507 = ORIENTED_EDGE ( 'NONE', *, *, #4236, .F. ) ;
#3508 = COORDINATED_UNIVERSAL_TIME_OFFSET ( 1, 0, .AHEAD. ) ;
#3509 = CIRCLE ( 'NONE', #2712, 1.062499999999994005 ) ;
#3510 = VECTOR ( 'NONE', #4624, 1000.000000000000000 ) ;
#3511 = FACE_OUTER_BOUND ( 'NONE', #3039, .T. ) ;
#3512 = CARTESIAN_POINT ( 'NONE',  ( -157.0000000000000000, 160.0000000000000000, 68.67999999999999261 ) ) ;
#3513 = VECTOR ( 'NONE', #2254, 1000.000000000000000 ) ;
#3514 = CYLINDRICAL_SURFACE ( 'NONE', #1338, 8.099999999999988987 ) ;
#3515 = EDGE_CURVE ( 'NONE', #1767, #1891, #3701, .T. ) ;
#3516 = AXIS2_PLACEMENT_3D ( 'NONE', #2670, #497, #2367 ) ;
#3517 = ADVANCED_FACE ( 'NONE', ( #2591 ), #1060, .F. ) ;
#3518 = EDGE_LOOP ( 'NONE', ( #1705, #2566, #1475, #3023 ) ) ;
#3519 = CARTESIAN_POINT ( 'NONE',  ( -24.52691193458120367, 109.4999999999999858, 51.52691193458121433 ) ) ;
#3520 = CARTESIAN_POINT ( 'NONE',  ( -4.999999999999998224, 152.0000000000000000, 24.52691193458121433 ) ) ;
#3521 = VERTEX_POINT ( 'NONE', #1426 ) ;
#3522 = ORIENTED_EDGE ( 'NONE', *, *, #3776, .T. ) ;
#3523 = CARTESIAN_POINT ( 'NONE',  ( -7.999999999999996447, 152.0000000000000000, 90.00000000000000000 ) ) ;
#3524 = DIRECTION ( 'NONE',  ( -1.000000000000000000, -0.000000000000000000, -0.000000000000000000 ) ) ;
#3525 = EDGE_CURVE ( 'NONE', #1302, #3481, #745, .T. ) ;
#3526 = VERTEX_POINT ( 'NONE', #3598 ) ;
#3527 = VECTOR ( 'NONE', #2829, 1000.000000000000000 ) ;
#3528 = VERTEX_POINT ( 'NONE', #254 ) ;
#3529 = CARTESIAN_POINT ( 'NONE',  ( -98.20095596729062493, 72.19500000000002160, 13.00000000000000178 ) ) ;
#3530 = VECTOR ( 'NONE', #3056, 1000.000000000000000 ) ;
#3531 = EDGE_CURVE ( 'NONE', #1618, #3378, #2443, .T. ) ;
#3532 = VERTEX_POINT ( 'NONE', #4712 ) ;
#3533 = CARTESIAN_POINT ( 'NONE',  ( -169.1666666666667425, 40.33333333333347781, 65.16666666666652930 ) ) ;
#3534 = AXIS2_PLACEMENT_3D ( 'NONE', #3281, #2999, #2151 ) ;
#3535 = ORIENTED_EDGE ( 'NONE', *, *, #3092, .F. ) ;
#3536 = ADVANCED_FACE ( 'NONE', ( #2867 ), #3255, .T. ) ;
#3537 = AXIS2_PLACEMENT_3D ( 'NONE', #3585, #242, #628 ) ;
#3538 = AXIS2_PLACEMENT_3D ( 'NONE', #2637, #3401, #2269 ) ;
#3539 = AXIS2_PLACEMENT_3D ( 'NONE', #2448, #2851, #2926 ) ;
#3540 = DIRECTION ( 'NONE',  ( 0.000000000000000000, -1.000000000000000000, 0.000000000000000000 ) ) ;
#3541 = DIRECTION ( 'NONE',  ( 0.000000000000000000, -1.000000000000000000, 0.000000000000000000 ) ) ;
#3542 = DIRECTION ( 'NONE',  ( 1.000000000000000000, -0.000000000000000000, -0.000000000000000000 ) ) ;
#3543 = EDGE_CURVE ( 'NONE', #944, #3602, #435, .T. ) ;
#3544 = ORIENTED_EDGE ( 'NONE', *, *, #1384, .T. ) ;
#3545 = DIRECTION ( 'NONE',  ( 0.000000000000000000, 0.000000000000000000, 1.000000000000000000 ) ) ;
#3546 = CARTESIAN_POINT ( 'NONE',  ( -4.999999999999998224, 109.4999999999999858, 51.52691193458120722 ) ) ;
#3547 = EDGE_LOOP ( 'NONE', ( #4463, #4730, #1698, #2709 ) ) ;
#3548 = ORIENTED_EDGE ( 'NONE', *, *, #4023, .T. ) ;
#3549 = DIRECTION ( 'NONE',  ( -0.000000000000000000, -0.000000000000000000, 1.000000000000000000 ) ) ;
#3550 = VECTOR ( 'NONE', #4364, 1000.000000000000000 ) ;
#3551 = DIRECTION ( 'NONE',  ( 0.000000000000000000, 0.000000000000000000, 1.000000000000000000 ) ) ;
#3552 = ORIENTED_EDGE ( 'NONE', *, *, #4223, .T. ) ;
#3553 = ORIENTED_EDGE ( 'NONE', *, *, #2529, .F. ) ;
#3554 = FACE_BOUND ( 'NONE', #1103, .T. ) ;
#3555 = EDGE_CURVE ( 'NONE', #372, #3728, #348, .T. ) ;
#3556 = CARTESIAN_POINT ( 'NONE',  ( -8.000000000000000000, 3.000000000000000000, 68.67999999999999261 ) ) ;
#3557 = EDGE_CURVE ( 'NONE', #3619, #2537, #3037, .T. ) ;
#3558 = VERTEX_POINT ( 'NONE', #823 ) ;
#3559 = CARTESIAN_POINT ( 'NONE',  ( -160.0000000000000000, 16.00000000000000000, 62.67949192431127159 ) ) ;
#3560 = ORIENTED_EDGE ( 'NONE', *, *, #3238, .F. ) ;
#3561 = CARTESIAN_POINT ( 'NONE',  ( -7.999999999999998224, 67.04999999999999716, 51.40000000000001279 ) ) ;
#3562 = CARTESIAN_POINT ( 'NONE',  ( 0.000000000000000000, 0.000000000000000000, 90.00000000000000000 ) ) ;
#3563 = DIRECTION ( 'NONE',  ( 0.7071067811865475727, -1.533293416683374138E-17, -0.7071067811865475727 ) ) ;
#3564 = EDGE_LOOP ( 'NONE', ( #4139, #1493, #1519, #3453 ) ) ;
#3565 = CARTESIAN_POINT ( 'NONE',  ( -11.99999999999999467, 152.0000000000000000, 46.27691193458122143 ) ) ;
#3566 = DIRECTION ( 'NONE',  ( 1.000000000000000000, -0.000000000000000000, 0.000000000000000000 ) ) ;
#3567 = ORIENTED_EDGE ( 'NONE', *, *, #2119, .T. ) ;
#3568 = ORIENTED_EDGE ( 'NONE', *, *, #3482, .T. ) ;
#3569 = CARTESIAN_POINT ( 'NONE',  ( 74.22649730810371693, 74.22649730810374535, 74.22649730810383062 ) ) ;
#3570 = CARTESIAN_POINT ( 'NONE',  ( -24.52691193458120367, 7.999999999999998224, 8.000000000000000000 ) ) ;
#3571 = ORIENTED_EDGE ( 'NONE', *, *, #2760, .F. ) ;
#3572 = ORIENTED_EDGE ( 'NONE', *, *, #2795, .T. ) ;
#3573 = DIRECTION ( 'NONE',  ( -1.000000000000000000, 0.000000000000000000, -2.312964634635743450E-16 ) ) ;
#3574 = CARTESIAN_POINT ( 'NONE',  ( -22.00000000000000000, 152.0000000000000000, 46.27691193458122143 ) ) ;
#3575 = VERTEX_POINT ( 'NONE', #3428 ) ;
#3576 = DIRECTION ( 'NONE',  ( 0.000000000000000000, 0.000000000000000000, 1.000000000000000000 ) ) ;
#3577 = ORIENTED_EDGE ( 'NONE', *, *, #4097, .T. ) ;
#3578 = DIRECTION ( 'NONE',  ( 0.000000000000000000, 0.000000000000000000, 1.000000000000000000 ) ) ;
#3579 = DIRECTION ( 'NONE',  ( -0.7071067811865474617, 0.000000000000000000, -0.7071067811865473507 ) ) ;
#3580 = DIRECTION ( 'NONE',  ( 0.000000000000000000, 0.000000000000000000, 1.000000000000000000 ) ) ;
#3581 = DIRECTION ( 'NONE',  ( 0.000000000000000000, 0.000000000000000000, 1.000000000000000000 ) ) ;
#3582 = VECTOR ( 'NONE', #2019, 1000.000000000000000 ) ;
#3583 = ORIENTED_EDGE ( 'NONE', *, *, #433, .F. ) ;
#3584 = AXIS2_PLACEMENT_3D ( 'NONE', #1641, #4588, #1254 ) ;
#3585 = CARTESIAN_POINT ( 'NONE',  ( -92.95000000000000284, 7.999999999999998224, 60.50000000000001421 ) ) ;
#3586 = DIRECTION ( 'NONE',  ( -1.000000000000000000, 1.734723475976807094E-15, 0.000000000000000000 ) ) ;
#3587 = VERTEX_POINT ( 'NONE', #3781 ) ;
#3588 = DIRECTION ( 'NONE',  ( -1.000000000000000000, -1.224646799147353207E-16, -0.000000000000000000 ) ) ;
#3589 = EDGE_CURVE ( 'NONE', #3747, #504, #1884, .T. ) ;
#3590 = ADVANCED_FACE ( 'NONE', ( #1563 ), #3057, .F. ) ;
#3591 = DIRECTION ( 'NONE',  ( 0.000000000000000000, -0.000000000000000000, 1.000000000000000000 ) ) ;
#3592 = VERTEX_POINT ( 'NONE', #2694 ) ;
#3593 = ORIENTED_EDGE ( 'NONE', *, *, #4822, .F. ) ;
#3594 = CARTESIAN_POINT ( 'NONE',  ( -7.999999999999998224, 0.000000000000000000, 56.02691193458122143 ) ) ;
#3595 = CARTESIAN_POINT ( 'NONE',  ( -152.0000000000000000, 60.50000000000001421, 45.00000000000000000 ) ) ;
#3596 = ORIENTED_EDGE ( 'NONE', *, *, #4255, .T. ) ;
#3597 = FACE_OUTER_BOUND ( 'NONE', #4748, .T. ) ;
#3598 = CARTESIAN_POINT ( 'NONE',  ( 2.571758278209445605E-15, 144.0000000000000284, 78.68000000000000682 ) ) ;
#3599 = ORIENTED_EDGE ( 'NONE', *, *, #1714, .T. ) ;
#3600 = ADVANCED_FACE ( 'NONE', ( #2324 ), #842, .F. ) ;
#3601 = VECTOR ( 'NONE', #1598, 1000.000000000000000 ) ;
#3602 = VERTEX_POINT ( 'NONE', #475 ) ;
#3603 = CARTESIAN_POINT ( 'NONE',  ( -99.26345596729062493, 72.19500000000002160, 13.00000000000000178 ) ) ;
#3604 = CARTESIAN_POINT ( 'NONE',  ( -24.52691193458120367, 152.0000000000000000, 26.02691193458121788 ) ) ;
#3605 = EDGE_CURVE ( 'NONE', #2242, #3528, #1543, .T. ) ;
#3606 = CARTESIAN_POINT ( 'NONE',  ( -7.999999999999998224, 152.0000000000000000, 86.00000000000000000 ) ) ;
#3607 = EDGE_CURVE ( 'NONE', #4602, #616, #111, .T. ) ;
#3608 = AXIS2_PLACEMENT_3D ( 'NONE', #4189, #2050, #3091 ) ;
#3609 = EDGE_CURVE ( 'NONE', #4680, #3987, #742, .T. ) ;
#3610 = DIRECTION ( 'NONE',  ( 0.7071067811865475727, -1.533293416683374138E-17, -0.7071067811865475727 ) ) ;
#3611 = VERTEX_POINT ( 'NONE', #4516 ) ;
#3612 = DIRECTION ( 'NONE',  ( -2.168404344971006896E-16, 0.000000000000000000, 1.000000000000000000 ) ) ;
#3613 = DIRECTION ( 'NONE',  ( -1.000000000000000000, 0.000000000000000000, 0.000000000000000000 ) ) ;
#3614 = CYLINDRICAL_SURFACE ( 'NONE', #1266, 4.062499999999983125 ) ;
#3615 = TOROIDAL_SURFACE ( 'NONE', #2197, 9.099999999999994316, 1.000000000000000000 ) ;
#3616 = VECTOR ( 'NONE', #2385, 1000.000000000000000 ) ;
#3617 = PLANE ( 'NONE',  #1048 ) ;
#3618 = FACE_OUTER_BOUND ( 'NONE', #1089, .T. ) ;
#3619 = VERTEX_POINT ( 'NONE', #2992 ) ;
#3620 = ORIENTED_EDGE ( 'NONE', *, *, #47, .T. ) ;
#3621 = LINE ( 'NONE', #4321, #4040 ) ;
#3622 = ORIENTED_EDGE ( 'NONE', *, *, #4610, .T. ) ;
#3623 = AXIS2_PLACEMENT_3D ( 'NONE', #3640, #1028, #634 ) ;
#3624 = DIRECTION ( 'NONE',  ( -0.000000000000000000, 0.000000000000000000, 1.000000000000000000 ) ) ;
#3625 = DIRECTION ( 'NONE',  ( -0.7071067811865482389, 0.000000000000000000, 0.7071067811865469066 ) ) ;
#3626 = EDGE_CURVE ( 'NONE', #2048, #1558, #85, .T. ) ;
#3627 = EDGE_CURVE ( 'NONE', #4522, #1152, #4133, .T. ) ;
#3628 = ORIENTED_EDGE ( 'NONE', *, *, #63, .T. ) ;
#3629 = CARTESIAN_POINT ( 'NONE',  ( -152.0000000000000000, 160.0000000000000000, 90.00000000000000000 ) ) ;
#3630 = DIRECTION ( 'NONE',  ( 0.000000000000000000, -1.000000000000000000, 0.000000000000000000 ) ) ;
#3631 = CARTESIAN_POINT ( 'NONE',  ( -15.55634918610405037, 67.04999999999999716, 15.55634918610404682 ) ) ;
#3632 = DIRECTION ( 'NONE',  ( -1.000000000000000000, 0.000000000000000000, -0.000000000000000000 ) ) ;
#3633 = VERTEX_POINT ( 'NONE', #1857 ) ;
#3634 = CARTESIAN_POINT ( 'NONE',  ( -160.0000000000000000, 99.50000000000001421, 31.99999999999999289 ) ) ;
#3635 = DIRECTION ( 'NONE',  ( 0.000000000000000000, -1.000000000000000000, 0.000000000000000000 ) ) ;
#3636 = LINE ( 'NONE', #2882, #26 ) ;
#3637 = ADVANCED_FACE ( 'NONE', ( #4201 ), #2713, .F. ) ;
#3638 = CARTESIAN_POINT ( 'NONE',  ( -24.52691193458120367, 110.9999999999999858, 53.02691193458121433 ) ) ;
#3639 = AXIS2_PLACEMENT_3D ( 'NONE', #3989, #2850, #1408 ) ;
#3640 = CARTESIAN_POINT ( 'NONE',  ( -127.5598306414371166, 127.5598306414371450, 127.5598306414371450 ) ) ;
#3641 = ORIENTED_EDGE ( 'NONE', *, *, #4610, .F. ) ;
#3642 = ORIENTED_EDGE ( 'NONE', *, *, #2000, .T. ) ;
#3643 = CARTESIAN_POINT ( 'NONE',  ( -152.0000000000000000, 54.87500000000000711, 86.00000000000000000 ) ) ;
#3644 = DIRECTION ( 'NONE',  ( 0.000000000000000000, 0.000000000000000000, -1.000000000000000000 ) ) ;
#3645 = DIRECTION ( 'NONE',  ( 0.000000000000000000, 0.000000000000000000, -1.000000000000000000 ) ) ;
#3646 = LINE ( 'NONE', #1454, #3736 ) ;
#3647 = CARTESIAN_POINT ( 'NONE',  ( -6.999999999999999112, 67.04999999999999716, 52.40000000000001279 ) ) ;
#3648 = ADVANCED_FACE ( 'NONE', ( #3357 ), #9, .T. ) ;
#3649 = VERTEX_POINT ( 'NONE', #3754 ) ;
#3650 = DIRECTION ( 'NONE',  ( -1.000000000000000000, 0.000000000000000000, 0.000000000000000000 ) ) ;
#3651 = VERTEX_POINT ( 'NONE', #406 ) ;
#3652 = FACE_OUTER_BOUND ( 'NONE', #2793, .T. ) ;
#3653 = CARTESIAN_POINT ( 'NONE',  ( -7.999999999999998224, 110.9999999999999858, 56.02691193458122143 ) ) ;
#3654 = DIRECTION ( 'NONE',  ( 0.000000000000000000, 0.000000000000000000, 1.000000000000000000 ) ) ;
#3655 = ORIENTED_EDGE ( 'NONE', *, *, #3525, .T. ) ;
#3656 = CARTESIAN_POINT ( 'NONE',  ( -7.999999999999998224, 9.660254037844387298, 80.33974596215558961 ) ) ;
#3657 = FACE_OUTER_BOUND ( 'NONE', #1881, .T. ) ;
#3658 = CARTESIAN_POINT ( 'NONE',  ( -9.828784258493021397, 67.04999999999999716, 22.69812767608817694 ) ) ;
#3659 = CARTESIAN_POINT ( 'NONE',  ( -4.999999999999998224, 109.4999999999999858, 24.52691193458121433 ) ) ;
#3660 = EDGE_CURVE ( 'NONE', #4535, #4680, #1524, .T. ) ;
#3661 = VECTOR ( 'NONE', #3877, 1000.000000000000000 ) ;
#3662 = EDGE_CURVE ( 'NONE', #879, #2983, #1155, .T. ) ;
#3663 = CIRCLE ( 'NONE', #2802, 8.099999999999988987 ) ;
#3664 = AXIS2_PLACEMENT_3D ( 'NONE', #356, #325, #2597 ) ;
#3665 = LINE ( 'NONE', #270, #659 ) ;
#3666 = ORIENTED_EDGE ( 'NONE', *, *, #2568, .F. ) ;
#3667 = ORIENTED_EDGE ( 'NONE', *, *, #3662, .F. ) ;
#3668 = ADVANCED_FACE ( 'NONE', ( #3843 ), #3105, .F. ) ;
#3669 = DIRECTION ( 'NONE',  ( 0.000000000000000000, 0.000000000000000000, -1.000000000000000000 ) ) ;
#3670 = ADVANCED_FACE ( 'NONE', ( #2047 ), #4221, .F. ) ;
#3671 = CARTESIAN_POINT ( 'NONE',  ( -4.999999999999998224, 123.5499999999999829, 42.82691193458121148 ) ) ;
#3672 = CARTESIAN_POINT ( 'NONE',  ( -6.999999999999999112, 92.95000000000000284, 60.50000000000001421 ) ) ;
#3673 = FACE_OUTER_BOUND ( 'NONE', #17, .T. ) ;
#3674 = EDGE_CURVE ( 'NONE', #1891, #2840, #1663, .T. ) ;
#3675 = DIRECTION ( 'NONE',  ( -0.000000000000000000, -1.000000000000000000, -0.000000000000000000 ) ) ;
#3676 = ORIENTED_EDGE ( 'NONE', *, *, #1798, .F. ) ;
#3677 = DIRECTION ( 'NONE',  ( 1.000000000000000000, -0.000000000000000000, -0.000000000000000000 ) ) ;
#3678 = ORIENTED_EDGE ( 'NONE', *, *, #3809, .T. ) ;
#3679 = DATE_AND_TIME ( #443, #4492 ) ;
#3680 = DIRECTION ( 'NONE',  ( -1.000000000000000000, 0.000000000000000000, -0.000000000000000000 ) ) ;
#3681 = CIRCLE ( 'NONE', #323, 8.099999999999988987 ) ;
#3682 = DIRECTION ( 'NONE',  ( -0.000000000000000000, 1.000000000000000000, 0.000000000000000000 ) ) ;
#3683 = ORIENTED_EDGE ( 'NONE', *, *, #2832, .T. ) ;
#3684 = AXIS2_PLACEMENT_3D ( 'NONE', #3477, #3035, #1199 ) ;
#3685 = CARTESIAN_POINT ( 'NONE',  ( -78.32595596729062493, 87.80500000000002103, 13.00000000000000178 ) ) ;
#3686 = FACE_BOUND ( 'NONE', #4766, .T. ) ;
#3687 = LINE ( 'NONE', #1535, #1317 ) ;
#3688 = EDGE_CURVE ( 'NONE', #3962, #4148, #3886, .T. ) ;
#3689 = VECTOR ( 'NONE', #2378, 1000.000000000000000 ) ;
#3690 = CIRCLE ( 'NONE', #1341, 1.062499999999994005 ) ;
#3691 = VECTOR ( 'NONE', #3235, 1000.000000000000000 ) ;
#3692 = AXIS2_PLACEMENT_3D ( 'NONE', #4362, #2453, #3613 ) ;
#3693 = CIRCLE ( 'NONE', #1584, 3.000000000000002665 ) ;
#3694 = LINE ( 'NONE', #344, #2131 ) ;
#3695 = ORIENTED_EDGE ( 'NONE', *, *, #773, .F. ) ;
#3696 = ORIENTED_EDGE ( 'NONE', *, *, #2017, .T. ) ;
#3697 = VERTEX_POINT ( 'NONE', #4266 ) ;
#3698 = VECTOR ( 'NONE', #2632, 1000.000000000000000 ) ;
#3699 = CARTESIAN_POINT ( 'NONE',  ( -152.0000000000000000, 102.5000000000000142, 29.00000000000000000 ) ) ;
#3700 = DIRECTION ( 'NONE',  ( 0.000000000000000000, -1.000000000000000000, 0.000000000000000000 ) ) ;
#3701 = LINE ( 'NONE', #3983, #1738 ) ;
#3702 = DIRECTION ( 'NONE',  ( 0.000000000000000000, 1.000000000000000000, -0.000000000000000000 ) ) ;
#3703 = EDGE_CURVE ( 'NONE', #3602, #392, #1984, .T. ) ;
#3704 = ORIENTED_EDGE ( 'NONE', *, *, #3246, .T. ) ;
#3705 = FACE_OUTER_BOUND ( 'NONE', #1267, .T. ) ;
#3706 = VECTOR ( 'NONE', #3450, 1000.000000000000000 ) ;
#3707 = ORIENTED_EDGE ( 'NONE', *, *, #4190, .T. ) ;
#3708 = DIRECTION ( 'NONE',  ( 1.000000000000000000, 0.000000000000000000, 0.000000000000000000 ) ) ;
#3709 = ORIENTED_EDGE ( 'NONE', *, *, #4714, .F. ) ;
#3710 = CARTESIAN_POINT ( 'NONE',  ( -115.8333333333332291, 66.33333333333354176, 11.83333333333351511 ) ) ;
#3711 = CARTESIAN_POINT ( 'NONE',  ( 0.000000000000000000, 66.33974596215553277, 156.3397459621556038 ) ) ;
#3712 = DIRECTION ( 'NONE',  ( 1.000000000000000000, 3.469446951953616950E-15, -0.000000000000000000 ) ) ;
#3713 = ORIENTED_EDGE ( 'NONE', *, *, #4317, .T. ) ;
#3714 = CARTESIAN_POINT ( 'NONE',  ( -152.0000000000000000, 67.04999999999999716, 52.40000000000001279 ) ) ;
#3715 = DIRECTION ( 'NONE',  ( -0.7071067811865471286, 0.7071067811865479058, 2.392198148880863286E-16 ) ) ;
#3716 = CARTESIAN_POINT ( 'NONE',  ( -6.999999999999998224, 67.04999999999999716, 60.50000000000000711 ) ) ;
#3717 = ORIENTED_EDGE ( 'NONE', *, *, #3826, .T. ) ;
#3718 = LINE ( 'NONE', #3773, #2043 ) ;
#3719 = ORIENTED_EDGE ( 'NONE', *, *, #2892, .F. ) ;
#3720 = ORIENTED_EDGE ( 'NONE', *, *, #1160, .T. ) ;
#3721 = ORIENTED_EDGE ( 'NONE', *, *, #4810, .T. ) ;
#3722 = PLANE ( 'NONE',  #3961 ) ;
#3723 = FACE_OUTER_BOUND ( 'NONE', #347, .T. ) ;
#3724 = DIRECTION ( 'NONE',  ( -0.000000000000000000, -0.000000000000000000, -1.000000000000000000 ) ) ;
#3725 = DIRECTION ( 'NONE',  ( -0.000000000000000000, -0.000000000000000000, -1.000000000000000000 ) ) ;
#3726 = ORIENTED_EDGE ( 'NONE', *, *, #2077, .F. ) ;
#3727 = PLANE ( 'NONE',  #2261 ) ;
#3728 = VERTEX_POINT ( 'NONE', #3928 ) ;
#3729 = LINE ( 'NONE', #4764, #1262 ) ;
#3730 = ORIENTED_EDGE ( 'NONE', *, *, #4444, .T. ) ;
#3731 = CARTESIAN_POINT ( 'NONE',  ( -149.0000000000000000, 60.50000000000002842, 32.00000000000002842 ) ) ;
#3732 = CYLINDRICAL_SURFACE ( 'NONE', #3382, 8.099999999999988987 ) ;
#3733 = DIRECTION ( 'NONE',  ( -0.000000000000000000, 1.779203565104416882E-16, 1.000000000000000000 ) ) ;
#3734 = ADVANCED_FACE ( 'NONE', ( #3498, #3130, #2406, #3154 ), #4583, .F. ) ;
#3735 = ORIENTED_EDGE ( 'NONE', *, *, #1779, .T. ) ;
#3736 = VECTOR ( 'NONE', #4442, 1000.000000000000114 ) ;
#3737 = CARTESIAN_POINT ( 'NONE',  ( 71.99999999999998579, 72.00000000000001421, 78.67949192431129291 ) ) ;
#3738 = CARTESIAN_POINT ( 'NONE',  ( -66.33974596215567487, 160.0000000000000000, 156.3397459621556891 ) ) ;
#3739 = FACE_OUTER_BOUND ( 'NONE', #65, .T. ) ;
#3740 = AXIS2_PLACEMENT_3D ( 'NONE', #4044, #4725, #702 ) ;
#3741 = ADVANCED_FACE ( 'NONE', ( #2765 ), #1702, .F. ) ;
#3742 = EDGE_LOOP ( 'NONE', ( #2671, #3882, #1031, #3313 ) ) ;
#3743 = AXIS2_PLACEMENT_3D ( 'NONE', #2938, #1105, #2246 ) ;
#3744 = DIRECTION ( 'NONE',  ( -0.000000000000000000, 1.000000000000000000, 1.224646799147353207E-16 ) ) ;
#3745 = ORIENTED_EDGE ( 'NONE', *, *, #4819, .F. ) ;
#3746 = EDGE_CURVE ( 'NONE', #3280, #1803, #2606, .T. ) ;
#3747 = VERTEX_POINT ( 'NONE', #3177 ) ;
#3748 = TOROIDAL_SURFACE ( 'NONE', #155, 9.099999999999994316, 1.000000000000000000 ) ;
#3749 = CIRCLE ( 'NONE', #1625, 3.000000000000002665 ) ;
#3750 = EDGE_CURVE ( 'NONE', #3060, #3339, #891, .T. ) ;
#3751 = DIRECTION ( 'NONE',  ( -1.000000000000000000, 0.000000000000000000, 0.000000000000000000 ) ) ;
#3752 = VECTOR ( 'NONE', #1994, 999.9999999999998863 ) ;
#3753 = PLANE ( 'NONE',  #716 ) ;
#3754 = CARTESIAN_POINT ( 'NONE',  ( -100.3259559672906107, 72.19500000000002160, 8.000000000000000000 ) ) ;
#3755 = DIRECTION ( 'NONE',  ( 0.000000000000000000, -1.000000000000000000, 0.000000000000000000 ) ) ;
#3756 = VECTOR ( 'NONE', #4422, 1000.000000000000000 ) ;
#3757 = ORIENTED_EDGE ( 'NONE', *, *, #3176, .F. ) ;
#3758 = AXIS2_PLACEMENT_3D ( 'NONE', #3106, #3499, #1177 ) ;
#3759 = CARTESIAN_POINT ( 'NONE',  ( -152.0000000000000000, 60.50000000000001421, 45.00000000000000000 ) ) ;
#3760 = ORIENTED_EDGE ( 'NONE', *, *, #711, .T. ) ;
#3761 = LINE ( 'NONE', #4500, #3601 ) ;
#3762 = ORIENTED_EDGE ( 'NONE', *, *, #1143, .T. ) ;
#3763 = PERSON_AND_ORGANIZATION_ROLE ( 'creator' ) ;
#3764 = CARTESIAN_POINT ( 'NONE',  ( -4.999999999999998224, 123.5499999999999829, 42.82691193458121148 ) ) ;
#3765 = FACE_OUTER_BOUND ( 'NONE', #966, .T. ) ;
#3766 = EDGE_CURVE ( 'NONE', #413, #3848, #1316, .T. ) ;
#3767 = DIRECTION ( 'NONE',  ( -0.000000000000000000, -0.000000000000000000, 1.000000000000000000 ) ) ;
#3768 = EDGE_CURVE ( 'NONE', #113, #1905, #954, .T. ) ;
#3769 = DIRECTION ( 'NONE',  ( -1.000000000000000000, 0.000000000000000000, 0.000000000000000000 ) ) ;
#3770 = AXIS2_PLACEMENT_3D ( 'NONE', #1934, #795, #1175 ) ;
#3771 = EDGE_LOOP ( 'NONE', ( #3845, #1615 ) ) ;
#3772 = VECTOR ( 'NONE', #4208, 1000.000000000000000 ) ;
#3773 = CARTESIAN_POINT ( 'NONE',  ( -160.0000000000000000, 0.000000000000000000, 90.00000000000000000 ) ) ;
#3774 = EDGE_LOOP ( 'NONE', ( #4672, #3620, #1941, #849 ) ) ;
#3775 = ORIENTED_EDGE ( 'NONE', *, *, #2635, .F. ) ;
#3776 = EDGE_CURVE ( 'NONE', #1321, #3169, #899, .T. ) ;
#3777 = CARTESIAN_POINT ( 'NONE',  ( -16.00000000000000000, -1.959434878635765131E-15, 78.68000000000000682 ) ) ;
#3778 = AXIS2_PLACEMENT_3D ( 'NONE', #2930, #3635, #2159 ) ;
#3779 = AXIS2_PLACEMENT_3D ( 'NONE', #310, #1791, #1439 ) ;
#3780 = CARTESIAN_POINT ( 'NONE',  ( -77.26345596729062493, 72.19500000000002160, 13.00000000000000178 ) ) ;
#3781 = CARTESIAN_POINT ( 'NONE',  ( -73.20095596729065335, 72.19500000000002160, 8.000000000000000000 ) ) ;
#3782 = CARTESIAN_POINT ( 'NONE',  ( -8.000000000000000000, 19.32050807568881012, 90.00000000000000000 ) ) ;
#3783 = ORIENTED_EDGE ( 'NONE', *, *, #2494, .T. ) ;
#3784 = AXIS2_PLACEMENT_3D ( 'NONE', #2607, #3322, #73 ) ;
#3785 = FACE_OUTER_BOUND ( 'NONE', #3147, .T. ) ;
#3786 = ORIENTED_EDGE ( 'NONE', *, *, #92, .T. ) ;
#3787 = PLANE ( 'NONE',  #4375 ) ;
#3788 = VERTEX_POINT ( 'NONE', #3570 ) ;
#3789 = PERSON_AND_ORGANIZATION ( #2420, #1755 ) ;
#3790 = CARTESIAN_POINT ( 'NONE',  ( -7.999999999999998224, 105.1249999999999858, 86.00000000000000000 ) ) ;
#3791 = FACE_OUTER_BOUND ( 'NONE', #1546, .T. ) ;
#3792 = AXIS2_PLACEMENT_3D ( 'NONE', #4248, #564, #4632 ) ;
#3793 = FACE_OUTER_BOUND ( 'NONE', #2404, .T. ) ;
#3794 = DIRECTION ( 'NONE',  ( 1.445602896647337931E-16, -1.000000000000000000, 0.000000000000000000 ) ) ;
#3795 = ORIENTED_EDGE ( 'NONE', *, *, #1076, .F. ) ;
#3796 = CARTESIAN_POINT ( 'NONE',  ( -149.0000000000000000, 96.50000000000000000, 32.00000000000000000 ) ) ;
#3797 = ORIENTED_EDGE ( 'NONE', *, *, #30, .T. ) ;
#3798 = ORIENTED_EDGE ( 'NONE', *, *, #1717, .T. ) ;
#3799 = DIRECTION ( 'NONE',  ( 0.000000000000000000, 0.000000000000000000, -1.000000000000000000 ) ) ;
#3800 = CARTESIAN_POINT ( 'NONE',  ( -152.0000000000000000, 0.000000000000000000, 0.000000000000000000 ) ) ;
#3801 = CARTESIAN_POINT ( 'NONE',  ( -103.3259559672906107, 87.80500000000002103, 8.000000000000000000 ) ) ;
#3802 = ORIENTED_EDGE ( 'NONE', *, *, #3674, .T. ) ;
#3803 = DIRECTION ( 'NONE',  ( 1.224646799147353207E-16, -1.000000000000000000, 0.000000000000000000 ) ) ;
#3804 = EDGE_CURVE ( 'NONE', #3633, #127, #3200, .T. ) ;
#3805 = ORIENTED_EDGE ( 'NONE', *, *, #2660, .F. ) ;
#3806 = CARTESIAN_POINT ( 'NONE',  ( -16.00000000000000000, -1.959434878635765131E-15, 62.67949192431127159 ) ) ;
#3807 = ORIENTED_EDGE ( 'NONE', *, *, #3609, .T. ) ;
#3808 = DIRECTION ( 'NONE',  ( 0.000000000000000000, 0.000000000000000000, 1.000000000000000000 ) ) ;
#3809 = EDGE_CURVE ( 'NONE', #4483, #1321, #1339, .T. ) ;
#3810 = DIRECTION ( 'NONE',  ( 1.000000000000000000, -0.000000000000000000, -0.000000000000000000 ) ) ;
#3811 = DIRECTION ( 'NONE',  ( -1.000000000000000000, 0.000000000000000000, -1.156482317317871725E-16 ) ) ;
#3812 = DIRECTION ( 'NONE',  ( 0.000000000000000000, 1.000000000000000000, 0.000000000000000000 ) ) ;
#3813 = ORIENTED_EDGE ( 'NONE', *, *, #2321, .T. ) ;
#3814 = CARTESIAN_POINT ( 'NONE',  ( -76.20095596729063914, 87.80500000000002103, 13.00000000000000178 ) ) ;
#3815 = ORIENTED_EDGE ( 'NONE', *, *, #903, .F. ) ;
#3816 = ADVANCED_FACE ( 'NONE', ( #496 ), #195, .T. ) ;
#3817 = ORIENTED_EDGE ( 'NONE', *, *, #1073, .F. ) ;
#3818 = ADVANCED_FACE ( 'NONE', ( #1611 ), #3977, .T. ) ;
#3819 = CIRCLE ( 'NONE', #1697, 8.099999999999988987 ) ;
#3820 = CARTESIAN_POINT ( 'NONE',  ( -1.099999999999998535, 119.4999999999999858, 42.82691193458121148 ) ) ;
#3821 = CARTESIAN_POINT ( 'NONE',  ( 10.04091629284897813, 119.4999999999999858, 38.77691193458120722 ) ) ;
#3822 = CYLINDRICAL_SURFACE ( 'NONE', #3758, 1.062499999999994005 ) ;
#3823 = ADVANCED_FACE ( 'NONE', ( #1368 ), #4392, .T. ) ;
#3824 = EDGE_CURVE ( 'NONE', #3280, #4336, #1742, .T. ) ;
#3825 = ORIENTED_EDGE ( 'NONE', *, *, #1788, .T. ) ;
#3826 = EDGE_CURVE ( 'NONE', #2032, #2528, #1751, .T. ) ;
#3827 = CARTESIAN_POINT ( 'NONE',  ( 0.000000000000000000, 67.04999999999999716, 52.40000000000001279 ) ) ;
#3828 = AXIS2_PLACEMENT_3D ( 'NONE', #2007, #2717, #64 ) ;
#3829 = EDGE_LOOP ( 'NONE', ( #548, #4042, #602, #2099 ) ) ;
#3830 = PLANE ( 'NONE',  #3374 ) ;
#3831 = ORIENTED_EDGE ( 'NONE', *, *, #565, .T. ) ;
#3832 = DATE_TIME_ROLE ( 'classification_date' ) ;
#3833 = DIRECTION ( 'NONE',  ( -1.000000000000000000, -0.000000000000000000, -0.000000000000000000 ) ) ;
#3834 = CARTESIAN_POINT ( 'NONE',  ( -77.26345596729062493, 87.80500000000002103, 13.00000000000000178 ) ) ;
#3835 = CARTESIAN_POINT ( 'NONE',  ( -72.00000000000005684, -72.00000000000002842, 78.67949192431122185 ) ) ;
#3836 = ORIENTED_EDGE ( 'NONE', *, *, #1134, .T. ) ;
#3837 = CARTESIAN_POINT ( 'NONE',  ( -9.828784258493019621, 92.95000000000000284, 22.69812767608818049 ) ) ;
#3838 = ADVANCED_FACE ( 'NONE', ( #977 ), #2162, .T. ) ;
#3839 = EDGE_LOOP ( 'NONE', ( #3413, #3349 ) ) ;
#3840 = ORIENTED_EDGE ( 'NONE', *, *, #3986, .F. ) ;
#3841 = DIRECTION ( 'NONE',  ( 0.7071067811865475727, 0.7071067811865474617, 0.000000000000000000 ) ) ;
#3842 = FACE_OUTER_BOUND ( 'NONE', #4561, .T. ) ;
#3843 = FACE_OUTER_BOUND ( 'NONE', #1539, .T. ) ;
#3844 = LINE ( 'NONE', #2004, #1406 ) ;
#3845 = ORIENTED_EDGE ( 'NONE', *, *, #2089, .T. ) ;
#3846 = AXIS2_PLACEMENT_3D ( 'NONE', #3191, #4303, #581 ) ;
#3847 = DIRECTION ( 'NONE',  ( 0.000000000000000000, 0.000000000000000000, 1.000000000000000000 ) ) ;
#3848 = VERTEX_POINT ( 'NONE', #2934 ) ;
#3849 = DIRECTION ( 'NONE',  ( 0.000000000000000000, 0.000000000000000000, 1.000000000000000000 ) ) ;
#3850 = EDGE_CURVE ( 'NONE', #1607, #2117, #3665, .T. ) ;
#3851 = AXIS2_PLACEMENT_3D ( 'NONE', #4600, #1265, #4559 ) ;
#3852 = AXIS2_PLACEMENT_3D ( 'NONE', #2431, #929, #3926 ) ;
#3853 = ORIENTED_EDGE ( 'NONE', *, *, #4663, .T. ) ;
#3854 = DIRECTION ( 'NONE',  ( 0.000000000000000000, 1.000000000000000000, 0.000000000000000000 ) ) ;
#3855 = VECTOR ( 'NONE', #432, 1000.000000000000000 ) ;
#3856 = CARTESIAN_POINT ( 'NONE',  ( -144.0000000000000284, 160.0000000000000284, 78.68000000000000682 ) ) ;
#3857 = AXIS2_PLACEMENT_3D ( 'NONE', #1725, #1079, #2555 ) ;
#3858 = EDGE_LOOP ( 'NONE', ( #4339, #3560, #4228, #3683 ) ) ;
#3859 = LINE ( 'NONE', #1628, #3285 ) ;
#3860 = CARTESIAN_POINT ( 'NONE',  ( -152.0000000000000000, 0.000000000000000000, 90.00000000000000000 ) ) ;
#3861 = ORIENTED_EDGE ( 'NONE', *, *, #1890, .T. ) ;
#3862 = ORIENTED_EDGE ( 'NONE', *, *, #4013, .T. ) ;
#3863 = DIRECTION ( 'NONE',  ( 1.000000000000000000, -0.000000000000000000, -0.000000000000000000 ) ) ;
#3864 = ADVANCED_FACE ( 'NONE', ( #1447 ), #293, .T. ) ;
#3865 = LINE ( 'NONE', #1957, #3372 ) ;
#3866 = DIRECTION ( 'NONE',  ( -1.000000000000000000, -0.000000000000000000, -0.000000000000000000 ) ) ;
#3867 = LINE ( 'NONE', #4182, #401 ) ;
#3868 = ORIENTED_EDGE ( 'NONE', *, *, #747, .T. ) ;
#3869 = DIRECTION ( 'NONE',  ( -0.7071067811865472397, 0.000000000000000000, -0.7071067811865479058 ) ) ;
#3870 = VERTEX_POINT ( 'NONE', #2511 ) ;
#3871 = CARTESIAN_POINT ( 'NONE',  ( -149.0000000000000000, 96.50000000000000000, 45.00000000000000711 ) ) ;
#3872 = ORIENTED_EDGE ( 'NONE', *, *, #4761, .F. ) ;
#3873 = PRODUCT_DEFINITION_FORMATION_WITH_SPECIFIED_SOURCE ( 'ANY', '', #1916, .NOT_KNOWN. ) ;
#3874 = EDGE_CURVE ( 'NONE', #4501, #750, #4240, .T. ) ;
#3875 = VECTOR ( 'NONE', #4694, 1000.000000000000000 ) ;
#3876 = DIRECTION ( 'NONE',  ( -0.000000000000000000, -0.000000000000000000, 1.000000000000000000 ) ) ;
#3877 = DIRECTION ( 'NONE',  ( -0.000000000000000000, -0.000000000000000000, -1.000000000000000000 ) ) ;
#3878 = ORIENTED_EDGE ( 'NONE', *, *, #2984, .F. ) ;
#3879 = DIRECTION ( 'NONE',  ( 1.000000000000000000, -0.000000000000000000, -0.000000000000000000 ) ) ;
#3880 = LINE ( 'NONE', #3860, #1509 ) ;
#3881 = DIRECTION ( 'NONE',  ( 0.000000000000000000, -1.000000000000000000, 0.000000000000000000 ) ) ;
#3882 = ORIENTED_EDGE ( 'NONE', *, *, #2206, .T. ) ;
#3883 = DIRECTION ( 'NONE',  ( 0.000000000000000000, -1.000000000000000000, 0.000000000000000000 ) ) ;
#3884 = ADVANCED_FACE ( 'NONE', ( #2911 ), #317, .F. ) ;
#3885 = EDGE_CURVE ( 'NONE', #4501, #821, #246, .T. ) ;
#3886 = LINE ( 'NONE', #519, #3396 ) ;
#3887 = EDGE_LOOP ( 'NONE', ( #3172, #940, #176, #4350 ) ) ;
#3888 = ORIENTED_EDGE ( 'NONE', *, *, #4169, .T. ) ;
#3889 = CARTESIAN_POINT ( 'NONE',  ( -8.000000000000000000, 0.000000000000000000, 68.67999999999999261 ) ) ;
#3890 = ORIENTED_EDGE ( 'NONE', *, *, #4741, .T. ) ;
#3891 = DIRECTION ( 'NONE',  ( -0.7071067811865472397, 0.7071067811865479058, 0.000000000000000000 ) ) ;
#3892 = ORIENTED_EDGE ( 'NONE', *, *, #1701, .T. ) ;
#3893 = AXIS2_PLACEMENT_3D ( 'NONE', #2205, #3712, #365 ) ;
#3894 = TOROIDAL_SURFACE ( 'NONE', #1781, 9.099999999999994316, 1.000000000000000000 ) ;
#3895 = DIRECTION ( 'NONE',  ( 1.000000000000000000, 0.000000000000000000, 0.000000000000000000 ) ) ;
#3896 = CARTESIAN_POINT ( 'NONE',  ( -66.33974596215564645, -66.33974596215560382, 90.00000000000000000 ) ) ;
#3897 = DIRECTION ( 'NONE',  ( 0.000000000000000000, 0.000000000000000000, 1.000000000000000000 ) ) ;
#3898 = ORIENTED_EDGE ( 'NONE', *, *, #4519, .T. ) ;
#3899 = LINE ( 'NONE', #4470, #3752 ) ;
#3900 = LINE ( 'NONE', #3493, #1972 ) ;
#3901 = CARTESIAN_POINT ( 'NONE',  ( -149.0000000000000000, 99.50000000000000000, 45.00000000000000711 ) ) ;
#3902 = ORIENTED_EDGE ( 'NONE', *, *, #408, .T. ) ;
#3903 = CARTESIAN_POINT ( 'NONE',  ( -152.0000000000000000, 39.19000000000000483, 34.53999999999999915 ) ) ;
#3904 = ADVANCED_FACE ( 'NONE', ( #3299 ), #681, .T. ) ;
#3905 = CARTESIAN_POINT ( 'NONE',  ( -1.599999999999998535, 119.4999999999999858, 38.77691193458120722 ) ) ;
#3906 = VERTEX_POINT ( 'NONE', #4778 ) ;
#3907 = VECTOR ( 'NONE', #1495, 1000.000000000000000 ) ;
#3908 = ORIENTED_EDGE ( 'NONE', *, *, #1432, .F. ) ;
#3909 = DIRECTION ( 'NONE',  ( -0.000000000000000000, 1.000000000000000000, -0.000000000000000000 ) ) ;
#3910 = LINE ( 'NONE', #3529, #1943 ) ;
#3911 = ORIENTED_EDGE ( 'NONE', *, *, #4645, .T. ) ;
#3912 = DIRECTION ( 'NONE',  ( 1.000000000000000000, -0.000000000000000000, -0.000000000000000000 ) ) ;
#3913 = ORIENTED_EDGE ( 'NONE', *, *, #1890, .F. ) ;
#3914 = VECTOR ( 'NONE', #2655, 1000.000000000000000 ) ;
#3915 = VECTOR ( 'NONE', #4323, 1000.000000000000000 ) ;
#3916 = VECTOR ( 'NONE', #2821, 1000.000000000000000 ) ;
#3917 = CIRCLE ( 'NONE', #27, 8.099999999999988987 ) ;
#3918 = AXIS2_PLACEMENT_3D ( 'NONE', #2340, #887, #908 ) ;
#3919 = DIRECTION ( 'NONE',  ( 1.000000000000000000, -0.000000000000000000, -0.000000000000000000 ) ) ;
#3920 = PLANE ( 'NONE',  #3846 ) ;
#3921 = EDGE_LOOP ( 'NONE', ( #3676, #1197, #1163, #287 ) ) ;
#3922 = DIRECTION ( 'NONE',  ( -1.000000000000000000, 0.000000000000000000, -0.000000000000000000 ) ) ;
#3923 = FACE_OUTER_BOUND ( 'NONE', #2715, .T. ) ;
#3924 = DIRECTION ( 'NONE',  ( -1.000000000000000000, 0.000000000000000000, 0.000000000000000000 ) ) ;
#3925 = ORIENTED_EDGE ( 'NONE', *, *, #4687, .T. ) ;
#3926 = DIRECTION ( 'NONE',  ( 0.000000000000000000, 0.000000000000000000, 1.000000000000000000 ) ) ;
#3927 = AXIS2_PLACEMENT_3D ( 'NONE', #4803, #3307, #3645 ) ;
#3928 = CARTESIAN_POINT ( 'NONE',  ( -6.999999999999999112, 67.04999999999999716, 68.59999999999999432 ) ) ;
#3929 = ORIENTED_EDGE ( 'NONE', *, *, #3490, .T. ) ;
#3930 = ORIENTED_EDGE ( 'NONE', *, *, #214, .F. ) ;
#3931 = CARTESIAN_POINT ( 'NONE',  ( -149.0000000000000000, 96.50000000000000000, 45.00000000000000711 ) ) ;
#3932 = DIRECTION ( 'NONE',  ( 0.000000000000000000, 0.000000000000000000, -1.000000000000000000 ) ) ;
#3933 = ORIENTED_EDGE ( 'NONE', *, *, #3804, .F. ) ;
#3934 = DIRECTION ( 'NONE',  ( 0.000000000000000000, 1.000000000000000000, -0.000000000000000000 ) ) ;
#3935 = ORIENTED_EDGE ( 'NONE', *, *, #4519, .F. ) ;
#3936 = CARTESIAN_POINT ( 'NONE',  ( -67.04999999999999716, 6.999999999999999112, 60.50000000000000711 ) ) ;
#3937 = ADVANCED_FACE ( 'NONE', ( #4050, #4001, #3618 ), #2139, .T. ) ;
#3938 = DIRECTION ( 'NONE',  ( -0.000000000000000000, -0.000000000000000000, -1.000000000000000000 ) ) ;
#3939 = CARTESIAN_POINT ( 'NONE',  ( -153.0000000000000000, 67.04999999999999716, 60.50000000000000711 ) ) ;
#3940 = ORIENTED_EDGE ( 'NONE', *, *, #632, .F. ) ;
#3941 = DIRECTION ( 'NONE',  ( 0.000000000000000000, 0.000000000000000000, -1.000000000000000000 ) ) ;
#3942 = CARTESIAN_POINT ( 'NONE',  ( -16.26345596729059650, 92.95000000000000284, 16.26345596729060006 ) ) ;
#3943 = EDGE_LOOP ( 'NONE', ( #452, #591, #3567, #2961, #3707, #3978, #3069 ) ) ;
#3944 = ORIENTED_EDGE ( 'NONE', *, *, #1809, .T. ) ;
#3945 = CARTESIAN_POINT ( 'NONE',  ( -157.0000000000000000, 160.0000000000000000, 75.67999999999999261 ) ) ;
#3946 = EDGE_CURVE ( 'NONE', #501, #2803, #4705, .T. ) ;
#3947 = DIRECTION ( 'NONE',  ( -1.000000000000000000, 0.000000000000000000, 0.000000000000000000 ) ) ;
#3948 = ORIENTED_EDGE ( 'NONE', *, *, #3703, .T. ) ;
#3949 = EDGE_CURVE ( 'NONE', #1463, #2299, #3694, .T. ) ;
#3950 = ORIENTED_EDGE ( 'NONE', *, *, #4385, .T. ) ;
#3951 = CARTESIAN_POINT ( 'NONE',  ( -92.95000000000000284, 160.0000000000000000, 52.40000000000001990 ) ) ;
#3952 = LINE ( 'NONE', #1667, #4738 ) ;
#3953 = VECTOR ( 'NONE', #38, 1000.000000000000114 ) ;
#3954 = VERTEX_POINT ( 'NONE', #4338 ) ;
#3955 = EDGE_CURVE ( 'NONE', #4087, #4378, #1910, .T. ) ;
#3956 = CARTESIAN_POINT ( 'NONE',  ( -103.3259559672906107, 72.19500000000002160, 8.000000000000000000 ) ) ;
#3957 = EDGE_CURVE ( 'NONE', #4497, #3475, #269, .T. ) ;
#3958 = ORIENTED_EDGE ( 'NONE', *, *, #547, .T. ) ;
#3959 = VECTOR ( 'NONE', #3881, 1000.000000000000000 ) ;
#3960 = EDGE_CURVE ( 'NONE', #568, #2571, #3718, .T. ) ;
#3961 = AXIS2_PLACEMENT_3D ( 'NONE', #4397, #4055, #1129 ) ;
#3962 = VERTEX_POINT ( 'NONE', #4076 ) ;
#3963 = LINE ( 'NONE', #4326, #570 ) ;
#3964 = CARTESIAN_POINT ( 'NONE',  ( -9.660254037844392627, 7.999999999999998224, 80.33974596215558961 ) ) ;
#3965 = AXIS2_PLACEMENT_3D ( 'NONE', #4071, #74, #396 ) ;
#3966 = LINE ( 'NONE', #3606, #1968 ) ;
#3967 = FACE_OUTER_BOUND ( 'NONE', #3207, .T. ) ;
#3968 = VECTOR ( 'NONE', #298, 999.9999999999998863 ) ;
#3969 = EDGE_LOOP ( 'NONE', ( #40, #3125, #3719, #2052 ) ) ;
#3970 = AXIS2_PLACEMENT_3D ( 'NONE', #1501, #4806, #2971 ) ;
#3971 = DIRECTION ( 'NONE',  ( 1.000000000000000000, 0.000000000000000000, -1.224646799147352961E-16 ) ) ;
#3972 = FACE_OUTER_BOUND ( 'NONE', #984, .T. ) ;
#3973 = DIRECTION ( 'NONE',  ( 0.000000000000000000, -1.000000000000000000, 0.000000000000000000 ) ) ;
#3974 = CARTESIAN_POINT ( 'NONE',  ( -1.099999999999998535, 119.4999999999999858, 38.77691193458120722 ) ) ;
#3975 = EDGE_CURVE ( 'NONE', #4336, #732, #427, .T. ) ;
#3976 = ADVANCED_FACE ( 'NONE', ( #4489 ), #450, .T. ) ;
#3977 = PLANE ( 'NONE',  #3623 ) ;
#3978 = ORIENTED_EDGE ( 'NONE', *, *, #3274, .F. ) ;
#3979 = ORIENTED_EDGE ( 'NONE', *, *, #3975, .F. ) ;
#3980 = DIRECTION ( 'NONE',  ( 1.000000000000000000, 0.000000000000000000, 0.000000000000000000 ) ) ;
#3981 = ORIENTED_EDGE ( 'NONE', *, *, #4589, .F. ) ;
#3982 = FACE_OUTER_BOUND ( 'NONE', #2022, .T. ) ;
#3983 = CARTESIAN_POINT ( 'NONE',  ( -13.66025403784436243, 160.0000000000000000, 76.33974596215560382 ) ) ;
#3984 = AXIS2_PLACEMENT_3D ( 'NONE', #474, #1562, #3080 ) ;
#3985 = CIRCLE ( 'NONE', #1032, 9.099999999999983658 ) ;
#3986 = EDGE_CURVE ( 'NONE', #963, #3526, #1847, .T. ) ;
#3987 = VERTEX_POINT ( 'NONE', #3032 ) ;
#3988 = CARTESIAN_POINT ( 'NONE',  ( -2.999999999999999556, 5.000000000000004441, 78.68000000000000682 ) ) ;
#3989 = CARTESIAN_POINT ( 'NONE',  ( -77.26345596729062493, 87.80500000000002103, 13.00000000000000178 ) ) ;
#3990 = FACE_BOUND ( 'NONE', #1842, .T. ) ;
#3991 = AXIS2_PLACEMENT_3D ( 'NONE', #3243, #266, #2931 ) ;
#3992 = AXIS2_PLACEMENT_3D ( 'NONE', #4387, #2476, #1049 ) ;
#3993 = VECTOR ( 'NONE', #1686, 1000.000000000000000 ) ;
#3994 = CARTESIAN_POINT ( 'NONE',  ( -24.52691193458120367, 109.4999999999999858, 53.02691193458121433 ) ) ;
#3995 = ORIENTED_EDGE ( 'NONE', *, *, #990, .F. ) ;
#3996 = CARTESIAN_POINT ( 'NONE',  ( -160.0000000000000000, 54.19000000000000483, 24.53999999999999559 ) ) ;
#3997 = CARTESIAN_POINT ( 'NONE',  ( -160.0000000000000000, 67.04999999999999716, 60.50000000000000711 ) ) ;
#3998 = CARTESIAN_POINT ( 'NONE',  ( -1.599999999999998535, 123.5499999999999829, 34.72691193458121717 ) ) ;
#3999 = VECTOR ( 'NONE', #811, 1000.000000000000000 ) ;
#4000 = DIRECTION ( 'NONE',  ( 0.000000000000000000, -1.000000000000000000, 0.000000000000000000 ) ) ;
#4001 = FACE_BOUND ( 'NONE', #440, .T. ) ;
#4002 = ORIENTED_EDGE ( 'NONE', *, *, #1773, .T. ) ;
#4003 = ORIENTED_EDGE ( 'NONE', *, *, #1438, .T. ) ;
#4004 = AXIS2_PLACEMENT_3D ( 'NONE', #4107, #4471, #2221 ) ;
#4005 = EDGE_CURVE ( 'NONE', #1421, #104, #2995, .T. ) ;
#4006 = FACE_OUTER_BOUND ( 'NONE', #950, .T. ) ;
#4007 = VECTOR ( 'NONE', #2859, 1000.000000000000000 ) ;
#4008 = CARTESIAN_POINT ( 'NONE',  ( -157.0000000000000000, 160.0000000000000000, 90.00000000000000000 ) ) ;
#4009 = DIRECTION ( 'NONE',  ( 1.000000000000000000, 0.000000000000000000, 0.000000000000000000 ) ) ;
#4010 = DIRECTION ( 'NONE',  ( 0.000000000000000000, 0.000000000000000000, 1.000000000000000000 ) ) ;
#4011 = CARTESIAN_POINT ( 'NONE',  ( -152.0000000000000000, 54.87500000000000711, 86.00000000000000000 ) ) ;
#4012 = ORIENTED_EDGE ( 'NONE', *, *, #3703, .F. ) ;
#4013 = EDGE_CURVE ( 'NONE', #392, #1645, #889, .T. ) ;
#4014 = VERTEX_POINT ( 'NONE', #4509 ) ;
#4015 = FACE_OUTER_BOUND ( 'NONE', #4061, .T. ) ;
#4016 = ADVANCED_FACE ( 'NONE', ( #2214 ), #1490, .T. ) ;
#4017 = LINE ( 'NONE', #284, #2825 ) ;
#4018 = CARTESIAN_POINT ( 'NONE',  ( -178.0277563773199461, 39.19000000000000483, 24.53999999999999559 ) ) ;
#4019 = ORIENTED_EDGE ( 'NONE', *, *, #499, .T. ) ;
#4020 = CARTESIAN_POINT ( 'NONE',  ( -7.999999999999998224, 105.1249999999999858, 86.00000000000000000 ) ) ;
#4021 = CARTESIAN_POINT ( 'NONE',  ( -1.599999999999998535, 123.5499999999999829, 34.72691193458121717 ) ) ;
#4022 = CARTESIAN_POINT ( 'NONE',  ( 0.000000000000000000, 0.000000000000000000, 90.00000000000000000 ) ) ;
#4023 = EDGE_CURVE ( 'NONE', #3728, #1499, #31, .T. ) ;
#4024 = VECTOR ( 'NONE', #1867, 1000.000000000000000 ) ;
#4025 = DIRECTION ( 'NONE',  ( 0.000000000000000000, 0.000000000000000000, 1.000000000000000000 ) ) ;
#4026 = ORIENTED_EDGE ( 'NONE', *, *, #2563, .F. ) ;
#4027 = EDGE_CURVE ( 'NONE', #4593, #4733, #1907, .T. ) ;
#4028 = EDGE_LOOP ( 'NONE', ( #605, #471, #209, #894, #971, #2200 ) ) ;
#4029 = DIRECTION ( 'NONE',  ( 0.7071067811865479058, 0.000000000000000000, -0.7071067811865472397 ) ) ;
#4030 = ADVANCED_FACE ( 'NONE', ( #32 ), #3615, .T. ) ;
#4031 = DIRECTION ( 'NONE',  ( -0.000000000000000000, 1.000000000000000000, -0.000000000000000000 ) ) ;
#4032 = LINE ( 'NONE', #3333, #2295 ) ;
#4033 = LINE ( 'NONE', #746, #1018 ) ;
#4034 = DIRECTION ( 'NONE',  ( -1.000000000000000000, 0.000000000000000000, 0.000000000000000000 ) ) ;
#4035 = ORIENTED_EDGE ( 'NONE', *, *, #1275, .T. ) ;
#4036 = CARTESIAN_POINT ( 'NONE',  ( -160.0000000000000000, 132.6794919243113782, 90.00000000000000000 ) ) ;
#4037 = EDGE_CURVE ( 'NONE', #345, #944, #2909, .T. ) ;
#4038 = ORIENTED_EDGE ( 'NONE', *, *, #2441, .T. ) ;
#4039 = PLANE ( 'NONE',  #886 ) ;
#4040 = VECTOR ( 'NONE', #1301, 1000.000000000000000 ) ;
#4041 = DIRECTION ( 'NONE',  ( 0.000000000000000000, 1.000000000000000000, 0.000000000000000000 ) ) ;
#4042 = ORIENTED_EDGE ( 'NONE', *, *, #710, .T. ) ;
#4043 = FACE_OUTER_BOUND ( 'NONE', #2362, .T. ) ;
#4044 = CARTESIAN_POINT ( 'NONE',  ( -15.55634918610405037, 67.04999999999999716, 15.55634918610404682 ) ) ;
#4045 = FACE_OUTER_BOUND ( 'NONE', #1379, .T. ) ;
#4046 = VECTOR ( 'NONE', #1189, 1000.000000000000000 ) ;
#4047 = CIRCLE ( 'NONE', #1704, 1.000000000000000888 ) ;
#4048 = EDGE_CURVE ( 'NONE', #3906, #2241, #4771, .T. ) ;
#4049 = ADVANCED_FACE ( 'NONE', ( #4149 ), #819, .F. ) ;
#4050 = FACE_BOUND ( 'NONE', #3771, .T. ) ;
#4051 = EDGE_LOOP ( 'NONE', ( #1726, #2550, #1956, #3495 ) ) ;
#4052 = ORIENTED_EDGE ( 'NONE', *, *, #3305, .T. ) ;
#4053 = EDGE_CURVE ( 'NONE', #4283, #126, #2985, .T. ) ;
#4054 = ORIENTED_EDGE ( 'NONE', *, *, #582, .T. ) ;
#4055 = DIRECTION ( 'NONE',  ( 0.000000000000000000, 1.000000000000000000, -0.000000000000000000 ) ) ;
#4056 = DIRECTION ( 'NONE',  ( -1.540743955509789025E-33, -1.000000000000000000, 2.168404344971008560E-17 ) ) ;
#4057 = DIRECTION ( 'NONE',  ( 0.000000000000000000, 0.000000000000000000, -1.000000000000000000 ) ) ;
#4058 = CARTESIAN_POINT ( 'NONE',  ( -67.04999999999999716, 6.999999999999999112, 68.59999999999999432 ) ) ;
#4059 = ORIENTED_EDGE ( 'NONE', *, *, #3167, .T. ) ;
#4060 = CARTESIAN_POINT ( 'NONE',  ( -100.3259559672906107, 72.19500000000002160, 13.00000000000000178 ) ) ;
#4061 = EDGE_LOOP ( 'NONE', ( #3836, #2097, #2215, #2427 ) ) ;
#4062 = PLANE ( 'NONE',  #1168 ) ;
#4063 = ORIENTED_EDGE ( 'NONE', *, *, #3156, .F. ) ;
#4064 = CARTESIAN_POINT ( 'NONE',  ( -149.0000000000000000, 102.5000000000000142, 32.00000000000002842 ) ) ;
#4065 = DIRECTION ( 'NONE',  ( 0.000000000000000000, 0.000000000000000000, 1.000000000000000000 ) ) ;
#4066 = DIRECTION ( 'NONE',  ( 0.000000000000000000, 0.000000000000000000, 1.000000000000000000 ) ) ;
#4067 = ORIENTED_EDGE ( 'NONE', *, *, #1578, .F. ) ;
#4068 = VECTOR ( 'NONE', #493, 1000.000000000000000 ) ;
#4069 = CARTESIAN_POINT ( 'NONE',  ( -92.95000000000000284, 153.0000000000000000, 60.50000000000001421 ) ) ;
#4070 = PLANE ( 'NONE',  #3991 ) ;
#4071 = CARTESIAN_POINT ( 'NONE',  ( -77.26345596729062493, 87.80500000000002103, 13.00000000000000178 ) ) ;
#4072 = AXIS2_PLACEMENT_3D ( 'NONE', #3631, #4768, #600 ) ;
#4073 = VECTOR ( 'NONE', #3022, 1000.000000000000000 ) ;
#4074 = AXIS2_PLACEMENT_3D ( 'NONE', #3445, #102, #2960 ) ;
#4075 = CIRCLE ( 'NONE', #1973, 3.000000000000002665 ) ;
#4076 = CARTESIAN_POINT ( 'NONE',  ( -24.52691193458120367, 109.4999999999999858, 26.02691193458121433 ) ) ;
#4077 = ORIENTED_EDGE ( 'NONE', *, *, #987, .F. ) ;
#4078 = ORIENTED_EDGE ( 'NONE', *, *, #1865, .T. ) ;
#4079 = ORIENTED_EDGE ( 'NONE', *, *, #250, .T. ) ;
#4080 = FACE_OUTER_BOUND ( 'NONE', #1219, .T. ) ;
#4081 = CYLINDRICAL_SURFACE ( 'NONE', #1247, 5.000000000000004441 ) ;
#4082 = CARTESIAN_POINT ( 'NONE',  ( -99.26345596729062493, 72.19500000000002160, 13.00000000000000178 ) ) ;
#4083 = LINE ( 'NONE', #3278, #997 ) ;
#4084 = ORIENTED_EDGE ( 'NONE', *, *, #4027, .T. ) ;
#4085 = CARTESIAN_POINT ( 'NONE',  ( -153.0000000000000000, 92.95000000000000284, 60.50000000000001421 ) ) ;
#4086 = AXIS2_PLACEMENT_3D ( 'NONE', #706, #2886, #3220 ) ;
#4087 = VERTEX_POINT ( 'NONE', #3814 ) ;
#4088 = CYLINDRICAL_SURFACE ( 'NONE', #1948, 8.099999999999988987 ) ;
#4089 = ORIENTED_EDGE ( 'NONE', *, *, #3957, .T. ) ;
#4090 = DIRECTION ( 'NONE',  ( -5.551115123125777969E-15, 1.000000000000000000, 0.000000000000000000 ) ) ;
#4091 = DIRECTION ( 'NONE',  ( -1.000000000000000000, 0.000000000000000000, -0.000000000000000000 ) ) ;
#4092 = CARTESIAN_POINT ( 'NONE',  ( -153.0000000000000000, 67.04999999999999716, 51.40000000000001279 ) ) ;
#4093 = ADVANCED_FACE ( 'NONE', ( #469 ), #1953, .T. ) ;
#4094 = ORIENTED_EDGE ( 'NONE', *, *, #4103, .F. ) ;
#4095 = DIRECTION ( 'NONE',  ( 0.000000000000000000, 1.000000000000000000, 0.000000000000000000 ) ) ;
#4096 = DIRECTION ( 'NONE',  ( -1.000000000000000000, 0.000000000000000000, 0.000000000000000000 ) ) ;
#4097 = EDGE_CURVE ( 'NONE', #3526, #1463, #2613, .T. ) ;
#4098 = CARTESIAN_POINT ( 'NONE',  ( -24.52691193458120367, 110.9999999999999858, 53.02691193458121433 ) ) ;
#4099 = ORIENTED_EDGE ( 'NONE', *, *, #3162, .T. ) ;
#4100 = DIRECTION ( 'NONE',  ( 1.000000000000000000, 0.000000000000000000, 0.000000000000000000 ) ) ;
#4101 = ORIENTED_EDGE ( 'NONE', *, *, #2441, .F. ) ;
#4102 = ORIENTED_EDGE ( 'NONE', *, *, #2743, .F. ) ;
#4103 = EDGE_CURVE ( 'NONE', #1377, #4272, #1629, .T. ) ;
#4104 = CYLINDRICAL_SURFACE ( 'NONE', #1003, 8.099999999999988987 ) ;
#4105 = CIRCLE ( 'NONE', #4641, 8.099999999999988987 ) ;
#4106 = DIRECTION ( 'NONE',  ( 0.7071067811865473507, -0.7071067811865477948, 6.984914740301575086E-16 ) ) ;
#4107 = CARTESIAN_POINT ( 'NONE',  ( -99.26345596729062493, 87.80500000000002103, 13.00000000000000178 ) ) ;
#4108 = CARTESIAN_POINT ( 'NONE',  ( -160.0000000000000000, 92.95000000000000284, 52.40000000000001990 ) ) ;
#4109 = ORIENTED_EDGE ( 'NONE', *, *, #3531, .F. ) ;
#4110 = FACE_OUTER_BOUND ( 'NONE', #55, .T. ) ;
#4111 = EDGE_CURVE ( 'NONE', #1803, #3280, #2595, .T. ) ;
#4112 = ADVANCED_FACE ( 'NONE', ( #1587, #2781, #3923 ), #3171, .F. ) ;
#4113 = ORIENTED_EDGE ( 'NONE', *, *, #419, .F. ) ;
#4114 = CARTESIAN_POINT ( 'NONE',  ( 6.938893903907228378E-15, 0.000000000000000000, 21.21320343559644073 ) ) ;
#4115 = ORIENTED_EDGE ( 'NONE', *, *, #2649, .F. ) ;
#4116 = EDGE_CURVE ( 'NONE', #429, #127, #3880, .T. ) ;
#4117 = DIRECTION ( 'NONE',  ( 0.000000000000000000, 0.000000000000000000, -1.000000000000000000 ) ) ;
#4118 = CARTESIAN_POINT ( 'NONE',  ( -160.0000000000000000, 39.19000000000000483, 24.53999999999999204 ) ) ;
#4119 = VERTEX_POINT ( 'NONE', #3546 ) ;
#4120 = DIRECTION ( 'NONE',  ( -1.000000000000000000, 0.000000000000000000, 0.000000000000000000 ) ) ;
#4121 = CARTESIAN_POINT ( 'NONE',  ( -160.0000000000000000, 99.50000000000001421, 44.99999999999999289 ) ) ;
#4122 = AXIS2_PLACEMENT_3D ( 'NONE', #1313, #3924, #2087 ) ;
#4123 = ORIENTED_EDGE ( 'NONE', *, *, #4557, .T. ) ;
#4124 = CIRCLE ( 'NONE', #2881, 4.062499999999983125 ) ;
#4125 = DIRECTION ( 'NONE',  ( 0.000000000000000000, 0.000000000000000000, 1.000000000000000000 ) ) ;
#4126 = ORIENTED_EDGE ( 'NONE', *, *, #453, .T. ) ;
#4127 = ORIENTED_EDGE ( 'NONE', *, *, #1160, .F. ) ;
#4128 = VECTOR ( 'NONE', #2237, 1000.000000000000000 ) ;
#4129 = AXIS2_PLACEMENT_3D ( 'NONE', #3027, #4066, #337 ) ;
#4130 = EDGE_CURVE ( 'NONE', #87, #159, #2759, .T. ) ;
#4131 = CARTESIAN_POINT ( 'NONE',  ( -92.95000000000000284, 153.0000000000000000, 60.50000000000001421 ) ) ;
#4132 = DIRECTION ( 'NONE',  ( 0.000000000000000000, 0.000000000000000000, 1.000000000000000000 ) ) ;
#4133 = LINE ( 'NONE', #4156, #1352 ) ;
#4134 = DIRECTION ( 'NONE',  ( -1.000000000000000000, 0.000000000000000000, 0.000000000000000000 ) ) ;
#4135 = EDGE_LOOP ( 'NONE', ( #4706, #3730 ) ) ;
#4136 = CARTESIAN_POINT ( 'NONE',  ( -159.6666666666667140, 49.83333333333342097, 21.33333333333343163 ) ) ;
#4137 = ORIENTED_EDGE ( 'NONE', *, *, #2801, .T. ) ;
#4138 = CARTESIAN_POINT ( 'NONE',  ( -152.0000000000000000, 57.49999999999999289, 48.00000000000000000 ) ) ;
#4139 = ORIENTED_EDGE ( 'NONE', *, *, #1931, .F. ) ;
#4140 = APPLICATION_PROTOCOL_DEFINITION ( 'international standard', 'config_control_design', 1994, #1362 ) ;
#4141 = FACE_BOUND ( 'NONE', #4402, .T. ) ;
#4142 = ADVANCED_FACE ( 'NONE', ( #905 ), #514, .T. ) ;
#4143 = CARTESIAN_POINT ( 'NONE',  ( -7.999999999999996447, 140.6794919243112361, 90.00000000000000000 ) ) ;
#4144 = FACE_OUTER_BOUND ( 'NONE', #1370, .T. ) ;
#4145 = AXIS2_PLACEMENT_3D ( 'NONE', #768, #431, #3492 ) ;
#4146 = FACE_OUTER_BOUND ( 'NONE', #1727, .T. ) ;
#4147 = AXIS2_PLACEMENT_3D ( 'NONE', #2082, #261, #3581 ) ;
#4148 = VERTEX_POINT ( 'NONE', #3076 ) ;
#4149 = FACE_OUTER_BOUND ( 'NONE', #2153, .T. ) ;
#4150 = ORIENTED_EDGE ( 'NONE', *, *, #96, .F. ) ;
#4151 = ORIENTED_EDGE ( 'NONE', *, *, #3674, .F. ) ;
#4152 = DIRECTION ( 'NONE',  ( 1.000000000000000000, -0.000000000000000000, -0.000000000000000000 ) ) ;
#4153 = VECTOR ( 'NONE', #3142, 1000.000000000000000 ) ;
#4154 = VECTOR ( 'NONE', #2318, 1000.000000000000000 ) ;
#4155 = VECTOR ( 'NONE', #4526, 1000.000000000000000 ) ;
#4156 = CARTESIAN_POINT ( 'NONE',  ( -160.0000000000000000, 39.19000000000000483, 34.53999999999999915 ) ) ;
#4157 = DIRECTION ( 'NONE',  ( 0.000000000000000000, 0.000000000000000000, -1.000000000000000000 ) ) ;
#4158 = EDGE_CURVE ( 'NONE', #2537, #1144, #3900, .T. ) ;
#4159 = VERTEX_POINT ( 'NONE', #3837 ) ;
#4160 = CIRCLE ( 'NONE', #3388, 1.000000000000000888 ) ;
#4161 = CARTESIAN_POINT ( 'NONE',  ( -1.099999999999998535, 119.4999999999999858, 35.22691193458120296 ) ) ;
#4162 = ORIENTED_EDGE ( 'NONE', *, *, #2017, .F. ) ;
#4163 = LINE ( 'NONE', #3392, #956 ) ;
#4164 = EDGE_LOOP ( 'NONE', ( #3300, #4268, #836, #468 ) ) ;
#4165 = DIRECTION ( 'NONE',  ( -1.000000000000000000, -0.000000000000000000, -0.000000000000000000 ) ) ;
#4166 = TOROIDAL_SURFACE ( 'NONE', #3927, 9.099999999999990763, 1.000000000000000000 ) ;
#4167 = LINE ( 'NONE', #833, #3269 ) ;
#4168 = EDGE_CURVE ( 'NONE', #104, #2213, #1729, .T. ) ;
#4169 = EDGE_CURVE ( 'NONE', #1133, #944, #1606, .T. ) ;
#4170 = DIRECTION ( 'NONE',  ( 0.7071067811865473507, -0.7071067811865477948, 6.984914740301575086E-16 ) ) ;
#4171 = LINE ( 'NONE', #1581, #2253 ) ;
#4172 = ADVANCED_FACE ( 'NONE', ( #1243 ), #2040, .F. ) ;
#4173 = ORIENTED_EDGE ( 'NONE', *, *, #3321, .T. ) ;
#4174 = EDGE_CURVE ( 'NONE', #3611, #3587, #1975, .T. ) ;
#4175 = DIRECTION ( 'NONE',  ( 0.7071067811865479058, 0.000000000000000000, -0.7071067811865471286 ) ) ;
#4176 = VERTEX_POINT ( 'NONE', #4243 ) ;
#4177 = ORIENTED_EDGE ( 'NONE', *, *, #4053, .F. ) ;
#4178 = ADVANCED_FACE ( 'NONE', ( #488 ), #4262, .F. ) ;
#4179 = DIRECTION ( 'NONE',  ( 0.000000000000000000, 0.000000000000000000, 1.000000000000000000 ) ) ;
#4180 = DIRECTION ( 'NONE',  ( -1.000000000000000000, 0.000000000000000000, 0.000000000000000000 ) ) ;
#4181 = EDGE_CURVE ( 'NONE', #2379, #707, #2707, .T. ) ;
#4182 = CARTESIAN_POINT ( 'NONE',  ( -8.000000000000000000, 67.04999999999999716, 68.59999999999999432 ) ) ;
#4183 = ORIENTED_EDGE ( 'NONE', *, *, #72, .T. ) ;
#4184 = DIRECTION ( 'NONE',  ( 0.000000000000000000, 0.000000000000000000, 1.000000000000000000 ) ) ;
#4185 = VERTEX_POINT ( 'NONE', #534 ) ;
#4186 = CARTESIAN_POINT ( 'NONE',  ( -92.95000000000000284, 8.000000000000000000, 68.60000000000000853 ) ) ;
#4187 = EDGE_LOOP ( 'NONE', ( #869, #182, #3107, #1136 ) ) ;
#4188 = APPROVAL_STATUS ( 'not_yet_approved' ) ;
#4189 = CARTESIAN_POINT ( 'NONE',  ( -1.599999999999998535, 123.5499999999999829, 42.82691193458121148 ) ) ;
#4190 = EDGE_CURVE ( 'NONE', #366, #1658, #2020, .T. ) ;
#4191 = DIRECTION ( 'NONE',  ( -1.000000000000000000, 0.000000000000000000, 0.000000000000000000 ) ) ;
#4192 = FACE_OUTER_BOUND ( 'NONE', #458, .T. ) ;
#4193 = VERTEX_POINT ( 'NONE', #1656 ) ;
#4194 = DIRECTION ( 'NONE',  ( 0.000000000000000000, -1.000000000000000000, 0.000000000000000000 ) ) ;
#4195 = ORIENTED_EDGE ( 'NONE', *, *, #2305, .T. ) ;
#4196 = ORIENTED_EDGE ( 'NONE', *, *, #1596, .T. ) ;
#4197 = LINE ( 'NONE', #860, #1730 ) ;
#4198 = CIRCLE ( 'NONE', #1086, 1.000000000000000888 ) ;
#4199 = EDGE_CURVE ( 'NONE', #765, #2782, #2402, .T. ) ;
#4200 = DIRECTION ( 'NONE',  ( 0.7071067811865475727, -1.533293416683374138E-17, -0.7071067811865475727 ) ) ;
#4201 = FACE_OUTER_BOUND ( 'NONE', #4218, .T. ) ;
#4202 = LINE ( 'NONE', #3629, #696 ) ;
#4203 = ORIENTED_EDGE ( 'NONE', *, *, #295, .F. ) ;
#4204 = VECTOR ( 'NONE', #2516, 1000.000000000000000 ) ;
#4205 = CARTESIAN_POINT ( 'NONE',  ( -67.04999999999999716, 6.999999999999998224, 69.59999999999999432 ) ) ;
#4206 = CIRCLE ( 'NONE', #2093, 8.099999999999988987 ) ;
#4207 = ORIENTED_EDGE ( 'NONE', *, *, #3874, .T. ) ;
#4208 = DIRECTION ( 'NONE',  ( -0.000000000000000000, -0.000000000000000000, 1.000000000000000000 ) ) ;
#4209 = EDGE_LOOP ( 'NONE', ( #545, #2600, #163, #2557 ) ) ;
#4210 = CARTESIAN_POINT ( 'NONE',  ( -24.52691193458120367, 152.0000000000000000, 7.999999999999986677 ) ) ;
#4211 = DIRECTION ( 'NONE',  ( -0.7071067811865473507, 0.7071067811865477948, 0.000000000000000000 ) ) ;
#4212 = ADVANCED_FACE ( 'NONE', ( #856 ), #4542, .T. ) ;
#4213 = LINE ( 'NONE', #2777, #2724 ) ;
#4214 = ORIENTED_EDGE ( 'NONE', *, *, #2243, .T. ) ;
#4215 = CARTESIAN_POINT ( 'NONE',  ( -152.0000000000000000, 54.19000000000000483, 34.53999999999999915 ) ) ;
#4216 = DIRECTION ( 'NONE',  ( -1.000000000000000000, 0.000000000000000000, -0.000000000000000000 ) ) ;
#4217 = EDGE_LOOP ( 'NONE', ( #2735, #2311, #709, #172 ) ) ;
#4218 = EDGE_LOOP ( 'NONE', ( #1335, #4510, #3678, #2679 ) ) ;
#4219 = CARTESIAN_POINT ( 'NONE',  ( 0.000000000000000000, 0.000000000000000000, 90.00000000000000000 ) ) ;
#4220 = DIRECTION ( 'NONE',  ( 1.000000000000000000, -0.000000000000000000, -0.000000000000000000 ) ) ;
#4221 = PLANE ( 'NONE',  #2126 ) ;
#4222 = LINE ( 'NONE', #1983, #309 ) ;
#4223 = EDGE_CURVE ( 'NONE', #442, #4437, #3917, .T. ) ;
#4224 = ORIENTED_EDGE ( 'NONE', *, *, #4013, .F. ) ;
#4225 = VECTOR ( 'NONE', #4776, 1000.000000000000000 ) ;
#4226 = VECTOR ( 'NONE', #463, 1000.000000000000000 ) ;
#4227 = DIRECTION ( 'NONE',  ( -1.000000000000000000, -0.000000000000000000, -0.000000000000000000 ) ) ;
#4228 = ORIENTED_EDGE ( 'NONE', *, *, #4181, .T. ) ;
#4229 = CARTESIAN_POINT ( 'NONE',  ( -8.000000000000000000, -9.797174393178825657E-16, 78.68000000000000682 ) ) ;
#4230 = VECTOR ( 'NONE', #4647, 1000.000000000000000 ) ;
#4231 = AXIS2_PLACEMENT_3D ( 'NONE', #4708, #1728, #201 ) ;
#4232 = ORIENTED_EDGE ( 'NONE', *, *, #3004, .F. ) ;
#4233 = ADVANCED_FACE ( 'NONE', ( #3657 ), #3242, .F. ) ;
#4234 = ADVANCED_FACE ( 'NONE', ( #3972 ), #994, .T. ) ;
#4235 = DIRECTION ( 'NONE',  ( 0.000000000000000000, 0.000000000000000000, -1.000000000000000000 ) ) ;
#4236 = EDGE_CURVE ( 'NONE', #487, #1161, #1269, .T. ) ;
#4237 = VECTOR ( 'NONE', #2146, 1000.000000000000000 ) ;
#4238 = LINE ( 'NONE', #2014, #472 ) ;
#4239 = EDGE_CURVE ( 'NONE', #1229, #2118, #973, .T. ) ;
#4240 = CIRCLE ( 'NONE', #4398, 4.062499999999983125 ) ;
#4241 = ORIENTED_EDGE ( 'NONE', *, *, #3543, .T. ) ;
#4242 = LINE ( 'NONE', #173, #2184 ) ;
#4243 = CARTESIAN_POINT ( 'NONE',  ( 0.000000000000000000, 119.4999999999999858, 35.22691193458120296 ) ) ;
#4244 = EDGE_CURVE ( 'NONE', #2773, #3870, #2880, .T. ) ;
#4245 = DIRECTION ( 'NONE',  ( 0.000000000000000000, 0.000000000000000000, 1.000000000000000000 ) ) ;
#4246 = ORIENTED_EDGE ( 'NONE', *, *, #565, .F. ) ;
#4247 = LINE ( 'NONE', #1246, #572 ) ;
#4248 = CARTESIAN_POINT ( 'NONE',  ( 0.000000000000000000, 0.000000000000000000, 8.000000000000000000 ) ) ;
#4249 = ORIENTED_EDGE ( 'NONE', *, *, #3885, .T. ) ;
#4250 = VERTEX_POINT ( 'NONE', #2109 ) ;
#4251 = CARTESIAN_POINT ( 'NONE',  ( -19.32050807568880302, 7.999999999999996447, 90.00000000000000000 ) ) ;
#4252 = EDGE_LOOP ( 'NONE', ( #4436, #596, #1178 ) ) ;
#4253 = CARTESIAN_POINT ( 'NONE',  ( -152.0000000000000000, 160.0000000000000000, 78.68000000000000682 ) ) ;
#4254 = ORIENTED_EDGE ( 'NONE', *, *, #4670, .F. ) ;
#4255 = EDGE_CURVE ( 'NONE', #3234, #568, #2551, .T. ) ;
#4256 = CARTESIAN_POINT ( 'NONE',  ( -15.55634918610405215, 67.04999999999999716, 15.55634918610405037 ) ) ;
#4257 = LINE ( 'NONE', #483, #135 ) ;
#4258 = ADVANCED_FACE ( 'NONE', ( #4043 ), #2181, .F. ) ;
#4259 = CARTESIAN_POINT ( 'NONE',  ( -2.999999999999999112, -3.673940397442057403E-16, 78.68000000000000682 ) ) ;
#4260 = ORIENTED_EDGE ( 'NONE', *, *, #3303, .T. ) ;
#4261 = CARTESIAN_POINT ( 'NONE',  ( -152.0000000000000000, 99.50000000000001421, 31.99999999999999289 ) ) ;
#4262 = PLANE ( 'NONE',  #1191 ) ;
#4263 = ORIENTED_EDGE ( 'NONE', *, *, #2449, .T. ) ;
#4264 = ORIENTED_EDGE ( 'NONE', *, *, #4199, .F. ) ;
#4265 = DIRECTION ( 'NONE',  ( 0.000000000000000000, -0.000000000000000000, 1.000000000000000000 ) ) ;
#4266 = CARTESIAN_POINT ( 'NONE',  ( -4.999999999999998224, 152.0000000000000000, 26.02691193458121433 ) ) ;
#4267 = ORIENTED_EDGE ( 'NONE', *, *, #4169, .F. ) ;
#4268 = ORIENTED_EDGE ( 'NONE', *, *, #2608, .T. ) ;
#4269 = CARTESIAN_POINT ( 'NONE',  ( -152.0000000000000000, 57.49999999999999289, 29.00000000000000000 ) ) ;
#4270 = ORIENTED_EDGE ( 'NONE', *, *, #2801, .F. ) ;
#4271 = DIRECTION ( 'NONE',  ( -0.000000000000000000, 1.000000000000000000, 0.000000000000000000 ) ) ;
#4272 = VERTEX_POINT ( 'NONE', #2905 ) ;
#4273 = TOROIDAL_SURFACE ( 'NONE', #4512, 9.099999999999990763, 1.000000000000000000 ) ;
#4274 = VECTOR ( 'NONE', #1201, 1000.000000000000000 ) ;
#4275 = VECTOR ( 'NONE', #3803, 1000.000000000000000 ) ;
#4276 = DIRECTION ( 'NONE',  ( 1.000000000000000000, 0.000000000000000000, 0.000000000000000000 ) ) ;
#4277 = DIRECTION ( 'NONE',  ( -0.000000000000000000, -0.000000000000000000, -1.000000000000000000 ) ) ;
#4278 = DIRECTION ( 'NONE',  ( 1.000000000000000000, 0.000000000000000000, 0.000000000000000000 ) ) ;
#4279 = ORIENTED_EDGE ( 'NONE', *, *, #4313, .F. ) ;
#4280 = FACE_BOUND ( 'NONE', #204, .T. ) ;
#4281 = DIRECTION ( 'NONE',  ( 0.000000000000000000, -1.000000000000000000, 0.000000000000000000 ) ) ;
#4282 = DIRECTION ( 'NONE',  ( 0.000000000000000000, 0.000000000000000000, -1.000000000000000000 ) ) ;
#4283 = VERTEX_POINT ( 'NONE', #1747 ) ;
#4284 = DIRECTION ( 'NONE',  ( 0.000000000000000000, 1.000000000000000000, 0.000000000000000000 ) ) ;
#4285 = EDGE_LOOP ( 'NONE', ( #791, #3940, #1560, #1039 ) ) ;
#4286 = AXIS2_PLACEMENT_3D ( 'NONE', #946, #2424, #4723 ) ;
#4287 = CC_DESIGN_DATE_AND_TIME_ASSIGNMENT ( #1619, #3832, ( #2703 ) ) ;
#4288 = ORIENTED_EDGE ( 'NONE', *, *, #1596, .F. ) ;
#4289 = CARTESIAN_POINT ( 'NONE',  ( -13.66025403784440861, 13.66025403784439618, 90.00000000000000000 ) ) ;
#4290 = DIRECTION ( 'NONE',  ( -1.000000000000000000, 0.000000000000000000, -0.000000000000000000 ) ) ;
#4291 = CIRCLE ( 'NONE', #2188, 0.5000000000000004441 ) ;
#4292 = ORIENTED_EDGE ( 'NONE', *, *, #2579, .F. ) ;
#4293 = DIRECTION ( 'NONE',  ( 0.000000000000000000, 0.000000000000000000, 1.000000000000000000 ) ) ;
#4294 = EDGE_CURVE ( 'NONE', #2117, #2, #604, .T. ) ;
#4295 = ORIENTED_EDGE ( 'NONE', *, *, #4487, .T. ) ;
#4296 = VECTOR ( 'NONE', #69, 1000.000000000000000 ) ;
#4297 = AXIS2_PLACEMENT_3D ( 'NONE', #277, #1425, #1757 ) ;
#4298 = AXIS2_PLACEMENT_3D ( 'NONE', #1023, #2502, #4749 ) ;
#4299 = TOROIDAL_SURFACE ( 'NONE', #2284, 9.099999999999990763, 1.000000000000000000 ) ;
#4300 = CIRCLE ( 'NONE', #890, 1.500000000000001332 ) ;
#4301 = DIRECTION ( 'NONE',  ( 0.000000000000000000, 0.000000000000000000, -1.000000000000000000 ) ) ;
#4302 = CARTESIAN_POINT ( 'NONE',  ( -149.0000000000000000, 99.49999999999997158, 0.000000000000000000 ) ) ;
#4303 = DIRECTION ( 'NONE',  ( 0.000000000000000000, 0.000000000000000000, -1.000000000000000000 ) ) ;
#4304 = EDGE_CURVE ( 'NONE', #1479, #2473, #3140, .T. ) ;
#4305 = LINE ( 'NONE', #2105, #1651 ) ;
#4306 = EDGE_CURVE ( 'NONE', #1463, #902, #289, .T. ) ;
#4307 = ORIENTED_EDGE ( 'NONE', *, *, #301, .T. ) ;
#4308 = CARTESIAN_POINT ( 'NONE',  ( -1.599999999999998535, 115.4499999999999886, 42.82691193458121148 ) ) ;
#4309 = LINE ( 'NONE', #1696, #4381 ) ;
#4310 = CARTESIAN_POINT ( 'NONE',  ( -3.999999999999999112, 105.1249999999999858, 90.00000000000000000 ) ) ;
#4311 = EDGE_LOOP ( 'NONE', ( #756, #2818, #2438, #4568 ) ) ;
#4312 = LINE ( 'NONE', #3638, #2688 ) ;
#4313 = EDGE_CURVE ( 'NONE', #1588, #3126, #4309, .T. ) ;
#4314 = AXIS2_PLACEMENT_3D ( 'NONE', #3672, #715, #1010 ) ;
#4315 = ADVANCED_FACE ( 'NONE', ( #3265 ), #4299, .T. ) ;
#4316 = DIRECTION ( 'NONE',  ( 0.000000000000000000, 0.000000000000000000, 1.000000000000000000 ) ) ;
#4317 = EDGE_CURVE ( 'NONE', #1302, #2282, #1414, .T. ) ;
#4318 = ORIENTED_EDGE ( 'NONE', *, *, #3626, .T. ) ;
#4319 = ORIENTED_EDGE ( 'NONE', *, *, #2262, .F. ) ;
#4320 = LINE ( 'NONE', #3070, #3298 ) ;
#4321 = CARTESIAN_POINT ( 'NONE',  ( -24.52691193458120367, 110.9999999999999858, 56.02691193458122143 ) ) ;
#4322 = VERTEX_POINT ( 'NONE', #701 ) ;
#4323 = DIRECTION ( 'NONE',  ( 0.7071067811865463515, 0.7071067811865487940, -2.563333686214074594E-15 ) ) ;
#4324 = ORIENTED_EDGE ( 'NONE', *, *, #4527, .F. ) ;
#4325 = ORIENTED_EDGE ( 'NONE', *, *, #3457, .F. ) ;
#4326 = CARTESIAN_POINT ( 'NONE',  ( -7.999999999999998224, 106.4999999999999858, 90.00000000000000000 ) ) ;
#4327 = FACE_OUTER_BOUND ( 'NONE', #610, .T. ) ;
#4328 = DIRECTION ( 'NONE',  ( 0.000000000000000000, 1.000000000000000000, 0.000000000000000000 ) ) ;
#4329 = EDGE_CURVE ( 'NONE', #477, #3521, #3196, .T. ) ;
#4330 = EDGE_CURVE ( 'NONE', #2048, #1960, #4700, .T. ) ;
#4331 = CIRCLE ( 'NONE', #2231, 8.099999999999996092 ) ;
#4332 = DIRECTION ( 'NONE',  ( 0.000000000000000000, -1.000000000000000000, 0.000000000000000000 ) ) ;
#4333 = ORIENTED_EDGE ( 'NONE', *, *, #268, .T. ) ;
#4334 = CARTESIAN_POINT ( 'NONE',  ( -4.999999999999998224, 109.4999999999999858, 24.52691193458121433 ) ) ;
#4335 = CARTESIAN_POINT ( 'NONE',  ( -7.999999999999998224, 105.1249999999999858, 90.00000000000000000 ) ) ;
#4336 = VERTEX_POINT ( 'NONE', #758 ) ;
#4337 = DIRECTION ( 'NONE',  ( -1.000000000000000000, 0.000000000000000000, -0.000000000000000000 ) ) ;
#4338 = CARTESIAN_POINT ( 'NONE',  ( -153.0000000000000000, 67.04999999999999716, 68.59999999999999432 ) ) ;
#4339 = ORIENTED_EDGE ( 'NONE', *, *, #4385, .F. ) ;
#4340 = ORIENTED_EDGE ( 'NONE', *, *, #1545, .F. ) ;
#4341 = FACE_BOUND ( 'NONE', #3402, .T. ) ;
#4342 = EDGE_CURVE ( 'NONE', #3424, #1244, #367, .T. ) ;
#4343 = DIRECTION ( 'NONE',  ( 0.000000000000000000, 0.000000000000000000, -1.000000000000000000 ) ) ;
#4344 = ORIENTED_EDGE ( 'NONE', *, *, #1078, .F. ) ;
#4345 = CARTESIAN_POINT ( 'NONE',  ( -1.599999999999998535, 0.000000000000000000, 0.000000000000000000 ) ) ;
#4346 = CARTESIAN_POINT ( 'NONE',  ( 0.000000000000000000, 0.000000000000000000, 0.000000000000000000 ) ) ;
#4347 = EDGE_LOOP ( 'NONE', ( #3805, #4676, #4518, #3099 ) ) ;
#4348 = CIRCLE ( 'NONE', #4122, 1.500000000000001332 ) ;
#4349 = VECTOR ( 'NONE', #376, 1000.000000000000000 ) ;
#4350 = ORIENTED_EDGE ( 'NONE', *, *, #1295, .T. ) ;
#4351 = DIRECTION ( 'NONE',  ( 0.000000000000000000, 0.000000000000000000, 1.000000000000000000 ) ) ;
#4353 = AXIS2_PLACEMENT_3D ( 'NONE', #4794, #759, #395 ) ;
#4352 = LINE ( 'NONE', #623, #2148 ) ;
#4354 = AXIS2_PLACEMENT_3D ( 'NONE', #4503, #3319, #2656 ) ;
#4355 = ADVANCED_FACE ( 'NONE', ( #340 ), #3346, .F. ) ;
#4356 = CARTESIAN_POINT ( 'NONE',  ( 6.938893903907228378E-15, 160.0000000000000000, 21.21320343559644073 ) ) ;
#4357 = CIRCLE ( 'NONE', #2259, 4.062499999999983125 ) ;
#4358 = ORIENTED_EDGE ( 'NONE', *, *, #2563, .T. ) ;
#4359 = AXIS2_PLACEMENT_3D ( 'NONE', #2543, #1813, #3309 ) ;
#4360 = DIRECTION ( 'NONE',  ( 1.156482317317871478E-16, 0.000000000000000000, -1.000000000000000000 ) ) ;
#4361 = EDGE_CURVE ( 'NONE', #2661, #1491, #646, .T. ) ;
#4362 = CARTESIAN_POINT ( 'NONE',  ( -24.52691193458120367, 110.9999999999999858, 56.02691193458122143 ) ) ;
#4363 = CARTESIAN_POINT ( 'NONE',  ( -152.0000000000000000, 0.000000000000000000, 90.00000000000000000 ) ) ;
#4364 = DIRECTION ( 'NONE',  ( -0.000000000000000000, -0.000000000000000000, -1.000000000000000000 ) ) ;
#4365 = AXIS2_PLACEMENT_3D ( 'NONE', #866, #4565, #1612 ) ;
#4366 = DIRECTION ( 'NONE',  ( -0.7071067811865480168, 0.000000000000000000, 0.7071067811865470176 ) ) ;
#4367 = ORIENTED_EDGE ( 'NONE', *, *, #4638, .F. ) ;
#4368 = ORIENTED_EDGE ( 'NONE', *, *, #3986, .T. ) ;
#4369 = CARTESIAN_POINT ( 'NONE',  ( -127.5598306414371166, 127.5598306414371450, 127.5598306414371450 ) ) ;
#4370 = ADVANCED_FACE ( 'NONE', ( #1187 ), #1486, .T. ) ;
#4371 = CARTESIAN_POINT ( 'NONE',  ( -1.599999999999998535, 123.5499999999999829, 42.82691193458121148 ) ) ;
#4372 = CARTESIAN_POINT ( 'NONE',  ( -152.0000000000000000, 7.999999999999998224, 86.00000000000000000 ) ) ;
#4373 = AXIS2_PLACEMENT_3D ( 'NONE', #465, #3811, #1650 ) ;
#4374 = AXIS2_PLACEMENT_3D ( 'NONE', #1744, #1021, #4773 ) ;
#4375 = AXIS2_PLACEMENT_3D ( 'NONE', #1230, #3436, #3088 ) ;
#4376 = ORIENTED_EDGE ( 'NONE', *, *, #1351, .F. ) ;
#4377 = CARTESIAN_POINT ( 'NONE',  ( -8.000000000000000000, 67.04999999999999716, 60.50000000000000711 ) ) ;
#4378 = VERTEX_POINT ( 'NONE', #3685 ) ;
#4379 = FACE_BOUND ( 'NONE', #3839, .T. ) ;
#4380 = CARTESIAN_POINT ( 'NONE',  ( -21.21320343559643717, 0.000000000000000000, 0.000000000000000000 ) ) ;
#4381 = VECTOR ( 'NONE', #314, 1000.000000000000000 ) ;
#4382 = VECTOR ( 'NONE', #4814, 1000.000000000000000 ) ;
#4383 = DIRECTION ( 'NONE',  ( 0.000000000000000000, 0.000000000000000000, -1.000000000000000000 ) ) ;
#4384 = ORIENTED_EDGE ( 'NONE', *, *, #363, .F. ) ;
#4385 = EDGE_CURVE ( 'NONE', #3472, #963, #420, .T. ) ;
#4386 = PLANE ( 'NONE',  #3448 ) ;
#4387 = CARTESIAN_POINT ( 'NONE',  ( -15.55634918610404682, 92.95000000000000284, 15.55634918610405037 ) ) ;
#4388 = FACE_BOUND ( 'NONE', #4684, .T. ) ;
#4389 = AXIS2_PLACEMENT_3D ( 'NONE', #1554, #4095, #4454 ) ;
#4390 = DIRECTION ( 'NONE',  ( -1.000000000000000000, 0.000000000000000000, 0.000000000000000000 ) ) ;
#4391 = EDGE_CURVE ( 'NONE', #1133, #3558, #2954, .T. ) ;
#4392 = PLANE ( 'NONE',  #2767 ) ;
#4393 = ORIENTED_EDGE ( 'NONE', *, *, #2611, .F. ) ;
#4394 = EDGE_LOOP ( 'NONE', ( #4488, #4754, #708, #4423, #3352, #4421 ) ) ;
#4395 = CIRCLE ( 'NONE', #2764, 1.000000000000000888 ) ;
#4396 = ADVANCED_FACE ( 'NONE', ( #3029 ), #2658, .T. ) ;
#4397 = CARTESIAN_POINT ( 'NONE',  ( 0.000000000000000000, 7.999999999999998224, 90.00000000000000000 ) ) ;
#4398 = AXIS2_PLACEMENT_3D ( 'NONE', #1054, #1774, #1467 ) ;
#4399 = CARTESIAN_POINT ( 'NONE',  ( -152.0000000000000000, 99.50000000000001421, 44.99999999999999289 ) ) ;
#4400 = CARTESIAN_POINT ( 'NONE',  ( -8.000000000000000000, 3.000000000000000000, 74.67999999999999261 ) ) ;
#4401 = CARTESIAN_POINT ( 'NONE',  ( -156.0000000000000000, 105.1250000000000000, 86.00000000000000000 ) ) ;
#4402 = EDGE_LOOP ( 'NONE', ( #4800, #227 ) ) ;
#4403 = FACE_OUTER_BOUND ( 'NONE', #3282, .T. ) ;
#4404 = VERTEX_POINT ( 'NONE', #2980 ) ;
#4405 = CARTESIAN_POINT ( 'NONE',  ( -152.0000000000000000, 54.19000000000000483, 24.53999999999999559 ) ) ;
#4406 = ADVANCED_FACE ( 'NONE', ( #4144 ), #1097, .T. ) ;
#4407 = CARTESIAN_POINT ( 'NONE',  ( -24.52691193458120367, 110.9999999999999858, 53.02691193458121433 ) ) ;
#4408 = EDGE_LOOP ( 'NONE', ( #228, #470, #635, #3376 ) ) ;
#4409 = EDGE_CURVE ( 'NONE', #2309, #1334, #1119, .T. ) ;
#4410 = CARTESIAN_POINT ( 'NONE',  ( -152.0000000000000000, 157.0000000000000000, 68.67999999999999261 ) ) ;
#4411 = DIRECTION ( 'NONE',  ( 1.000000000000000000, -0.000000000000000000, -0.000000000000000000 ) ) ;
#4412 = CARTESIAN_POINT ( 'NONE',  ( -152.0000000000000000, 152.0000000000000000, 8.000000000000000000 ) ) ;
#4413 = CC_DESIGN_APPROVAL ( #3441, ( #3873 ) ) ;
#4414 = DIRECTION ( 'NONE',  ( 0.000000000000000000, 1.000000000000000000, -1.224646799147352961E-16 ) ) ;
#4415 = VERTEX_POINT ( 'NONE', #3399 ) ;
#4416 = EDGE_LOOP ( 'NONE', ( #512, #373, #3853, #4307 ) ) ;
#4417 = LINE ( 'NONE', #3252, #4815 ) ;
#4418 = PLANE ( 'NONE',  #4587 ) ;
#4419 = CARTESIAN_POINT ( 'NONE',  ( -152.0000000000000000, 159.9999999999999716, 75.67999999999999261 ) ) ;
#4420 = DIRECTION ( 'NONE',  ( -0.000000000000000000, -1.000000000000000000, 0.000000000000000000 ) ) ;
#4421 = ORIENTED_EDGE ( 'NONE', *, *, #3092, .T. ) ;
#4422 = DIRECTION ( 'NONE',  ( 0.000000000000000000, 1.000000000000000000, 0.000000000000000000 ) ) ;
#4423 = ORIENTED_EDGE ( 'NONE', *, *, #3662, .T. ) ;
#4424 = FACE_OUTER_BOUND ( 'NONE', #611, .T. ) ;
#4425 = ORIENTED_EDGE ( 'NONE', *, *, #1438, .F. ) ;
#4426 = CARTESIAN_POINT ( 'NONE',  ( -92.95000000000000284, 6.999999999999999112, 60.50000000000001421 ) ) ;
#4427 = CARTESIAN_POINT ( 'NONE',  ( 28.73654403270939639, 7.999999999999998224, 61.26345596729060361 ) ) ;
#4428 = VECTOR ( 'NONE', #1754, 1000.000000000000000 ) ;
#4429 = PLANE ( 'NONE',  #2480 ) ;
#4430 = ORIENTED_EDGE ( 'NONE', *, *, #3404, .F. ) ;
#4431 = CARTESIAN_POINT ( 'NONE',  ( -1.599999999999998535, 115.4499999999999886, 42.82691193458121148 ) ) ;
#4432 = DIRECTION ( 'NONE',  ( -1.000000000000000000, 0.000000000000000000, 0.000000000000000000 ) ) ;
#4433 = DIRECTION ( 'NONE',  ( 0.000000000000000000, 0.000000000000000000, 1.000000000000000000 ) ) ;
#4434 = CIRCLE ( 'NONE', #3584, 1.000000000000000888 ) ;
#4435 = DIRECTION ( 'NONE',  ( 0.000000000000000000, 0.000000000000000000, -1.000000000000000000 ) ) ;
#4436 = ORIENTED_EDGE ( 'NONE', *, *, #1568, .T. ) ;
#4437 = VERTEX_POINT ( 'NONE', #394 ) ;
#4438 = ORIENTED_EDGE ( 'NONE', *, *, #2958, .T. ) ;
#4439 = CARTESIAN_POINT ( 'NONE',  ( -1.099999999999998535, 119.4999999999999858, 38.77691193458120722 ) ) ;
#4440 = CARTESIAN_POINT ( 'NONE',  ( -160.0000000000000000, 39.19000000000000483, 34.53999999999999915 ) ) ;
#4441 = DIRECTION ( 'NONE',  ( 0.000000000000000000, 0.000000000000000000, 1.000000000000000000 ) ) ;
#4442 = DIRECTION ( 'NONE',  ( 0.000000000000000000, -0.7071067811865474617, 0.7071067811865474617 ) ) ;
#4443 = EDGE_LOOP ( 'NONE', ( #4511, #4653, #3593, #2041 ) ) ;
#4444 = EDGE_CURVE ( 'NONE', #4159, #2816, #2274, .T. ) ;
#4445 = FACE_BOUND ( 'NONE', #411, .T. ) ;
#4446 = EDGE_LOOP ( 'NONE', ( #3078, #1753, #1404, #1752 ) ) ;
#4447 = CARTESIAN_POINT ( 'NONE',  ( -152.0000000000000000, 57.49999999999999289, 29.00000000000000000 ) ) ;
#4448 = ADVANCED_FACE ( 'NONE', ( #1823 ), #3071, .T. ) ;
#4449 = VERTEX_POINT ( 'NONE', #1534 ) ;
#4450 = MECHANICAL_CONTEXT ( 'NONE', #122, 'mechanical' ) ;
#4451 = DIRECTION ( 'NONE',  ( -0.000000000000000000, 0.000000000000000000, 1.000000000000000000 ) ) ;
#4452 = FACE_BOUND ( 'NONE', #1589, .T. ) ;
#4453 = ORIENTED_EDGE ( 'NONE', *, *, #1578, .T. ) ;
#4454 = DIRECTION ( 'NONE',  ( 0.000000000000000000, -0.000000000000000000, 1.000000000000000000 ) ) ;
#4455 = CARTESIAN_POINT ( 'NONE',  ( -77.26345596729062493, 72.19500000000002160, 8.000000000000000000 ) ) ;
#4456 = FACE_OUTER_BOUND ( 'NONE', #3138, .T. ) ;
#4457 = EDGE_CURVE ( 'NONE', #3592, #442, #1925, .T. ) ;
#4458 = AXIS2_PLACEMENT_3D ( 'NONE', #1329, #2824, #4451 ) ;
#4459 = ORIENTED_EDGE ( 'NONE', *, *, #3946, .F. ) ;
#4460 = VECTOR ( 'NONE', #585, 1000.000000000000114 ) ;
#4461 = CIRCLE ( 'NONE', #336, 8.099999999999996092 ) ;
#4462 = CARTESIAN_POINT ( 'NONE',  ( -152.0000000000000000, 92.95000000000000284, 68.60000000000000853 ) ) ;
#4463 = ORIENTED_EDGE ( 'NONE', *, *, #4130, .F. ) ;
#4464 = ORIENTED_EDGE ( 'NONE', *, *, #2672, .T. ) ;
#4465 = ORIENTED_EDGE ( 'NONE', *, *, #351, .T. ) ;
#4466 = ADVANCED_FACE ( 'NONE', ( #3793, #4504 ), #447, .T. ) ;
#4467 = EDGE_CURVE ( 'NONE', #3301, #676, #4530, .T. ) ;
#4468 = CARTESIAN_POINT ( 'NONE',  ( -21.21320343559642652, 160.0000000000000000, 6.938893903907228378E-15 ) ) ;
#4469 = EDGE_CURVE ( 'NONE', #2455, #3558, #784, .T. ) ;
#4470 = CARTESIAN_POINT ( 'NONE',  ( 0.000000000000000000, 13.66025403784438375, 76.33974596215558961 ) ) ;
#4471 = DIRECTION ( 'NONE',  ( -0.000000000000000000, -0.000000000000000000, -1.000000000000000000 ) ) ;
#4472 = DIRECTION ( 'NONE',  ( -1.000000000000000000, -0.000000000000000000, -0.000000000000000000 ) ) ;
#4473 = AXIS2_PLACEMENT_3D ( 'NONE', #1982, #156, #3551 ) ;
#4474 = ORIENTED_EDGE ( 'NONE', *, *, #867, .T. ) ;
#4475 = LINE ( 'NONE', #303, #1094 ) ;
#4476 = AXIS2_PLACEMENT_3D ( 'NONE', #4796, #4366, #4752 ) ;
#4477 = ORIENTED_EDGE ( 'NONE', *, *, #3768, .T. ) ;
#4478 = CARTESIAN_POINT ( 'NONE',  ( -15.55634918610404682, 92.95000000000000284, 15.55634918610405037 ) ) ;
#4479 = ORIENTED_EDGE ( 'NONE', *, *, #3026, .F. ) ;
#4480 = PERSON_AND_ORGANIZATION ( #2420, #1755 ) ;
#4481 = CARTESIAN_POINT ( 'NONE',  ( -92.95000000000000284, 8.000000000000000000, 60.50000000000001421 ) ) ;
#4482 = CARTESIAN_POINT ( 'NONE',  ( -152.0000000000000000, 57.49999999999999289, 48.00000000000000000 ) ) ;
#4483 = VERTEX_POINT ( 'NONE', #3440 ) ;
#4484 = DIRECTION ( 'NONE',  ( 0.7071067811865475727, -1.533293416683374138E-17, -0.7071067811865475727 ) ) ;
#4485 = EDGE_CURVE ( 'NONE', #3075, #113, #121, .T. ) ;
#4486 = CARTESIAN_POINT ( 'NONE',  ( -157.0000000000000000, 160.0000000000000000, 68.67999999999999261 ) ) ;
#4487 = EDGE_CURVE ( 'NONE', #1152, #1204, #1258, .T. ) ;
#4488 = ORIENTED_EDGE ( 'NONE', *, *, #2534, .T. ) ;
#4489 = FACE_OUTER_BOUND ( 'NONE', #2861, .T. ) ;
#4490 = ORIENTED_EDGE ( 'NONE', *, *, #3660, .F. ) ;
#4491 = EDGE_LOOP ( 'NONE', ( #3163, #103, #583, #3995 ) ) ;
#4492 = LOCAL_TIME ( 12, 44, 33.00000000000000000, #3340 ) ;
#4493 = FACE_OUTER_BOUND ( 'NONE', #3031, .T. ) ;
#4494 = LINE ( 'NONE', #1154, #3582 ) ;
#4495 = DIRECTION ( 'NONE',  ( -0.000000000000000000, -0.000000000000000000, -1.000000000000000000 ) ) ;
#4496 = FACE_OUTER_BOUND ( 'NONE', #2513, .T. ) ;
#4497 = VERTEX_POINT ( 'NONE', #2013 ) ;
#4498 = LINE ( 'NONE', #1862, #2889 ) ;
#4499 = ORIENTED_EDGE ( 'NONE', *, *, #2272, .T. ) ;
#4500 = CARTESIAN_POINT ( 'NONE',  ( -2.999999999999999112, 0.000000000000000000, 90.00000000000000000 ) ) ;
#4501 = VERTEX_POINT ( 'NONE', #2315 ) ;
#4502 = DIRECTION ( 'NONE',  ( 0.000000000000000000, 0.000000000000000000, 1.000000000000000000 ) ) ;
#4503 = CARTESIAN_POINT ( 'NONE',  ( -74.22649730810375956, -74.22649730810371693, 74.22649730810383062 ) ) ;
#4504 = FACE_BOUND ( 'NONE', #2612, .T. ) ;
#4505 = ADVANCED_FACE ( 'NONE', ( #3488 ), #1213, .F. ) ;
#4506 = DIRECTION ( 'NONE',  ( -0.000000000000000000, 1.000000000000000000, -0.000000000000000000 ) ) ;
#4507 = ADVANCED_FACE ( 'NONE', ( #2753 ), #97, .T. ) ;
#4508 = ORIENTED_EDGE ( 'NONE', *, *, #862, .T. ) ;
#4509 = CARTESIAN_POINT ( 'NONE',  ( -149.0000000000000000, 60.50000000000002842, 44.99999999999997158 ) ) ;
#4510 = ORIENTED_EDGE ( 'NONE', *, *, #16, .T. ) ;
#4511 = ORIENTED_EDGE ( 'NONE', *, *, #858, .T. ) ;
#4512 = AXIS2_PLACEMENT_3D ( 'NONE', #1166, #1462, #3048 ) ;
#4513 = CIRCLE ( 'NONE', #3534, 8.099999999999996092 ) ;
#4514 = CARTESIAN_POINT ( 'NONE',  ( -160.0000000000000000, 99.50000000000001421, 31.99999999999999289 ) ) ;
#4515 = DIRECTION ( 'NONE',  ( 0.000000000000000000, 1.000000000000000000, 1.224646799147352961E-16 ) ) ;
#4516 = CARTESIAN_POINT ( 'NONE',  ( -73.20095596729065335, 72.19500000000002160, 13.00000000000000178 ) ) ;
#4517 = CARTESIAN_POINT ( 'NONE',  ( 0.000000000000000000, 0.000000000000000000, 78.68000000000000682 ) ) ;
#4518 = ORIENTED_EDGE ( 'NONE', *, *, #1235, .F. ) ;
#4519 = EDGE_CURVE ( 'NONE', #3486, #978, #4160, .T. ) ;
#4520 = CARTESIAN_POINT ( 'NONE',  ( 10.04091629284897813, 119.4999999999999858, 35.22691193458120296 ) ) ;
#4521 = EDGE_CURVE ( 'NONE', #902, #3526, #141, .T. ) ;
#4522 = VERTEX_POINT ( 'NONE', #1579 ) ;
#4523 = CARTESIAN_POINT ( 'NONE',  ( -149.0000000000000000, 60.50000000000002842, 0.000000000000000000 ) ) ;
#4524 = ORIENTED_EDGE ( 'NONE', *, *, #4534, .T. ) ;
#4525 = COORDINATED_UNIVERSAL_TIME_OFFSET ( 1, 0, .AHEAD. ) ;
#4526 = DIRECTION ( 'NONE',  ( 0.000000000000000000, 0.000000000000000000, -1.000000000000000000 ) ) ;
#4527 = EDGE_CURVE ( 'NONE', #4336, #4322, #2514, .T. ) ;
#4528 = CARTESIAN_POINT ( 'NONE',  ( 34.39339828220177964, 160.0000000000000000, 55.60660171779821326 ) ) ;
#4529 = EDGE_CURVE ( 'NONE', #1299, #587, #426, .T. ) ;
#4530 = LINE ( 'NONE', #834, #3698 ) ;
#4531 = VECTOR ( 'NONE', #1412, 1000.000000000000000 ) ;
#4532 = CARTESIAN_POINT ( 'NONE',  ( -22.00000000000000000, 160.0000000000000000, 46.27691193458122143 ) ) ;
#4533 = CIRCLE ( 'NONE', #3770, 8.099999999999988987 ) ;
#4534 = EDGE_CURVE ( 'NONE', #392, #3043, #3143, .T. ) ;
#4535 = VERTEX_POINT ( 'NONE', #3072 ) ;
#4536 = ORIENTED_EDGE ( 'NONE', *, *, #1954, .T. ) ;
#4537 = VERTEX_POINT ( 'NONE', #2395 ) ;
#4538 = VECTOR ( 'NONE', #1343, 1000.000000000000000 ) ;
#4539 = AXIS2_PLACEMENT_3D ( 'NONE', #4253, #576, #2098 ) ;
#4540 = CARTESIAN_POINT ( 'NONE',  ( -67.04999999999999716, 0.000000000000000000, 68.59999999999999432 ) ) ;
#4541 = VECTOR ( 'NONE', #3612, 1000.000000000000000 ) ;
#4542 = TOROIDAL_SURFACE ( 'NONE', #2755, 9.099999999999994316, 1.000000000000000000 ) ;
#4543 = VECTOR ( 'NONE', #3909, 1000.000000000000000 ) ;
#4544 = DIRECTION ( 'NONE',  ( 0.000000000000000000, 0.000000000000000000, 1.000000000000000000 ) ) ;
#4545 = DIRECTION ( 'NONE',  ( 0.000000000000000000, 0.000000000000000000, 1.000000000000000000 ) ) ;
#4546 = EDGE_LOOP ( 'NONE', ( #4288, #3596, #2653, #2485 ) ) ;
#4547 = AXIS2_PLACEMENT_3D ( 'NONE', #2293, #1513, #1902 ) ;
#4548 = EDGE_CURVE ( 'NONE', #4697, #1526, #2797, .T. ) ;
#4549 = CARTESIAN_POINT ( 'NONE',  ( -9.660254037844362429, 152.0000000000000000, 80.33974596215561803 ) ) ;
#4550 = ORIENTED_EDGE ( 'NONE', *, *, #1954, .F. ) ;
#4551 = CARTESIAN_POINT ( 'NONE',  ( -10.60660171779822036, 67.04999999999999716, 10.60660171779821859 ) ) ;
#4552 = ORIENTED_EDGE ( 'NONE', *, *, #632, .T. ) ;
#4553 = FACE_BOUND ( 'NONE', #355, .T. ) ;
#4554 = VECTOR ( 'NONE', #4784, 1000.000000000000000 ) ;
#4555 = DIRECTION ( 'NONE',  ( 0.000000000000000000, 1.000000000000000000, 0.000000000000000000 ) ) ;
#4556 = DIRECTION ( 'NONE',  ( 0.000000000000000000, 0.000000000000000000, 1.000000000000000000 ) ) ;
#4557 = EDGE_CURVE ( 'NONE', #1908, #1920, #3468, .T. ) ;
#4558 = ORIENTED_EDGE ( 'NONE', *, *, #1933, .F. ) ;
#4559 = DIRECTION ( 'NONE',  ( 0.000000000000000000, 0.000000000000000000, -1.000000000000000000 ) ) ;
#4560 = ORIENTED_EDGE ( 'NONE', *, *, #1875, .F. ) ;
#4561 = EDGE_LOOP ( 'NONE', ( #1672, #1206, #4358, #4270 ) ) ;
#4562 = FACE_OUTER_BOUND ( 'NONE', #4164, .T. ) ;
#4563 = CARTESIAN_POINT ( 'NONE',  ( -152.0000000000000000, 54.87500000000000711, 90.00000000000000000 ) ) ;
#4564 = DIRECTION ( 'NONE',  ( -0.000000000000000000, -0.000000000000000000, 1.000000000000000000 ) ) ;
#4565 = DIRECTION ( 'NONE',  ( -1.000000000000000000, 0.000000000000000000, 0.000000000000000000 ) ) ;
#4566 = ORIENTED_EDGE ( 'NONE', *, *, #4342, .T. ) ;
#4567 = CARTESIAN_POINT ( 'NONE',  ( -24.52691193458120367, 110.9999999999999858, 24.52691193458122143 ) ) ;
#4568 = ORIENTED_EDGE ( 'NONE', *, *, #1853, .F. ) ;
#4569 = CARTESIAN_POINT ( 'NONE',  ( -95.20095596729063914, 72.19500000000002160, 13.00000000000000178 ) ) ;
#4570 = VERTEX_POINT ( 'NONE', #2704 ) ;
#4571 = PLANE ( 'NONE',  #3608 ) ;
#4572 = CARTESIAN_POINT ( 'NONE',  ( -67.04999999999999716, 153.0000000000000000, 60.50000000000000711 ) ) ;
#4573 = FACE_BOUND ( 'NONE', #2963, .T. ) ;
#4574 = CIRCLE ( 'NONE', #1851, 9.099999999999990763 ) ;
#4575 = ORIENTED_EDGE ( 'NONE', *, *, #2144, .F. ) ;
#4576 = CARTESIAN_POINT ( 'NONE',  ( -76.20095596729063914, 72.19500000000002160, 13.00000000000000178 ) ) ;
#4577 = VERTEX_POINT ( 'NONE', #510 ) ;
#4578 = CIRCLE ( 'NONE', #1854, 8.099999999999988987 ) ;
#4579 = ORIENTED_EDGE ( 'NONE', *, *, #3227, .T. ) ;
#4580 = LINE ( 'NONE', #2736, #3462 ) ;
#4581 = AXIS2_PLACEMENT_3D ( 'NONE', #800, #2674, #459 ) ;
#4582 = CARTESIAN_POINT ( 'NONE',  ( -92.95000000000000284, 160.0000000000000000, 68.60000000000000853 ) ) ;
#4583 = PLANE ( 'NONE',  #1128 ) ;
#4584 = CIRCLE ( 'NONE', #1167, 1.062499999999994005 ) ;
#4585 = DIRECTION ( 'NONE',  ( -7.575358389869429657E-17, 1.000000000000000000, -9.743762734840437292E-17 ) ) ;
#4586 = VERTEX_POINT ( 'NONE', #3166 ) ;
#4587 = AXIS2_PLACEMENT_3D ( 'NONE', #4345, #2124, #3624 ) ;
#4588 = DIRECTION ( 'NONE',  ( 0.000000000000000000, 1.000000000000000000, -1.224646799147352961E-16 ) ) ;
#4589 = EDGE_CURVE ( 'NONE', #2843, #1111, #852, .T. ) ;
#4590 = AXIS2_PLACEMENT_3D ( 'NONE', #986, #920, #3208 ) ;
#4591 = ORIENTED_EDGE ( 'NONE', *, *, #1013, .T. ) ;
#4592 = CARTESIAN_POINT ( 'NONE',  ( -156.0000000000000000, 152.0000000000000000, 90.00000000000000000 ) ) ;
#4593 = VERTEX_POINT ( 'NONE', #530 ) ;
#4594 = EDGE_CURVE ( 'NONE', #2282, #2466, #1306, .T. ) ;
#4595 = EDGE_CURVE ( 'NONE', #1276, #2571, #4257, .T. ) ;
#4596 = DIRECTION ( 'NONE',  ( -0.7071067811865473507, 0.7071067811865477948, 0.000000000000000000 ) ) ;
#4597 = DIRECTION ( 'NONE',  ( 0.000000000000000000, 0.000000000000000000, -1.000000000000000000 ) ) ;
#4598 = EDGE_LOOP ( 'NONE', ( #1292, #3892 ) ) ;
#4599 = DIRECTION ( 'NONE',  ( -0.000000000000000000, -0.000000000000000000, -1.000000000000000000 ) ) ;
#4600 = CARTESIAN_POINT ( 'NONE',  ( -178.0277563773199461, 39.19000000000000483, 34.53999999999999915 ) ) ;
#4601 = ORIENTED_EDGE ( 'NONE', *, *, #2810, .T. ) ;
#4602 = VERTEX_POINT ( 'NONE', #1237 ) ;
#4603 = PLANE ( 'NONE',  #961 ) ;
#4604 = CIRCLE ( 'NONE', #2823, 4.062499999999983125 ) ;
#4605 = VECTOR ( 'NONE', #2256, 1000.000000000000000 ) ;
#4606 = DIRECTION ( 'NONE',  ( 0.000000000000000000, 0.000000000000000000, 1.000000000000000000 ) ) ;
#4607 = DIRECTION ( 'NONE',  ( 1.000000000000000000, -0.000000000000000000, -0.000000000000000000 ) ) ;
#4608 = ORIENTED_EDGE ( 'NONE', *, *, #4529, .F. ) ;
#4609 = ADVANCED_FACE ( 'NONE', ( #876 ), #1969, .F. ) ;
#4610 = EDGE_CURVE ( 'NONE', #2972, #2127, #4331, .T. ) ;
#4611 = ORIENTED_EDGE ( 'NONE', *, *, #91, .T. ) ;
#4612 = VECTOR ( 'NONE', #4125, 1000.000000000000000 ) ;
#4613 = AXIS2_PLACEMENT_3D ( 'NONE', #2798, #1951, #1214 ) ;
#4614 = CARTESIAN_POINT ( 'NONE',  ( -152.0000000000000000, 92.95000000000000284, 51.40000000000001990 ) ) ;
#4615 = ORIENTED_EDGE ( 'NONE', *, *, #3960, .T. ) ;
#4616 = PLANE ( 'NONE',  #1808 ) ;
#4617 = VECTOR ( 'NONE', #4235, 1000.000000000000000 ) ;
#4618 = ORIENTED_EDGE ( 'NONE', *, *, #3047, .F. ) ;
#4619 = DATE_AND_TIME ( #505, #1296 ) ;
#4620 = ADVANCED_FACE ( 'NONE', ( #2899, #4379 ), #1692, .T. ) ;
#4621 = CARTESIAN_POINT ( 'NONE',  ( -8.000000000000000000, 67.04999999999999716, 52.40000000000001279 ) ) ;
#4622 = DIRECTION ( 'NONE',  ( 0.000000000000000000, -1.000000000000000000, 0.000000000000000000 ) ) ;
#4623 = VECTOR ( 'NONE', #3524, 1000.000000000000000 ) ;
#4624 = DIRECTION ( 'NONE',  ( 0.000000000000000000, 0.000000000000000000, -1.000000000000000000 ) ) ;
#4625 = VECTOR ( 'NONE', #2386, 1000.000000000000000 ) ;
#4626 = VERTEX_POINT ( 'NONE', #988 ) ;
#4627 = FACE_OUTER_BOUND ( 'NONE', #400, .T. ) ;
#4628 = DIRECTION ( 'NONE',  ( 0.000000000000000000, 0.000000000000000000, -1.000000000000000000 ) ) ;
#4629 = ORIENTED_EDGE ( 'NONE', *, *, #2686, .F. ) ;
#4630 = EDGE_LOOP ( 'NONE', ( #150, #2944 ) ) ;
#4631 = CARTESIAN_POINT ( 'NONE',  ( -8.000000000000000000, -9.797174393178825657E-16, 78.68000000000000682 ) ) ;
#4632 = DIRECTION ( 'NONE',  ( -1.000000000000000000, 0.000000000000000000, -0.000000000000000000 ) ) ;
#4633 = VERTEX_POINT ( 'NONE', #3604 ) ;
#4634 = ORIENTED_EDGE ( 'NONE', *, *, #4255, .F. ) ;
#4635 = CARTESIAN_POINT ( 'NONE',  ( -160.0000000000000000, 92.95000000000000284, 60.50000000000001421 ) ) ;
#4636 = EDGE_LOOP ( 'NONE', ( #4150, #2202, #2008, #3583 ) ) ;
#4637 = FACE_OUTER_BOUND ( 'NONE', #1245, .T. ) ;
#4638 = EDGE_CURVE ( 'NONE', #3126, #2101, #761, .T. ) ;
#4639 = ORIENTED_EDGE ( 'NONE', *, *, #2291, .F. ) ;
#4640 = CARTESIAN_POINT ( 'NONE',  ( 0.000000000000000000, 160.0000000000000000, 78.68000000000000682 ) ) ;
#4641 = AXIS2_PLACEMENT_3D ( 'NONE', #3366, #2601, #1839 ) ;
#4642 = CARTESIAN_POINT ( 'NONE',  ( 0.000000000000000000, 0.000000000000000000, 78.68000000000000682 ) ) ;
#4643 = LINE ( 'NONE', #511, #3689 ) ;
#4644 = ORIENTED_EDGE ( 'NONE', *, *, #4824, .F. ) ;
#4645 = EDGE_CURVE ( 'NONE', #2983, #126, #648, .T. ) ;
#4646 = LINE ( 'NONE', #3565, #1417 ) ;
#4647 = DIRECTION ( 'NONE',  ( -0.000000000000000000, -0.000000000000000000, -1.000000000000000000 ) ) ;
#4648 = DIRECTION ( 'NONE',  ( -0.000000000000000000, -1.000000000000000000, 0.000000000000000000 ) ) ;
#4649 = ORIENTED_EDGE ( 'NONE', *, *, #3014, .F. ) ;
#4650 = CARTESIAN_POINT ( 'NONE',  ( -98.20095596729062493, 87.80500000000002103, 8.000000000000000000 ) ) ;
#4651 = ADVANCED_FACE ( 'NONE', ( #4327 ), #3209, .F. ) ;
#4652 = DIRECTION ( 'NONE',  ( -1.000000000000000000, 0.000000000000000000, 0.000000000000000000 ) ) ;
#4653 = ORIENTED_EDGE ( 'NONE', *, *, #4244, .T. ) ;
#4654 = ORIENTED_EDGE ( 'NONE', *, *, #205, .F. ) ;
#4655 = FACE_OUTER_BOUND ( 'NONE', #3013, .T. ) ;
#4656 = VECTOR ( 'NONE', #981, 1000.000000000000000 ) ;
#4657 = DIRECTION ( 'NONE',  ( 0.000000000000000000, -1.000000000000000000, 0.000000000000000000 ) ) ;
#4658 = ORIENTED_EDGE ( 'NONE', *, *, #3190, .T. ) ;
#4659 = DIRECTION ( 'NONE',  ( 1.000000000000000000, 0.000000000000000000, 0.000000000000000000 ) ) ;
#4660 = ORIENTED_EDGE ( 'NONE', *, *, #3688, .F. ) ;
#4661 = EDGE_CURVE ( 'NONE', #2491, #1470, #1328, .T. ) ;
#4662 = AXIS2_PLACEMENT_3D ( 'NONE', #901, #3442, #123 ) ;
#4663 = EDGE_CURVE ( 'NONE', #683, #4185, #2468, .T. ) ;
#4664 = VECTOR ( 'NONE', #2545, 1000.000000000000000 ) ;
#4665 = AXIS2_PLACEMENT_3D ( 'NONE', #2327, #114, #3483 ) ;
#4666 = CARTESIAN_POINT ( 'NONE',  ( -8.000000000000000000, 67.04999999999999716, 60.50000000000000711 ) ) ;
#4667 = LINE ( 'NONE', #3964, #3024 ) ;
#4668 = EDGE_CURVE ( 'NONE', #4713, #2369, #599, .T. ) ;
#4669 = PLANE ( 'NONE',  #4458 ) ;
#4670 = EDGE_CURVE ( 'NONE', #1152, #1111, #4717, .T. ) ;
#4671 = EDGE_CURVE ( 'NONE', #1932, #3962, #4352, .T. ) ;
#4672 = ORIENTED_EDGE ( 'NONE', *, *, #2586, .F. ) ;
#4673 = LINE ( 'NONE', #4308, #108 ) ;
#4674 = CARTESIAN_POINT ( 'NONE',  ( -16.26345596729060006, 106.4999999999999858, 16.26345596729060006 ) ) ;
#4675 = ORIENTED_EDGE ( 'NONE', *, *, #2660, .T. ) ;
#4676 = ORIENTED_EDGE ( 'NONE', *, *, #3482, .F. ) ;
#4677 = DIRECTION ( 'NONE',  ( 0.000000000000000000, -0.7071067811865480168, 0.7071067811865470176 ) ) ;
#4678 = CARTESIAN_POINT ( 'NONE',  ( -156.0000000000000000, 105.1250000000000000, 90.00000000000000000 ) ) ;
#4679 = ORIENTED_EDGE ( 'NONE', *, *, #1779, .F. ) ;
#4680 = VERTEX_POINT ( 'NONE', #2081 ) ;
#4681 = CARTESIAN_POINT ( 'NONE',  ( -1.599999999999998535, 115.4499999999999886, 34.72691193458121717 ) ) ;
#4682 = LINE ( 'NONE', #2029, #3185 ) ;
#4683 = CIRCLE ( 'NONE', #4147, 8.099999999999996092 ) ;
#4684 = EDGE_LOOP ( 'NONE', ( #3642, #4453 ) ) ;
#4685 = LINE ( 'NONE', #1349, #3915 ) ;
#4686 = ORIENTED_EDGE ( 'NONE', *, *, #1215, .T. ) ;
#4687 = EDGE_CURVE ( 'NONE', #1905, #1216, #4667, .T. ) ;
#4688 = VECTOR ( 'NONE', #2233, 1000.000000000000000 ) ;
#4689 = TOROIDAL_SURFACE ( 'NONE', #2828, 9.099999999999990763, 1.000000000000000000 ) ;
#4690 = ORIENTED_EDGE ( 'NONE', *, *, #1288, .F. ) ;
#4691 = VECTOR ( 'NONE', #3215, 1000.000000000000000 ) ;
#4692 = VECTOR ( 'NONE', #976, 1000.000000000000000 ) ;
#4693 = CARTESIAN_POINT ( 'NONE',  ( -67.04999999999999716, 0.000000000000000000, 52.40000000000001279 ) ) ;
#4694 = DIRECTION ( 'NONE',  ( 1.000000000000000000, -0.000000000000000000, -0.000000000000000000 ) ) ;
#4695 = CARTESIAN_POINT ( 'NONE',  ( -152.0000000000000000, 157.0000000000000000, 74.67999999999999261 ) ) ;
#4696 = DIRECTION ( 'NONE',  ( 0.000000000000000000, -0.000000000000000000, -1.000000000000000000 ) ) ;
#4697 = VERTEX_POINT ( 'NONE', #1355 ) ;
#4698 = CARTESIAN_POINT ( 'NONE',  ( -77.26345596729062493, 87.80500000000002103, 8.000000000000000000 ) ) ;
#4699 = AXIS2_PLACEMENT_3D ( 'NONE', #1402, #2940, #4441 ) ;
#4700 = LINE ( 'NONE', #1363, #4691 ) ;
#4701 = ORIENTED_EDGE ( 'NONE', *, *, #2578, .F. ) ;
#4702 = ADVANCED_FACE ( 'NONE', ( #4015 ), #672, .T. ) ;
#4703 = CARTESIAN_POINT ( 'NONE',  ( -77.26345596729062493, 72.19500000000002160, 13.00000000000000178 ) ) ;
#4704 = AXIS2_PLACEMENT_3D ( 'NONE', #589, #1297, #1683 ) ;
#4705 = LINE ( 'NONE', #2185, #4007 ) ;
#4706 = ORIENTED_EDGE ( 'NONE', *, *, #2077, .T. ) ;
#4707 = ORIENTED_EDGE ( 'NONE', *, *, #3490, .F. ) ;
#4708 = CARTESIAN_POINT ( 'NONE',  ( 0.000000000000000000, 160.0000000000000000, 90.00000000000000000 ) ) ;
#4709 = DIRECTION ( 'NONE',  ( 0.000000000000000000, 0.000000000000000000, -1.000000000000000000 ) ) ;
#4710 = ORIENTED_EDGE ( 'NONE', *, *, #3026, .T. ) ;
#4711 = CARTESIAN_POINT ( 'NONE',  ( 0.000000000000000000, 144.0000000000000284, 78.67949192431123606 ) ) ;
#4712 = CARTESIAN_POINT ( 'NONE',  ( -7.999999999999998224, 152.0000000000000000, 53.02691193458121433 ) ) ;
#4713 = VERTEX_POINT ( 'NONE', #259 ) ;
#4714 = EDGE_CURVE ( 'NONE', #3075, #4404, #2154, .T. ) ;
#4715 = ORIENTED_EDGE ( 'NONE', *, *, #3946, .T. ) ;
#4716 = FACE_OUTER_BOUND ( 'NONE', #4446, .T. ) ;
#4717 = LINE ( 'NONE', #3283, #3875 ) ;
#4718 =( GEOMETRIC_REPRESENTATION_CONTEXT ( 3 ) GLOBAL_UNCERTAINTY_ASSIGNED_CONTEXT ( ( #2942 ) ) GLOBAL_UNIT_ASSIGNED_CONTEXT ( ( #753, #1921, #1551 ) ) REPRESENTATION_CONTEXT ( 'NONE', 'WORKASPACE' ) );
#4719 = LINE ( 'NONE', #260, #28 ) ;
#4720 = AXIS2_PLACEMENT_3D ( 'NONE', #330, #2948, #4090 ) ;
#4721 = LINE ( 'NONE', #1359, #561 ) ;
#4722 = ORIENTED_EDGE ( 'NONE', *, *, #4199, .T. ) ;
#4723 = DIRECTION ( 'NONE',  ( 0.000000000000000000, -0.000000000000000000, -1.000000000000000000 ) ) ;
#4724 = DIRECTION ( 'NONE',  ( -1.000000000000000000, 0.000000000000000000, 0.000000000000000000 ) ) ;
#4725 = DIRECTION ( 'NONE',  ( -0.7071067811865475727, 1.533293416683374138E-17, 0.7071067811865475727 ) ) ;
#4726 = CARTESIAN_POINT ( 'NONE',  ( -67.04999999999999716, 160.0000000000000000, 52.40000000000001279 ) ) ;
#4727 = ADVANCED_FACE ( 'NONE', ( #3652 ), #1790, .T. ) ;
#4728 = CARTESIAN_POINT ( 'NONE',  ( -24.52691193458120367, 109.4999999999999858, 53.02691193458121433 ) ) ;
#4729 = ORIENTED_EDGE ( 'NONE', *, *, #2757, .T. ) ;
#4730 = ORIENTED_EDGE ( 'NONE', *, *, #1115, .T. ) ;
#4731 = LINE ( 'NONE', #4782, #2959 ) ;
#4732 = EDGE_CURVE ( 'NONE', #4626, #3424, #58, .T. ) ;
#4733 = VERTEX_POINT ( 'NONE', #942 ) ;
#4734 = DIRECTION ( 'NONE',  ( 0.000000000000000000, -0.7071067811865482389, -0.7071067811865469066 ) ) ;
#4735 = FACE_OUTER_BOUND ( 'NONE', #1654, .T. ) ;
#4736 = CLOSED_SHELL ( 'NONE', ( #3816, #793, #1665, #2322, #2497, #4448, #553, #2772, #3480, #1369, #2725, #1557, #1442, #1937, #3536, #4049, #3377, #358, #3838, #4609, #4355, #2687, #2297, #509, #850, #2024, #4737, #2949, #2786, #3600, #930, #552, #4093, #3734, #3249, #1217, #3144, #720, #2722, #3164, #2279, #1992, #3818, #54, #3904, #4370, #3342, #2953, #2006, #145, #1617, #2461, #3937, #2412, #3670, #2895, #1849, #1636, #3884, #2937, #704, #3187, #1358, #437, #4651, #4112, #3379, #4233, #3648, #3864, #4406, #918, #868, #339, #931, #2397, #1784, #1203, #3590, #4142, #2356, #736, #4727, #2375, #4702, #4466, #4234, #3637, #4620, #2433, #4505, #2376, #1057, #3329, #70, #140, #3517, #2847, #2646, #4178, #3741, #1964, #3261, #4016, #2352, #810, #457, #3976, #883, #574, #1877, #941, #2734, #3668, #4258, #2292, #2301, #896, #627, #3823, #2819, #1027, #1212, #143, #2974, #4507, #2211, #3028, #508, #1461, #217, #4172, #713, #1053, #651, #2056, #2067, #3389, #2956, #2388, #4396, #202, #1100, #2436, #2794, #1626, #2232, #1576, #4030, #4212, #1460, #3186, #357, #212, #4315, #2028 ) ) ;
#4737 = ADVANCED_FACE ( 'NONE', ( #3189 ), #968, .F. ) ;
#4738 = VECTOR ( 'NONE', #3226, 1000.000000000000000 ) ;
#4739 = ORIENTED_EDGE ( 'NONE', *, *, #903, .T. ) ;
#4740 = CARTESIAN_POINT ( 'NONE',  ( -24.52691193458120367, 110.9999999999999858, 56.02691193458122143 ) ) ;
#4741 = EDGE_CURVE ( 'NONE', #3848, #2896, #2873, .T. ) ;
#4742 = EDGE_LOOP ( 'NONE', ( #4292, #3862, #1022, #4575, #1318 ) ) ;
#4743 = DIRECTION ( 'NONE',  ( -0.000000000000000000, -0.000000000000000000, -1.000000000000000000 ) ) ;
#4744 = VECTOR ( 'NONE', #3769, 1000.000000000000000 ) ;
#4745 = AXIS2_PLACEMENT_3D ( 'NONE', #4517, #4157, #824 ) ;
#4746 = PLANE ( 'NONE',  #3211 ) ;
#4747 = DIRECTION ( 'NONE',  ( 0.000000000000000000, 0.000000000000000000, -1.000000000000000000 ) ) ;
#4748 = EDGE_LOOP ( 'NONE', ( #586, #3775, #2187, #1722 ) ) ;
#4749 = DIRECTION ( 'NONE',  ( 0.000000000000000000, 0.000000000000000000, -1.000000000000000000 ) ) ;
#4750 = CARTESIAN_POINT ( 'NONE',  ( -160.0000000000000284, 143.9999999999999716, 78.68000000000000682 ) ) ;
#4751 = DIRECTION ( 'NONE',  ( 0.000000000000000000, 0.000000000000000000, -1.000000000000000000 ) ) ;
#4752 = DIRECTION ( 'NONE',  ( 0.000000000000000000, -1.000000000000000000, 0.000000000000000000 ) ) ;
#4753 = VERTEX_POINT ( 'NONE', #3731 ) ;
#4754 = ORIENTED_EDGE ( 'NONE', *, *, #301, .F. ) ;
#4755 = FACE_OUTER_BOUND ( 'NONE', #3198, .T. ) ;
#4756 = PLANE ( 'NONE',  #1481 ) ;
#4757 = DIRECTION ( 'NONE',  ( -0.000000000000000000, -0.000000000000000000, -1.000000000000000000 ) ) ;
#4758 = CIRCLE ( 'NONE', #1569, 1.062499999999994005 ) ;
#4759 = LINE ( 'NONE', #3358, #782 ) ;
#4760 = CIRCLE ( 'NONE', #178, 9.099999999999990763 ) ;
#4761 = EDGE_CURVE ( 'NONE', #4415, #978, #674, .T. ) ;
#4762 = CARTESIAN_POINT ( 'NONE',  ( -151.9999999999999716, 155.0000000000000000, 78.68000000000000682 ) ) ;
#4763 = EDGE_LOOP ( 'NONE', ( #4552, #4438, #2730, #2778 ) ) ;
#4764 = CARTESIAN_POINT ( 'NONE',  ( -151.9999999999994316, -5.273559366969478421E-13, 78.68000000000000682 ) ) ;
#4765 = CIRCLE ( 'NONE', #644, 8.099999999999988987 ) ;
#4766 = EDGE_LOOP ( 'NONE', ( #3981, #3122, #2061, #771 ) ) ;
#4767 = CARTESIAN_POINT ( 'NONE',  ( -152.0000000000000000, 160.0000000000000000, 78.68000000000000682 ) ) ;
#4768 = DIRECTION ( 'NONE',  ( -0.7071067811865475727, 1.533293416683374138E-17, 0.7071067811865475727 ) ) ;
#4769 = VECTOR ( 'NONE', #3183, 1000.000000000000000 ) ;
#4770 = CIRCLE ( 'NONE', #3537, 9.099999999999983658 ) ;
#4771 = CIRCLE ( 'NONE', #109, 4.062499999999983125 ) ;
#4772 = VECTOR ( 'NONE', #4165, 1000.000000000000000 ) ;
#4773 = DIRECTION ( 'NONE',  ( 0.000000000000000000, 0.000000000000000000, -1.000000000000000000 ) ) ;
#4774 = ORIENTED_EDGE ( 'NONE', *, *, #691, .F. ) ;
#4775 = CARTESIAN_POINT ( 'NONE',  ( -99.26345596729062493, 87.80500000000002103, 13.00000000000000178 ) ) ;
#4776 = DIRECTION ( 'NONE',  ( -1.000000000000000000, -0.000000000000000000, -0.000000000000000000 ) ) ;
#4777 = FACE_OUTER_BOUND ( 'NONE', #2935, .T. ) ;
#4778 = CARTESIAN_POINT ( 'NONE',  ( -103.3259559672906107, 87.80500000000002103, 13.00000000000000178 ) ) ;
#4779 = ORIENTED_EDGE ( 'NONE', *, *, #4174, .F. ) ;
#4780 = ORIENTED_EDGE ( 'NONE', *, *, #4168, .T. ) ;
#4781 = VECTOR ( 'NONE', #2125, 1000.000000000000000 ) ;
#4782 = CARTESIAN_POINT ( 'NONE',  ( -7.999999999999972466, 8.000000000000028422, 78.67949192431120764 ) ) ;
#4783 = LINE ( 'NONE', #641, #2483 ) ;
#4784 = DIRECTION ( 'NONE',  ( -1.000000000000000000, -0.000000000000000000, -0.000000000000000000 ) ) ;
#4785 = CARTESIAN_POINT ( 'NONE',  ( -78.32595596729062493, 87.80500000000002103, 8.000000000000000000 ) ) ;
#4786 = CARTESIAN_POINT ( 'NONE',  ( -21.28391411371508113, 67.04999999999999716, 9.828784258493017845 ) ) ;
#4787 = EDGE_LOOP ( 'NONE', ( #2458, #3655, #4508, #2624 ) ) ;
#4788 = PLANE ( 'NONE',  #638 ) ;
#4789 = ORIENTED_EDGE ( 'NONE', *, *, #3660, .T. ) ;
#4790 = FACE_OUTER_BOUND ( 'NONE', #2223, .T. ) ;
#4791 = FACE_OUTER_BOUND ( 'NONE', #2556, .T. ) ;
#4792 = ORIENTED_EDGE ( 'NONE', *, *, #1520, .T. ) ;
#4793 = CARTESIAN_POINT ( 'NONE',  ( -74.22649730810375956, -74.22649730810371693, 74.22649730810383062 ) ) ;
#4794 = CARTESIAN_POINT ( 'NONE',  ( -2.999999999999999556, 3.000000000000000000, 68.67999999999999261 ) ) ;
#4795 = CARTESIAN_POINT ( 'NONE',  ( -160.0000000000000000, 60.50000000000001421, 31.99999999999999289 ) ) ;
#4796 = CARTESIAN_POINT ( 'NONE',  ( -7.999999999999998224, 0.000000000000000000, 86.00000000000000000 ) ) ;
#4797 = EDGE_LOOP ( 'NONE', ( #4295, #3132, #2165, #4254 ) ) ;
#4798 = EDGE_CURVE ( 'NONE', #1595, #4185, #414, .T. ) ;
#4799 = ORIENTED_EDGE ( 'NONE', *, *, #2507, .F. ) ;
#4800 = ORIENTED_EDGE ( 'NONE', *, *, #2810, .F. ) ;
#4801 = LINE ( 'NONE', #1058, #1859 ) ;
#4802 = CARTESIAN_POINT ( 'NONE',  ( -92.95000000000000284, 152.0000000000000000, 68.60000000000000853 ) ) ;
#4803 = CARTESIAN_POINT ( 'NONE',  ( -153.0000000000000000, 92.95000000000000284, 60.50000000000001421 ) ) ;
#4804 = CARTESIAN_POINT ( 'NONE',  ( -8.000000000000000000, 1.285879139104720436E-15, 75.67999999999999261 ) ) ;
#4805 = VERTEX_POINT ( 'NONE', #1818 ) ;
#4806 = DIRECTION ( 'NONE',  ( 0.7071067811865475727, 0.000000000000000000, -0.7071067811865474617 ) ) ;
#4807 = ORIENTED_EDGE ( 'NONE', *, *, #3626, .F. ) ;
#4808 = DIRECTION ( 'NONE',  ( -0.7071067811865475727, 1.533293416683374138E-17, 0.7071067811865475727 ) ) ;
#4809 = CIRCLE ( 'NONE', #2716, 9.099999999999990763 ) ;
#4810 = EDGE_CURVE ( 'NONE', #1640, #2270, #4105, .T. ) ;
#4811 = ORIENTED_EDGE ( 'NONE', *, *, #3525, .F. ) ;
#4812 = DATE_TIME_ROLE ( 'creation_date' ) ;
#4813 = EDGE_CURVE ( 'NONE', #1526, #1685, #3394, .T. ) ;
#4814 = DIRECTION ( 'NONE',  ( 0.000000000000000000, -1.000000000000000000, 0.000000000000000000 ) ) ;
#4815 = VECTOR ( 'NONE', #2989, 1000.000000000000000 ) ;
#4816 = FACE_BOUND ( 'NONE', #4630, .T. ) ;
#4817 = ORIENTED_EDGE ( 'NONE', *, *, #2226, .F. ) ;
#4818 = VECTOR ( 'NONE', #4597, 1000.000000000000000 ) ;
#4819 = EDGE_CURVE ( 'NONE', #501, #2536, #362, .T. ) ;
#4820 = CARTESIAN_POINT ( 'NONE',  ( -144.0000000000000284, 160.0000000000000000, 75.67999999999999261 ) ) ;
#4821 = DIRECTION ( 'NONE',  ( 0.000000000000000000, 1.000000000000000000, 1.224646799147352961E-16 ) ) ;
#4822 = EDGE_CURVE ( 'NONE', #516, #3870, #1998, .T. ) ;
#4823 = DIRECTION ( 'NONE',  ( 0.000000000000000000, 0.000000000000000000, -1.000000000000000000 ) ) ;
#4824 = EDGE_CURVE ( 'NONE', #4753, #4283, #3416, .T. ) ;
#4825 = VECTOR ( 'NONE', #2145, 1000.000000000000000 ) ;
ENDSEC;
END-ISO-10303-21;
