ISO-10303-21;
HEADER;
FILE_DESCRIPTION (( 'STEP AP203' ),
    '1' );
FILE_NAME ('Sensor_Box_Lid.STEP',
    '2026-07-01T10:37:04',
    ( '' ),
    ( '' ),
    'SwSTEP 2.0',
    'SolidWorks 2025',
    '' );
FILE_SCHEMA (( 'CONFIG_CONTROL_DESIGN' ));
ENDSEC;

DATA;
#1 = PLANE ( 'NONE',  #259 ) ;
#2 = CARTESIAN_POINT ( 'NONE',  ( -160.0000000000000000, 27.22000000000034703, 1.387778780781445676E-14 ) ) ;
#3 = EDGE_CURVE ( 'NONE', #583, #382, #1417, .T. ) ;
#4 = DIRECTION ( 'NONE',  ( -1.000000000000000000, 0.000000000000000000, 0.000000000000000000 ) ) ;
#5 = LINE ( 'NONE', #1341, #1692 ) ;
#6 = FACE_OUTER_BOUND ( 'NONE', #880, .T. ) ;
#7 = ORIENTED_EDGE ( 'NONE', *, *, #1131, .T. ) ;
#8 = DIRECTION ( 'NONE',  ( -0.000000000000000000, -0.000000000000000000, -1.000000000000000000 ) ) ;
#9 = LINE ( 'NONE', #689, #979 ) ;
#10 = DIRECTION ( 'NONE',  ( -4.373029352394638458E-16, 0.7071067811865479058, -0.7071067811865470176 ) ) ;
#11 = AXIS2_PLACEMENT_3D ( 'NONE', #126, #699, #137 ) ;
#12 = CARTESIAN_POINT ( 'NONE',  ( -118.0000000000000284, 94.50000000000000000, 4.000000000000000000 ) ) ;
#13 = CIRCLE ( 'NONE', #932, 31.00000000000002132 ) ;
#14 = ORIENTED_EDGE ( 'NONE', *, *, #897, .T. ) ;
#15 = ADVANCED_FACE ( 'NONE', ( #607 ), #1527, .T. ) ;
#16 = DATE_TIME_ROLE ( 'creation_date' ) ;
#17 = CARTESIAN_POINT ( 'NONE',  ( -160.0000000000000000, 155.0000000000000853, -11.22000000000000064 ) ) ;
#18 = AXIS2_PLACEMENT_3D ( 'NONE', #925, #544, #413 ) ;
#19 = CARTESIAN_POINT ( 'NONE',  ( -6.505213034913029562E-16, -2.256949153578793767E-31, -8.219999999999995310 ) ) ;
#20 = FACE_OUTER_BOUND ( 'NONE', #543, .T. ) ;
#21 = ORIENTED_EDGE ( 'NONE', *, *, #1405, .T. ) ;
#22 = ORIENTED_EDGE ( 'NONE', *, *, #3, .F. ) ;
#23 = ORIENTED_EDGE ( 'NONE', *, *, #451, .T. ) ;
#24 = CARTESIAN_POINT ( 'NONE',  ( -1.734723475976807094E-15, 16.00000000000000355, -11.22000000000000419 ) ) ;
#25 = LINE ( 'NONE', #1533, #1191 ) ;
#26 = EDGE_CURVE ( 'NONE', #488, #741, #750, .T. ) ;
#27 = EDGE_LOOP ( 'NONE', ( #1065, #676, #531 ) ) ;
#28 = ORIENTED_EDGE ( 'NONE', *, *, #1373, .T. ) ;
#29 = COORDINATED_UNIVERSAL_TIME_OFFSET ( 1, 0, .AHEAD. ) ;
#30 = ORIENTED_EDGE ( 'NONE', *, *, #1173, .T. ) ;
#31 = PLANE ( 'NONE',  #729 ) ;
#32 = CARTESIAN_POINT ( 'NONE',  ( -12.57649525193616924, 85.31259204458990553, 0.000000000000000000 ) ) ;
#33 = EDGE_CURVE ( 'NONE', #40, #462, #1393, .T. ) ;
#34 = VECTOR ( 'NONE', #698, 1000.000000000000000 ) ;
#35 = EDGE_LOOP ( 'NONE', ( #350, #749, #1156, #1085 ) ) ;
#36 = ORIENTED_EDGE ( 'NONE', *, *, #1713, .T. ) ;
#37 = CARTESIAN_POINT ( 'NONE',  ( 0.000000000000000000, 16.00000000000000000, -11.22000000000000064 ) ) ;
#38 = MECHANICAL_CONTEXT ( 'NONE', #1561, 'mechanical' ) ;
#39 = CC_DESIGN_PERSON_AND_ORGANIZATION_ASSIGNMENT ( #150, #963, ( #63 ) ) ;
#40 = VERTEX_POINT ( 'NONE', #1263 ) ;
#41 = VECTOR ( 'NONE', #1587, 1000.000000000000000 ) ;
#42 = ADVANCED_FACE ( 'NONE', ( #48 ), #600, .T. ) ;
#43 = CARTESIAN_POINT ( 'NONE',  ( -142.0000000000000284, 94.50000000000000000, 4.000000000000000000 ) ) ;
#44 = LINE ( 'NONE', #1686, #1275 ) ;
#45 = VECTOR ( 'NONE', #605, 1000.000000000000000 ) ;
#46 = VERTEX_POINT ( 'NONE', #223 ) ;
#47 = VECTOR ( 'NONE', #1586, 1000.000000000000000 ) ;
#48 = FACE_OUTER_BOUND ( 'NONE', #895, .T. ) ;
#49 = FACE_OUTER_BOUND ( 'NONE', #876, .T. ) ;
#50 = EDGE_CURVE ( 'NONE', #482, #1028, #368, .T. ) ;
#51 = ORIENTED_EDGE ( 'NONE', *, *, #758, .T. ) ;
#52 = DIRECTION ( 'NONE',  ( 0.000000000000000000, 1.000000000000000000, 0.000000000000000000 ) ) ;
#53 = EDGE_CURVE ( 'NONE', #991, #392, #685, .T. ) ;
#54 = CARTESIAN_POINT ( 'NONE',  ( -3.000000000000000000, 5.000000000000001776, -11.22000000000000064 ) ) ;
#55 = EDGE_LOOP ( 'NONE', ( #523, #1421, #268, #1681, #81, #936, #868, #236 ) ) ;
#56 = FACE_OUTER_BOUND ( 'NONE', #214, .T. ) ;
#57 = ORIENTED_EDGE ( 'NONE', *, *, #1109, .F. ) ;
#58 = ORIENTED_EDGE ( 'NONE', *, *, #219, .T. ) ;
#59 = CARTESIAN_POINT ( 'NONE',  ( -149.5000000000000284, 94.50000000000000000, 3.000000000000000000 ) ) ;
#60 = DIRECTION ( 'NONE',  ( 0.000000000000000000, 0.000000000000000000, 1.000000000000000000 ) ) ;
#61 = ORIENTED_EDGE ( 'NONE', *, *, #870, .T. ) ;
#62 = ORIENTED_EDGE ( 'NONE', *, *, #1672, .T. ) ;
#63 = SECURITY_CLASSIFICATION ( '', '', #1119 ) ;
#64 = DIRECTION ( 'NONE',  ( 0.000000000000000000, 1.000000000000000000, 0.000000000000000000 ) ) ;
#65 = VERTEX_POINT ( 'NONE', #927 ) ;
#66 = AXIS2_PLACEMENT_3D ( 'NONE', #1154, #884, #459 ) ;
#67 = EDGE_CURVE ( 'NONE', #626, #447, #501, .T. ) ;
#68 = ORIENTED_EDGE ( 'NONE', *, *, #318, .F. ) ;
#69 = ORIENTED_EDGE ( 'NONE', *, *, #104, .F. ) ;
#70 = LINE ( 'NONE', #59, #1554 ) ;
#71 = AXIS2_PLACEMENT_3D ( 'NONE', #235, #675, #1599 ) ;
#72 = CARTESIAN_POINT ( 'NONE',  ( -142.0000000000000284, 65.50000000000000000, 4.000000000000000000 ) ) ;
#73 = ORIENTED_EDGE ( 'NONE', *, *, #79, .T. ) ;
#74 = CARTESIAN_POINT ( 'NONE',  ( -90.79999999999999716, 98.00000000000000000, 5.000000000000000000 ) ) ;
#75 = VECTOR ( 'NONE', #678, 1000.000000000000000 ) ;
#76 = AXIS2_PLACEMENT_3D ( 'NONE', #1034, #87, #1472 ) ;
#77 = DIRECTION ( 'NONE',  ( 0.000000000000000000, 1.000000000000000000, 0.000000000000000000 ) ) ;
#78 = ORIENTED_EDGE ( 'NONE', *, *, #959, .F. ) ;
#79 = EDGE_CURVE ( 'NONE', #1422, #324, #785, .T. ) ;
#80 = ORIENTED_EDGE ( 'NONE', *, *, #1706, .F. ) ;
#81 = ORIENTED_EDGE ( 'NONE', *, *, #1750, .F. ) ;
#82 = ADVANCED_FACE ( 'NONE', ( #1182 ), #512, .T. ) ;
#83 = LINE ( 'NONE', #764, #311 ) ;
#84 = VECTOR ( 'NONE', #805, 999.9999999999998863 ) ;
#85 = DIRECTION ( 'NONE',  ( -0.7071067811865475727, -0.7071067811865474617, 9.012746020181476461E-17 ) ) ;
#86 = ORIENTED_EDGE ( 'NONE', *, *, #795, .T. ) ;
#87 = DIRECTION ( 'NONE',  ( 1.000000000000000000, 3.770855155904582942E-16, 2.168404344971005910E-16 ) ) ;
#88 = CARTESIAN_POINT ( 'NONE',  ( -115.5000000000000142, 94.50000000000000000, 4.000000000000000000 ) ) ;
#89 = ORIENTED_EDGE ( 'NONE', *, *, #243, .F. ) ;
#90 = FACE_OUTER_BOUND ( 'NONE', #1408, .T. ) ;
#91 = CARTESIAN_POINT ( 'NONE',  ( -144.0000000000000284, 160.0000000000000853, -11.22000000000000064 ) ) ;
#92 = EDGE_CURVE ( 'NONE', #345, #693, #1305, .T. ) ;
#93 = CARTESIAN_POINT ( 'NONE',  ( -160.0000000000000000, 160.0000000000000853, -11.22000000000000064 ) ) ;
#94 = DIRECTION ( 'NONE',  ( -0.000000000000000000, -1.000000000000000000, -0.000000000000000000 ) ) ;
#95 = ORIENTED_EDGE ( 'NONE', *, *, #1001, .F. ) ;
#96 = VECTOR ( 'NONE', #153, 1000.000000000000114 ) ;
#97 = PLANE ( 'NONE',  #365 ) ;
#98 = EDGE_LOOP ( 'NONE', ( #1215, #953, #1658, #856 ) ) ;
#99 = ORIENTED_EDGE ( 'NONE', *, *, #582, .T. ) ;
#100 = VECTOR ( 'NONE', #1332, 1000.000000000000000 ) ;
#101 = CC_DESIGN_PERSON_AND_ORGANIZATION_ASSIGNMENT ( #446, #728, ( #1138 ) ) ;
#102 = DIRECTION ( 'NONE',  ( 0.000000000000000000, -0.000000000000000000, 1.000000000000000000 ) ) ;
#103 = PLANE ( 'NONE',  #686 ) ;
#104 = EDGE_CURVE ( 'NONE', #333, #121, #377, .T. ) ;
#105 = CARTESIAN_POINT ( 'NONE',  ( -132.7800000000000580, 160.0000000000000568, 5.551115123125782702E-14 ) ) ;
#106 = CARTESIAN_POINT ( 'NONE',  ( -49.29999999999999716, 80.00000000000000000, 5.000000000000000000 ) ) ;
#107 = CARTESIAN_POINT ( 'NONE',  ( 0.000000000000000000, 144.0000000000000284, -11.22000000000000064 ) ) ;
#108 = VERTEX_POINT ( 'NONE', #1579 ) ;
#109 = CARTESIAN_POINT ( 'NONE',  ( -115.5000000000000142, 94.50000000000000000, 4.000000000000000000 ) ) ;
#110 = VERTEX_POINT ( 'NONE', #252 ) ;
#111 = ORIENTED_EDGE ( 'NONE', *, *, #92, .T. ) ;
#112 = CARTESIAN_POINT ( 'NONE',  ( -142.0000000000000284, 94.50000000000000000, 4.000000000000000000 ) ) ;
#113 = CARTESIAN_POINT ( 'NONE',  ( -160.0000000000000000, 160.0000000000000853, -11.22000000000000064 ) ) ;
#114 = EDGE_CURVE ( 'NONE', #336, #110, #1331, .T. ) ;
#115 = DIRECTION ( 'NONE',  ( -0.000000000000000000, -0.000000000000000000, -1.000000000000000000 ) ) ;
#116 = DIRECTION ( 'NONE',  ( -0.000000000000000000, -0.000000000000000000, -1.000000000000000000 ) ) ;
#117 = ORIENTED_EDGE ( 'NONE', *, *, #353, .F. ) ;
#118 = CARTESIAN_POINT ( 'NONE',  ( 4.163336342344337027E-14, 132.7800000000000296, 3.469446951953614189E-14 ) ) ;
#119 = AXIS2_PLACEMENT_3D ( 'NONE', #917, #900, #238 ) ;
#120 = LINE ( 'NONE', #1624, #1354 ) ;
#121 = VERTEX_POINT ( 'NONE', #911 ) ;
#122 = EDGE_CURVE ( 'NONE', #293, #470, #397, .T. ) ;
#123 = LINE ( 'NONE', #1087, #75 ) ;
#124 = CYLINDRICAL_SURFACE ( 'NONE', #1575, 4.999999999999990230 ) ;
#125 = CARTESIAN_POINT ( 'NONE',  ( -144.5000000000000284, 94.50000000000000000, 0.000000000000000000 ) ) ;
#126 = CARTESIAN_POINT ( 'NONE',  ( -85.29999999999998295, 98.00000000000000000, 0.000000000000000000 ) ) ;
#127 = CC_DESIGN_DATE_AND_TIME_ASSIGNMENT ( #581, #16, ( #1138 ) ) ;
#128 = DIRECTION ( 'NONE',  ( 0.000000000000000000, 0.000000000000000000, 1.000000000000000000 ) ) ;
#129 = VERTEX_POINT ( 'NONE', #1449 ) ;
#130 = EDGE_CURVE ( 'NONE', #1695, #935, #776, .T. ) ;
#131 = CARTESIAN_POINT ( 'NONE',  ( -152.0000000000000000, 155.0000000000000853, -11.22000000000000064 ) ) ;
#132 = EDGE_LOOP ( 'NONE', ( #1073, #632, #176, #174 ) ) ;
#133 = DIRECTION ( 'NONE',  ( 1.000000000000000000, 0.000000000000000000, 0.000000000000000000 ) ) ;
#134 = DIRECTION ( 'NONE',  ( -0.7071067811865479058, 5.247635222873565755E-15, -0.7071067811865470176 ) ) ;
#135 = CIRCLE ( 'NONE', #1125, 5.000000000000002665 ) ;
#136 = DIRECTION ( 'NONE',  ( 2.168404344971033323E-15, -1.128474576789408794E-30, -1.000000000000000000 ) ) ;
#137 = DIRECTION ( 'NONE',  ( 1.000000000000000000, 0.000000000000000000, 0.000000000000000000 ) ) ;
#138 = LINE ( 'NONE', #799, #100 ) ;
#139 = EDGE_LOOP ( 'NONE', ( #1178, #157, #1283, #1588 ) ) ;
#140 = CC_DESIGN_APPROVAL ( #1255, ( #1138 ) ) ;
#141 = ADVANCED_FACE ( 'NONE', ( #1609 ), #529, .F. ) ;
#142 = CARTESIAN_POINT ( 'NONE',  ( -157.0000000000000000, 160.0000000000000853, -6.219999999999994422 ) ) ;
#143 = VECTOR ( 'NONE', #1430, 1000.000000000000000 ) ;
#144 = CARTESIAN_POINT ( 'NONE',  ( -2.999999999999998224, -1.131256546771374340E-15, -11.22000000000000064 ) ) ;
#145 = CARTESIAN_POINT ( 'NONE',  ( -152.0000000000000000, 157.0000000000000853, -11.22000000000000064 ) ) ;
#146 = VECTOR ( 'NONE', #85, 1000.000000000000000 ) ;
#147 = DIRECTION ( 'NONE',  ( 0.000000000000000000, 0.000000000000000000, -1.000000000000000000 ) ) ;
#148 = CARTESIAN_POINT ( 'NONE',  ( -159.9999999999999716, -5.551115123125782702E-14, 5.000000000000000000 ) ) ;
#149 = EDGE_LOOP ( 'NONE', ( #1600, #551, #648, #1196 ) ) ;
#150 = PERSON_AND_ORGANIZATION ( #323, #1296 ) ;
#151 = DIRECTION ( 'NONE',  ( -5.204170427930421283E-16, -1.000000000000000000, 0.000000000000000000 ) ) ;
#152 = DIRECTION ( 'NONE',  ( 1.000000000000000000, 0.000000000000000000, 0.000000000000000000 ) ) ;
#153 = DIRECTION ( 'NONE',  ( 0.9124936318129422963, -0.4090909090909090606, 0.000000000000000000 ) ) ;
#154 = CARTESIAN_POINT ( 'NONE',  ( -118.0000000000000284, 94.50000000000000000, 4.000000000000000000 ) ) ;
#155 = EDGE_CURVE ( 'NONE', #46, #1145, #312, .T. ) ;
#156 = DIRECTION ( 'NONE',  ( -1.000000000000000000, 0.000000000000000000, 0.000000000000000000 ) ) ;
#157 = ORIENTED_EDGE ( 'NONE', *, *, #549, .T. ) ;
#158 = DATE_AND_TIME ( #593, #1520 ) ;
#159 = FACE_BOUND ( 'NONE', #1327, .T. ) ;
#160 = DIRECTION ( 'NONE',  ( -1.000000000000000000, 5.204170427930421283E-16, 0.000000000000000000 ) ) ;
#161 = AXIS2_PLACEMENT_3D ( 'NONE', #1279, #322, #60 ) ;
#162 = EDGE_CURVE ( 'NONE', #935, #1072, #1526, .T. ) ;
#163 = LINE ( 'NONE', #672, #703 ) ;
#164 = VECTOR ( 'NONE', #1482, 1000.000000000000000 ) ;
#165 = EDGE_LOOP ( 'NONE', ( #1384, #22, #346, #300 ) ) ;
#166 = ORIENTED_EDGE ( 'NONE', *, *, #975, .T. ) ;
#167 = VECTOR ( 'NONE', #777, 1000.000000000000000 ) ;
#168 = EDGE_CURVE ( 'NONE', #902, #1005, #1164, .T. ) ;
#169 = VERTEX_POINT ( 'NONE', #903 ) ;
#170 = CARTESIAN_POINT ( 'NONE',  ( -12.57649525193616391, 74.68740795541009447, 0.000000000000000000 ) ) ;
#171 = CARTESIAN_POINT ( 'NONE',  ( -144.5000000000000284, 65.50000000000000000, 3.000000000000000000 ) ) ;
#172 = VECTOR ( 'NONE', #1536, 1000.000000000000114 ) ;
#173 = ORIENTED_EDGE ( 'NONE', *, *, #489, .F. ) ;
#174 = ORIENTED_EDGE ( 'NONE', *, *, #451, .F. ) ;
#175 = APPROVAL_ROLE ( '' ) ;
#176 = ORIENTED_EDGE ( 'NONE', *, *, #540, .F. ) ;
#177 = FACE_BOUND ( 'NONE', #539, .T. ) ;
#178 = CARTESIAN_POINT ( 'NONE',  ( -115.5000000000000142, 68.00000000000000000, 4.000000000000000000 ) ) ;
#179 = VERTEX_POINT ( 'NONE', #1174 ) ;
#180 = DIRECTION ( 'NONE',  ( 1.000000000000000000, 0.000000000000000000, 0.000000000000000000 ) ) ;
#181 = PRODUCT_RELATED_PRODUCT_CATEGORY ( 'detail', '', ( #213 ) ) ;
#182 = CARTESIAN_POINT ( 'NONE',  ( -85.29999999999998295, 98.00000000000000000, 5.000000000000000000 ) ) ;
#183 = APPROVAL_DATE_TIME ( #972, #1544 ) ;
#184 = EDGE_CURVE ( 'NONE', #1397, #1669, #1717, .T. ) ;
#185 = DIRECTION ( 'NONE',  ( 0.000000000000000000, 0.000000000000000000, -1.000000000000000000 ) ) ;
#186 = CARTESIAN_POINT ( 'NONE',  ( -93.29999999999999716, 80.00000000000000000, 0.000000000000000000 ) ) ;
#187 = CIRCLE ( 'NONE', #1124, 4.999999999999999112 ) ;
#188 = EDGE_LOOP ( 'NONE', ( #379, #1483, #1560, #1002 ) ) ;
#189 = ORIENTED_EDGE ( 'NONE', *, *, #1127, .F. ) ;
#190 = ADVANCED_FACE ( 'NONE', ( #958 ), #305, .F. ) ;
#191 = DIRECTION ( 'NONE',  ( 1.000000000000000000, 0.000000000000000000, 0.000000000000000000 ) ) ;
#192 = EDGE_CURVE ( 'NONE', #497, #447, #5, .T. ) ;
#193 = ORIENTED_EDGE ( 'NONE', *, *, #639, .F. ) ;
#194 = AXIS2_PLACEMENT_3D ( 'NONE', #629, #1736, #770 ) ;
#195 = DIRECTION ( 'NONE',  ( -0.9659258262890692004, -0.2588190451025174088, 0.000000000000000000 ) ) ;
#196 = FACE_OUTER_BOUND ( 'NONE', #1062, .T. ) ;
#197 = AXIS2_PLACEMENT_3D ( 'NONE', #1593, #1329, #926 ) ;
#198 = ORIENTED_EDGE ( 'NONE', *, *, #1030, .T. ) ;
#199 = DIRECTION ( 'NONE',  ( 0.000000000000000000, 0.000000000000000000, 1.000000000000000000 ) ) ;
#200 = ORIENTED_EDGE ( 'NONE', *, *, #1180, .T. ) ;
#201 = EDGE_LOOP ( 'NONE', ( #860, #391, #1476, #1298 ) ) ;
#202 = DIRECTION ( 'NONE',  ( -1.000000000000000000, 0.000000000000000000, -0.000000000000000000 ) ) ;
#203 = LINE ( 'NONE', #178, #1238 ) ;
#204 = CIRCLE ( 'NONE', #1118, 5.500000000000022204 ) ;
#205 = ORIENTED_EDGE ( 'NONE', *, *, #817, .F. ) ;
#206 = DIRECTION ( 'NONE',  ( 2.168404344971033323E-15, 0.000000000000000000, -1.000000000000000000 ) ) ;
#207 = EDGE_CURVE ( 'NONE', #525, #603, #1090, .T. ) ;
#208 = CARTESIAN_POINT ( 'NONE',  ( -143.9999999999999716, 6.162975822039154730E-30, -11.22000000000000064 ) ) ;
#209 = ORIENTED_EDGE ( 'NONE', *, *, #711, .T. ) ;
#210 = ORIENTED_EDGE ( 'NONE', *, *, #747, .F. ) ;
#211 = DIRECTION ( 'NONE',  ( 0.9124936318129422963, -0.4090909090909090606, 0.000000000000000000 ) ) ;
#212 = LINE ( 'NONE', #755, #1136 ) ;
#213 = PRODUCT ( 'Sensor_Box_Lid', 'Sensor_Box_Lid', '', ( #38 ) ) ;
#214 = EDGE_LOOP ( 'NONE', ( #800, #594, #845, #1590 ) ) ;
#215 = CARTESIAN_POINT ( 'NONE',  ( -149.5000000000000284, 65.50000000000000000, 0.000000000000000000 ) ) ;
#216 = ORIENTED_EDGE ( 'NONE', *, *, #114, .F. ) ;
#217 = ORIENTED_EDGE ( 'NONE', *, *, #1750, .T. ) ;
#218 = CARTESIAN_POINT ( 'NONE',  ( 4.163336342344337027E-14, 132.7800000000000296, 3.469446951953614189E-14 ) ) ;
#219 = EDGE_CURVE ( 'NONE', #1622, #1205, #826, .T. ) ;
#220 = VECTOR ( 'NONE', #665, 1000.000000000000000 ) ;
#221 = DIRECTION ( 'NONE',  ( 0.000000000000000000, 0.000000000000000000, 1.000000000000000000 ) ) ;
#222 = VERTEX_POINT ( 'NONE', #1619 ) ;
#223 = CARTESIAN_POINT ( 'NONE',  ( -3.000000000000000000, 3.000000000000000888, -11.22000000000000064 ) ) ;
#224 = VECTOR ( 'NONE', #240, 1000.000000000000114 ) ;
#225 = FACE_OUTER_BOUND ( 'NONE', #453, .T. ) ;
#226 = VECTOR ( 'NONE', #765, 1000.000000000000000 ) ;
#227 = ORIENTED_EDGE ( 'NONE', *, *, #1063, .F. ) ;
#228 = EDGE_CURVE ( 'NONE', #470, #1695, #1456, .T. ) ;
#229 = CARTESIAN_POINT ( 'NONE',  ( -144.5000000000000284, 65.50000000000000000, 4.000000000000000000 ) ) ;
#230 = CARTESIAN_POINT ( 'NONE',  ( -115.5000000000000142, 94.50000000000000000, 5.000000000000000000 ) ) ;
#231 = CARTESIAN_POINT ( 'NONE',  ( -149.5000000000000284, 65.50000000000000000, 3.000000000000000000 ) ) ;
#232 = DIRECTION ( 'NONE',  ( 0.9659258262890692004, 0.2588190451025174088, -0.000000000000000000 ) ) ;
#233 = ORIENTED_EDGE ( 'NONE', *, *, #639, .T. ) ;
#234 = ADVANCED_FACE ( 'NONE', ( #1751 ), #1654, .F. ) ;
#235 = CARTESIAN_POINT ( 'NONE',  ( -85.29999999999998295, 62.00000000000000000, 5.000000000000000000 ) ) ;
#236 = ORIENTED_EDGE ( 'NONE', *, *, #747, .T. ) ;
#237 = DIRECTION ( 'NONE',  ( -0.9124936318129422963, 0.4090909090909090606, 0.000000000000000000 ) ) ;
#238 = DIRECTION ( 'NONE',  ( 1.000000000000000000, 0.000000000000000000, -0.000000000000000000 ) ) ;
#239 = PLANE ( 'NONE',  #421 ) ;
#240 = DIRECTION ( 'NONE',  ( -0.9124936318129422963, -0.4090909090909090606, -0.000000000000000000 ) ) ;
#241 = PLANE ( 'NONE',  #1496 ) ;
#242 = ORIENTED_EDGE ( 'NONE', *, *, #959, .T. ) ;
#243 = EDGE_CURVE ( 'NONE', #1518, #945, #163, .T. ) ;
#244 = AXIS2_PLACEMENT_3D ( 'NONE', #408, #291, #1375 ) ;
#245 = DIRECTION ( 'NONE',  ( -1.000000000000000000, 0.000000000000000000, 0.000000000000000000 ) ) ;
#246 = ORIENTED_EDGE ( 'NONE', *, *, #184, .F. ) ;
#247 = AXIS2_PLACEMENT_3D ( 'NONE', #1236, #673, #1492 ) ;
#248 = ADVANCED_FACE ( 'NONE', ( #556 ), #1234, .F. ) ;
#249 = PLANE ( 'NONE',  #1623 ) ;
#250 = DIRECTION ( 'NONE',  ( -3.469446951953615175E-16, 1.000000000000000000, 0.000000000000000000 ) ) ;
#251 = CIRCLE ( 'NONE', #990, 4.999999999999990230 ) ;
#252 = CARTESIAN_POINT ( 'NONE',  ( -19.11575115845904094, 87.06478038384312867, 5.000000000000000000 ) ) ;
#253 = CARTESIAN_POINT ( 'NONE',  ( -7.999999999999994671, -3.016684124723664776E-15, -11.22000000000000242 ) ) ;
#254 = ORIENTED_EDGE ( 'NONE', *, *, #510, .F. ) ;
#255 = DIRECTION ( 'NONE',  ( -3.770855155904582942E-16, 1.000000000000000000, 0.000000000000000000 ) ) ;
#256 = VECTOR ( 'NONE', #1403, 1000.000000000000000 ) ;
#257 = LINE ( 'NONE', #666, #1380 ) ;
#258 = ORIENTED_EDGE ( 'NONE', *, *, #1373, .F. ) ;
#259 = AXIS2_PLACEMENT_3D ( 'NONE', #1365, #151, #1282 ) ;
#260 = VERTEX_POINT ( 'NONE', #691 ) ;
#261 = LINE ( 'NONE', #1200, #1306 ) ;
#262 = DIRECTION ( 'NONE',  ( -3.469446951953612217E-16, 1.000000000000000000, 0.000000000000000000 ) ) ;
#263 = CARTESIAN_POINT ( 'NONE',  ( -157.0000000000002842, 2.723515857283622479E-13, -11.22000000000000064 ) ) ;
#264 = DIRECTION ( 'NONE',  ( -1.000000000000000000, 3.061616997868384127E-16, 0.000000000000000000 ) ) ;
#265 = EDGE_LOOP ( 'NONE', ( #992, #36, #1189, #1675 ) ) ;
#266 = EDGE_CURVE ( 'NONE', #1361, #1116, #1096, .T. ) ;
#267 = DIRECTION ( 'NONE',  ( 0.000000000000000000, 0.000000000000000000, -1.000000000000000000 ) ) ;
#268 = ORIENTED_EDGE ( 'NONE', *, *, #1078, .F. ) ;
#269 = DIRECTION ( 'NONE',  ( -0.000000000000000000, -0.000000000000000000, -1.000000000000000000 ) ) ;
#270 = DIRECTION ( 'NONE',  ( -0.000000000000000000, 0.000000000000000000, -1.000000000000000000 ) ) ;
#271 = DIRECTION ( 'NONE',  ( -0.5773502691896257311, -0.5773502691896261751, -0.5773502691896256200 ) ) ;
#272 = FACE_OUTER_BOUND ( 'NONE', #328, .T. ) ;
#273 = EDGE_CURVE ( 'NONE', #1397, #504, #1368, .T. ) ;
#274 = CARTESIAN_POINT ( 'NONE',  ( -85.29999999999998295, 62.00000000000000000, 0.000000000000000000 ) ) ;
#275 = ORIENTED_EDGE ( 'NONE', *, *, #1640, .F. ) ;
#276 = ORIENTED_EDGE ( 'NONE', *, *, #1537, .F. ) ;
#277 = VECTOR ( 'NONE', #1532, 1000.000000000000000 ) ;
#278 = CARTESIAN_POINT ( 'NONE',  ( -144.5000000000000284, 92.00000000000000000, 5.000000000000000000 ) ) ;
#279 = DIRECTION ( 'NONE',  ( 0.000000000000000000, 0.000000000000000000, 1.000000000000000000 ) ) ;
#280 = CARTESIAN_POINT ( 'NONE',  ( 0.000000000000000000, 0.000000000000000000, 4.000000000000000000 ) ) ;
#281 = DIRECTION ( 'NONE',  ( 1.000000000000000000, 3.770855155904582942E-16, 2.168404344971005910E-16 ) ) ;
#282 = VERTEX_POINT ( 'NONE', #1648 ) ;
#283 = CIRCLE ( 'NONE', #1723, 5.500000000000005329 ) ;
#284 = PERSON_AND_ORGANIZATION ( #323, #1296 ) ;
#285 = VECTOR ( 'NONE', #340, 1000.000000000000000 ) ;
#286 = LINE ( 'NONE', #869, #1086 ) ;
#287 = CARTESIAN_POINT ( 'NONE',  ( -144.5000000000000284, 68.00000000000000000, 5.000000000000000000 ) ) ;
#288 = ADVANCED_FACE ( 'NONE', ( #272 ), #1638, .F. ) ;
#289 = ADVANCED_FACE ( 'NONE', ( #20 ), #814, .T. ) ;
#290 = LINE ( 'NONE', #1367, #96 ) ;
#291 = DIRECTION ( 'NONE',  ( 0.5773502691896257311, -0.5773502691896258421, 0.5773502691896258421 ) ) ;
#292 = DIRECTION ( 'NONE',  ( -0.000000000000000000, 0.000000000000000000, -1.000000000000000000 ) ) ;
#293 = VERTEX_POINT ( 'NONE', #1501 ) ;
#294 = SHAPE_DEFINITION_REPRESENTATION ( #1147, #1110 ) ;
#295 = ADVANCED_FACE ( 'NONE', ( #1349 ), #442, .F. ) ;
#296 = DIRECTION ( 'NONE',  ( 0.000000000000000000, 0.000000000000000000, 1.000000000000000000 ) ) ;
#297 = LINE ( 'NONE', #553, #588 ) ;
#298 = DIRECTION ( 'NONE',  ( 1.093257338098662326E-16, 0.7071067811865476838, 0.7071067811865473507 ) ) ;
#299 = DIRECTION ( 'NONE',  ( 0.9124936318129418522, -0.4090909090909099488, 0.000000000000000000 ) ) ;
#300 = ORIENTED_EDGE ( 'NONE', *, *, #855, .T. ) ;
#301 = ADVANCED_FACE ( 'NONE', ( #682 ), #1761, .T. ) ;
#302 = ORIENTED_EDGE ( 'NONE', *, *, #1074, .T. ) ;
#303 = CARTESIAN_POINT ( 'NONE',  ( -143.9999999999999432, 4.857225732735059864E-14, -11.22000000000004327 ) ) ;
#304 = VECTOR ( 'NONE', #1510, 1000.000000000000000 ) ;
#305 = CYLINDRICAL_SURFACE ( 'NONE', #1151, 5.500000000000005329 ) ;
#306 = ORIENTED_EDGE ( 'NONE', *, *, #567, .T. ) ;
#307 = ORIENTED_EDGE ( 'NONE', *, *, #1598, .F. ) ;
#308 = VECTOR ( 'NONE', #905, 1000.000000000000000 ) ;
#309 = APPROVAL_DATE_TIME ( #839, #892 ) ;
#310 = ORIENTED_EDGE ( 'NONE', *, *, #1672, .F. ) ;
#311 = VECTOR ( 'NONE', #211, 1000.000000000000114 ) ;
#312 = CIRCLE ( 'NONE', #76, 3.000000000000002220 ) ;
#313 = CARTESIAN_POINT ( 'NONE',  ( -90.79999999999999716, 62.00000000000000000, 5.000000000000000000 ) ) ;
#314 = DIRECTION ( 'NONE',  ( 0.000000000000000000, 0.000000000000000000, 1.000000000000000000 ) ) ;
#315 = EDGE_CURVE ( 'NONE', #129, #1730, #331, .T. ) ;
#316 = ORIENTED_EDGE ( 'NONE', *, *, #266, .T. ) ;
#317 = CARTESIAN_POINT ( 'NONE',  ( -157.0000000000000000, 157.0000000000000853, -11.22000000000000064 ) ) ;
#318 = EDGE_CURVE ( 'NONE', #1688, #179, #1559, .T. ) ;
#319 = VECTOR ( 'NONE', #561, 1000.000000000000114 ) ;
#320 = COORDINATED_UNIVERSAL_TIME_OFFSET ( 1, 0, .AHEAD. ) ;
#321 = DIRECTION ( 'NONE',  ( 1.000000000000000000, 3.770855155904582942E-16, 2.168404344971005910E-16 ) ) ;
#322 = DIRECTION ( 'NONE',  ( -1.000000000000000000, 0.000000000000000000, 0.000000000000000000 ) ) ;
#323 = PERSON ( 'UNSPECIFIED', 'UNSPECIFIED', 'UNSPECIFIED', ('UNSPECIFIED'), ('UNSPECIFIED'), ('UNSPECIFIED') ) ;
#324 = VERTEX_POINT ( 'NONE', #614 ) ;
#325 = VERTEX_POINT ( 'NONE', #1698 ) ;
#326 = EDGE_CURVE ( 'NONE', #1150, #351, #847, .T. ) ;
#327 = CARTESIAN_POINT ( 'NONE',  ( -2.999999999999998224, -1.131256546771374340E-15, -11.22000000000000064 ) ) ;
#328 = EDGE_LOOP ( 'NONE', ( #995, #674, #461, #464 ) ) ;
#329 = DIRECTION ( 'NONE',  ( 1.000000000000000000, 0.000000000000000000, -0.000000000000000000 ) ) ;
#330 = FACE_OUTER_BOUND ( 'NONE', #1610, .T. ) ;
#331 = CIRCLE ( 'NONE', #66, 5.500000000000005329 ) ;
#332 = CIRCLE ( 'NONE', #1348, 3.000000000000008882 ) ;
#333 = VERTEX_POINT ( 'NONE', #1415 ) ;
#334 = VECTOR ( 'NONE', #808, 1000.000000000000000 ) ;
#335 = LINE ( 'NONE', #602, #944 ) ;
#336 = VERTEX_POINT ( 'NONE', #474 ) ;
#337 = VERTEX_POINT ( 'NONE', #171 ) ;
#338 = CARTESIAN_POINT ( 'NONE',  ( 0.000000000000000000, 0.000000000000000000, 4.000000000000000000 ) ) ;
#339 = ADVANCED_FACE ( 'NONE', ( #484 ), #1121, .T. ) ;
#340 = DIRECTION ( 'NONE',  ( -1.000000000000000000, -3.770855155904582942E-16, -2.168404344971005910E-16 ) ) ;
#341 = VERTEX_POINT ( 'NONE', #716 ) ;
#342 = ORIENTED_EDGE ( 'NONE', *, *, #1357, .F. ) ;
#343 = LINE ( 'NONE', #359, #308 ) ;
#344 = ORIENTED_EDGE ( 'NONE', *, *, #1713, .F. ) ;
#345 = VERTEX_POINT ( 'NONE', #1668 ) ;
#346 = ORIENTED_EDGE ( 'NONE', *, *, #1103, .T. ) ;
#347 = DIRECTION ( 'NONE',  ( -1.000000000000000000, 1.734723475976826619E-15, -2.168404344971033323E-15 ) ) ;
#348 = DIRECTION ( 'NONE',  ( 1.000000000000000000, -0.000000000000000000, -0.000000000000000000 ) ) ;
#349 = VECTOR ( 'NONE', #806, 1000.000000000000000 ) ;
#350 = ORIENTED_EDGE ( 'NONE', *, *, #1357, .T. ) ;
#351 = VERTEX_POINT ( 'NONE', #1270 ) ;
#352 = LINE ( 'NONE', #215, #967 ) ;
#353 = EDGE_CURVE ( 'NONE', #985, #1284, #203, .T. ) ;
#354 = LINE ( 'NONE', #1031, #256 ) ;
#355 = CARTESIAN_POINT ( 'NONE',  ( -144.5000000000000284, 92.00000000000000000, 5.000000000000000000 ) ) ;
#356 = ORIENTED_EDGE ( 'NONE', *, *, #1434, .T. ) ;
#357 = DIRECTION ( 'NONE',  ( 1.000000000000000000, 0.000000000000000000, 0.000000000000000000 ) ) ;
#358 = VECTOR ( 'NONE', #1243, 1000.000000000000000 ) ;
#359 = CARTESIAN_POINT ( 'NONE',  ( -132.7799999999999443, 6.938893903907228378E-15, 6.938893903907228378E-15 ) ) ;
#360 = ADVANCED_FACE ( 'NONE', ( #196 ), #1252, .T. ) ;
#361 = AXIS2_PLACEMENT_3D ( 'NONE', #405, #270, #1372 ) ;
#362 = ORIENTED_EDGE ( 'NONE', *, *, #1663, .T. ) ;
#363 = ORIENTED_EDGE ( 'NONE', *, *, #228, .T. ) ;
#364 = LINE ( 'NONE', #1278, #766 ) ;
#365 = AXIS2_PLACEMENT_3D ( 'NONE', #1453, #267, #245 ) ;
#366 = DIRECTION ( 'NONE',  ( -0.000000000000000000, -0.000000000000000000, -1.000000000000000000 ) ) ;
#367 = CC_DESIGN_PERSON_AND_ORGANIZATION_ASSIGNMENT ( #1528, #419, ( #1690 ) ) ;
#368 = LINE ( 'NONE', #231, #456 ) ;
#369 = EDGE_CURVE ( 'NONE', #924, #1268, #25, .T. ) ;
#370 = DIRECTION ( 'NONE',  ( -0.000000000000000000, -0.000000000000000000, -1.000000000000000000 ) ) ;
#371 = VECTOR ( 'NONE', #348, 1000.000000000000000 ) ;
#372 = PLANE ( 'NONE',  #859 ) ;
#373 = FACE_OUTER_BOUND ( 'NONE', #1324, .T. ) ;
#374 = EDGE_CURVE ( 'NONE', #504, #802, #44, .T. ) ;
#375 = CARTESIAN_POINT ( 'NONE',  ( -19.11575115845901962, 72.93521961615687133, 5.000000000000000000 ) ) ;
#376 = ORIENTED_EDGE ( 'NONE', *, *, #795, .F. ) ;
#377 = LINE ( 'NONE', #661, #542 ) ;
#378 = LINE ( 'NONE', #919, #454 ) ;
#379 = ORIENTED_EDGE ( 'NONE', *, *, #1420, .T. ) ;
#380 = EDGE_CURVE ( 'NONE', #179, #260, #1046, .T. ) ;
#381 =( NAMED_UNIT ( * ) SI_UNIT ( $, .STERADIAN. ) SOLID_ANGLE_UNIT ( ) );
#382 = VERTEX_POINT ( 'NONE', #1139 ) ;
#383 = VERTEX_POINT ( 'NONE', #54 ) ;
#384 = CARTESIAN_POINT ( 'NONE',  ( 0.000000000000000000, 160.0000000000000000, -11.22000000000000064 ) ) ;
#385 = PLANE ( 'NONE',  #197 ) ;
#386 = LINE ( 'NONE', #1069, #1181 ) ;
#387 = CARTESIAN_POINT ( 'NONE',  ( -49.29999999999999716, 80.00000000000000000, 5.000000000000000000 ) ) ;
#388 = ORIENTED_EDGE ( 'NONE', *, *, #1477, .F. ) ;
#389 = AXIS2_PLACEMENT_3D ( 'NONE', #1491, #983, #1515 ) ;
#390 = DIRECTION ( 'NONE',  ( -2.168404344971005910E-16, -7.523163845262632388E-32, 1.000000000000000000 ) ) ;
#391 = ORIENTED_EDGE ( 'NONE', *, *, #1556, .F. ) ;
#392 = VERTEX_POINT ( 'NONE', #32 ) ;
#393 = AXIS2_PLACEMENT_3D ( 'NONE', #796, #407, #1458 ) ;
#394 = FACE_OUTER_BOUND ( 'NONE', #667, .T. ) ;
#395 = AXIS2_PLACEMENT_3D ( 'NONE', #1264, #1148, #735 ) ;
#396 = EDGE_CURVE ( 'NONE', #610, #1622, #1523, .T. ) ;
#397 = LINE ( 'NONE', #74, #143 ) ;
#398 = LINE ( 'NONE', #943, #334 ) ;
#399 = VERTEX_POINT ( 'NONE', #1015 ) ;
#400 = AXIS2_PLACEMENT_3D ( 'NONE', #780, #269, #533 ) ;
#401 = CARTESIAN_POINT ( 'NONE',  ( -85.29999999999998295, 98.00000000000000000, 0.000000000000000000 ) ) ;
#402 = ORIENTED_EDGE ( 'NONE', *, *, #273, .T. ) ;
#403 = AXIS2_PLACEMENT_3D ( 'NONE', #182, #199, #431 ) ;
#404 = DIRECTION ( 'NONE',  ( -1.000000000000000000, 0.000000000000000000, -0.000000000000000000 ) ) ;
#405 = CARTESIAN_POINT ( 'NONE',  ( 0.000000000000000000, 0.000000000000000000, -11.22000000000000064 ) ) ;
#406 = EDGE_CURVE ( 'NONE', #1669, #802, #865, .T. ) ;
#407 = DIRECTION ( 'NONE',  ( -1.000000000000000000, 0.000000000000000000, 0.000000000000000000 ) ) ;
#408 = CARTESIAN_POINT ( 'NONE',  ( -9.073333333333337691, 9.073333333333339468, -9.073333333333341244 ) ) ;
#409 = CARTESIAN_POINT ( 'NONE',  ( -144.5000000000000284, 65.50000000000000000, 4.000000000000000000 ) ) ;
#410 = ORIENTED_EDGE ( 'NONE', *, *, #762, .T. ) ;
#411 = CARTESIAN_POINT ( 'NONE',  ( -152.0000000000000000, 160.0000000000000568, -11.21999999999998288 ) ) ;
#412 = EDGE_LOOP ( 'NONE', ( #166, #1642, #95, #1379 ) ) ;
#413 = DIRECTION ( 'NONE',  ( 1.000000000000000000, 0.000000000000000000, 0.000000000000000000 ) ) ;
#414 = DIRECTION ( 'NONE',  ( 0.4090909090909094492, -0.9124936318129422963, 0.000000000000000000 ) ) ;
#415 = DIRECTION ( 'NONE',  ( 0.9659258262890692004, 0.2588190451025174088, -0.000000000000000000 ) ) ;
#416 = CARTESIAN_POINT ( 'NONE',  ( -61.98181818181819125, 108.2873025862012355, 5.000000000000000000 ) ) ;
#417 = ORIENTED_EDGE ( 'NONE', *, *, #804, .T. ) ;
#418 = MANIFOLD_SOLID_BREP ( 'Cut-Revolve2', #831 ) ;
#419 = PERSON_AND_ORGANIZATION_ROLE ( 'design_supplier' ) ;
#420 = EDGE_CURVE ( 'NONE', #718, #664, #858, .T. ) ;
#421 = AXIS2_PLACEMENT_3D ( 'NONE', #1734, #271, #520 ) ;
#422 = FACE_OUTER_BOUND ( 'NONE', #987, .T. ) ;
#423 = CARTESIAN_POINT ( 'NONE',  ( -160.0000000000000000, 144.0000000000000853, -11.22000000000000064 ) ) ;
#424 = LINE ( 'NONE', #1509, #1402 ) ;
#425 = DIRECTION ( 'NONE',  ( -0.7071067811865474617, 0.7071067811865474617, -0.000000000000000000 ) ) ;
#426 = LINE ( 'NONE', #837, #1639 ) ;
#427 = ORIENTED_EDGE ( 'NONE', *, *, #130, .T. ) ;
#428 = CIRCLE ( 'NONE', #1242, 5.500000000000005329 ) ;
#429 = EDGE_CURVE ( 'NONE', #717, #978, #1391, .T. ) ;
#430 = APPLICATION_PROTOCOL_DEFINITION ( 'international standard', 'config_control_design', 1994, #1561 ) ;
#431 = DIRECTION ( 'NONE',  ( 1.000000000000000000, 0.000000000000000000, 0.000000000000000000 ) ) ;
#432 = CARTESIAN_POINT ( 'NONE',  ( -144.5000000000000284, 68.00000000000000000, 4.000000000000000000 ) ) ;
#433 = CARTESIAN_POINT ( 'NONE',  ( -106.3000000000000114, 80.00000000000000000, 0.000000000000000000 ) ) ;
#434 = DIRECTION ( 'NONE',  ( -0.000000000000000000, -0.000000000000000000, -1.000000000000000000 ) ) ;
#435 = EDGE_CURVE ( 'NONE', #1072, #382, #737, .T. ) ;
#436 = ORIENTED_EDGE ( 'NONE', *, *, #505, .T. ) ;
#437 = ADVANCED_FACE ( 'NONE', ( #1678 ), #1007, .F. ) ;
#438 = DATE_AND_TIME ( #1495, #1235 ) ;
#439 = VECTOR ( 'NONE', #1366, 1000.000000000000000 ) ;
#440 = ORIENTED_EDGE ( 'NONE', *, *, #420, .T. ) ;
#441 = CYLINDRICAL_SURFACE ( 'NONE', #585, 3.000000000000005329 ) ;
#442 = CYLINDRICAL_SURFACE ( 'NONE', #389, 5.500000000000022204 ) ;
#443 = ADVANCED_FACE ( 'NONE', ( #330 ), #385, .T. ) ;
#444 = ORIENTED_EDGE ( 'NONE', *, *, #1726, .T. ) ;
#445 = VERTEX_POINT ( 'NONE', #499 ) ;
#446 = PERSON_AND_ORGANIZATION ( #323, #1296 ) ;
#447 = VERTEX_POINT ( 'NONE', #113 ) ;
#448 = ADVANCED_FACE ( 'NONE', ( #1457, #775 ), #103, .F. ) ;
#449 = LINE ( 'NONE', #303, #1100 ) ;
#450 = DIRECTION ( 'NONE',  ( 0.000000000000000000, 0.000000000000000000, 1.000000000000000000 ) ) ;
#451 = EDGE_CURVE ( 'NONE', #282, #399, #1320, .T. ) ;
#452 = ORIENTED_EDGE ( 'NONE', *, *, #1689, .T. ) ;
#453 = EDGE_LOOP ( 'NONE', ( #275, #78, #850, #896 ) ) ;
#454 = VECTOR ( 'NONE', #64, 1000.000000000000000 ) ;
#455 = PERSON_AND_ORGANIZATION_ROLE ( 'creator' ) ;
#456 = VECTOR ( 'NONE', #115, 1000.000000000000000 ) ;
#457 = CARTESIAN_POINT ( 'NONE',  ( -157.0000000000000000, 155.0000000000000853, -11.21999999999998820 ) ) ;
#458 = EDGE_CURVE ( 'NONE', #1066, #1122, #659, .T. ) ;
#459 = DIRECTION ( 'NONE',  ( 1.000000000000000000, 0.000000000000000000, 0.000000000000000000 ) ) ;
#460 = VECTOR ( 'NONE', #894, 1000.000000000000000 ) ;
#461 = ORIENTED_EDGE ( 'NONE', *, *, #832, .F. ) ;
#462 = VERTEX_POINT ( 'NONE', #1294 ) ;
#463 = LINE ( 'NONE', #278, #319 ) ;
#464 = ORIENTED_EDGE ( 'NONE', *, *, #855, .F. ) ;
#465 = CARTESIAN_POINT ( 'NONE',  ( -90.25454755445538524, 64.38798210433830604, 0.000000000000000000 ) ) ;
#466 = CARTESIAN_POINT ( 'NONE',  ( -144.5000000000000284, 68.00000000000000000, 4.000000000000000000 ) ) ;
#467 = ORIENTED_EDGE ( 'NONE', *, *, #207, .F. ) ;
#468 = ORIENTED_EDGE ( 'NONE', *, *, #380, .T. ) ;
#469 = DIRECTION ( 'NONE',  ( -0.7071067811865475727, -0.7071067811865475727, 0.000000000000000000 ) ) ;
#470 = VERTEX_POINT ( 'NONE', #1722 ) ;
#471 = EDGE_CURVE ( 'NONE', #1518, #40, #1068, .T. ) ;
#472 = EDGE_LOOP ( 'NONE', ( #57, #89, #745 ) ) ;
#473 = DIRECTION ( 'NONE',  ( 0.000000000000000000, 0.000000000000000000, 1.000000000000000000 ) ) ;
#474 = CARTESIAN_POINT ( 'NONE',  ( -12.57649525193616924, 85.31259204458990553, 5.000000000000000000 ) ) ;
#475 = AXIS2_PLACEMENT_3D ( 'NONE', #1630, #1107, #707 ) ;
#476 = ORIENTED_EDGE ( 'NONE', *, *, #783, .F. ) ;
#477 = ORIENTED_EDGE ( 'NONE', *, *, #458, .F. ) ;
#478 = VECTOR ( 'NONE', #1473, 1000.000000000000000 ) ;
#479 = ORIENTED_EDGE ( 'NONE', *, *, #1562, .T. ) ;
#480 = EDGE_CURVE ( 'NONE', #447, #1221, #1039, .T. ) ;
#481 = VECTOR ( 'NONE', #1197, 1000.000000000000000 ) ;
#482 = VERTEX_POINT ( 'NONE', #1202 ) ;
#483 = CARTESIAN_POINT ( 'NONE',  ( -106.3000000000000114, 80.00000000000000000, 5.000000000000000000 ) ) ;
#484 = FACE_OUTER_BOUND ( 'NONE', #1351, .T. ) ;
#485 = CIRCLE ( 'NONE', #1385, 2.999999999999997335 ) ;
#486 = ORIENTED_EDGE ( 'NONE', *, *, #744, .F. ) ;
#487 = VECTOR ( 'NONE', #658, 1000.000000000000000 ) ;
#488 = VERTEX_POINT ( 'NONE', #1447 ) ;
#489 = EDGE_CURVE ( 'NONE', #336, #392, #641, .T. ) ;
#490 = DIRECTION ( 'NONE',  ( -1.000000000000000000, -3.770855155904582942E-16, -2.168404344971005910E-16 ) ) ;
#491 = VERTEX_POINT ( 'NONE', #634 ) ;
#492 = EDGE_LOOP ( 'NONE', ( #1273, #742, #816, #51 ) ) ;
#493 = CARTESIAN_POINT ( 'NONE',  ( -144.5000000000000284, 92.00000000000000000, 4.000000000000000000 ) ) ;
#494 = LINE ( 'NONE', #1303, #1201 ) ;
#495 = CARTESIAN_POINT ( 'NONE',  ( -13.99999999999999822, 80.00000000000000000, 0.000000000000000000 ) ) ;
#496 = CARTESIAN_POINT ( 'NONE',  ( -144.5000000000000284, 92.00000000000000000, 4.000000000000000000 ) ) ;
#497 = VERTEX_POINT ( 'NONE', #781 ) ;
#498 = CARTESIAN_POINT ( 'NONE',  ( -115.5000000000000142, 94.50000000000000000, 0.000000000000000000 ) ) ;
#499 = CARTESIAN_POINT ( 'NONE',  ( 0.000000000000000000, 0.000000000000000000, -11.22000000000000064 ) ) ;
#500 = EDGE_CURVE ( 'NONE', #169, #725, #650, .T. ) ;
#501 = LINE ( 'NONE', #93, #1670 ) ;
#502 = VECTOR ( 'NONE', #671, 1000.000000000000000 ) ;
#503 = CARTESIAN_POINT ( 'NONE',  ( 0.000000000000000000, 0.000000000000000000, 4.000000000000000000 ) ) ;
#504 = VERTEX_POINT ( 'NONE', #1742 ) ;
#505 = EDGE_CURVE ( 'NONE', #121, #946, #1362, .T. ) ;
#506 = CARTESIAN_POINT ( 'NONE',  ( 0.000000000000000000, 160.0000000000000000, 5.000000000000000000 ) ) ;
#507 = AXIS2_PLACEMENT_3D ( 'NONE', #1418, #370, #1564 ) ;
#508 = CARTESIAN_POINT ( 'NONE',  ( -144.5000000000000284, 65.50000000000000000, 3.000000000000000000 ) ) ;
#509 = FACE_OUTER_BOUND ( 'NONE', #1597, .T. ) ;
#510 = EDGE_CURVE ( 'NONE', #1205, #610, #1193, .T. ) ;
#511 = VECTOR ( 'NONE', #314, 1000.000000000000000 ) ;
#512 = PLANE ( 'NONE',  #1758 ) ;
#513 = FACE_OUTER_BOUND ( 'NONE', #1737, .T. ) ;
#514 = ORIENTED_EDGE ( 'NONE', *, *, #396, .T. ) ;
#515 = DIRECTION ( 'NONE',  ( 0.000000000000000000, 0.000000000000000000, 1.000000000000000000 ) ) ;
#516 = ORIENTED_EDGE ( 'NONE', *, *, #318, .T. ) ;
#517 = VERTEX_POINT ( 'NONE', #355 ) ;
#518 = DIRECTION ( 'NONE',  ( -0.9124936318129418522, 0.4090909090909100043, 0.000000000000000000 ) ) ;
#519 = LINE ( 'NONE', #909, #1222 ) ;
#520 = DIRECTION ( 'NONE',  ( 0.000000000000000000, 0.7071067811865472397, -0.7071067811865479058 ) ) ;
#521 = DIRECTION ( 'NONE',  ( 0.9124936318129422963, 0.4090909090909090606, 0.000000000000000000 ) ) ;
#522 = LINE ( 'NONE', #1596, #618 ) ;
#523 = ORIENTED_EDGE ( 'NONE', *, *, #1611, .T. ) ;
#524 = ORIENTED_EDGE ( 'NONE', *, *, #420, .F. ) ;
#525 = VERTEX_POINT ( 'NONE', #528 ) ;
#526 = EDGE_CURVE ( 'NONE', #741, #1122, #519, .T. ) ;
#527 = CARTESIAN_POINT ( 'NONE',  ( -49.29999999999999716, 80.00000000000000000, 0.000000000000000000 ) ) ;
#528 = CARTESIAN_POINT ( 'NONE',  ( -80.22095945471266987, 59.88970449004707319, 5.000000000000000000 ) ) ;
#529 = CYLINDRICAL_SURFACE ( 'NONE', #1049, 31.00000000000001421 ) ;
#530 = FACE_OUTER_BOUND ( 'NONE', #621, .T. ) ;
#531 = ORIENTED_EDGE ( 'NONE', *, *, #1180, .F. ) ;
#532 = ORIENTED_EDGE ( 'NONE', *, *, #50, .F. ) ;
#533 = DIRECTION ( 'NONE',  ( -1.000000000000000000, 0.000000000000000000, 0.000000000000000000 ) ) ;
#534 = FACE_OUTER_BOUND ( 'NONE', #599, .T. ) ;
#535 = DIRECTION ( 'NONE',  ( -1.000000000000000000, -0.000000000000000000, -0.000000000000000000 ) ) ;
#536 = APPROVAL_PERSON_ORGANIZATION ( #1664, #1255, #175 ) ;
#537 = CARTESIAN_POINT ( 'NONE',  ( -49.29999999999999716, 80.00000000000000000, 5.000000000000000000 ) ) ;
#538 = DIRECTION ( 'NONE',  ( -0.000000000000000000, -0.000000000000000000, -1.000000000000000000 ) ) ;
#539 = EDGE_LOOP ( 'NONE', ( #1199, #69, #589, #1158, #1012, #1704, #216, #961, #307, #1694, #467, #344, #1172, #1740, #791 ) ) ;
#540 = EDGE_CURVE ( 'NONE', #399, #345, #212, .T. ) ;
#541 = VECTOR ( 'NONE', #52, 1000.000000000000000 ) ;
#542 = VECTOR ( 'NONE', #797, 1000.000000000000114 ) ;
#543 = EDGE_LOOP ( 'NONE', ( #233, #1763, #955, #514, #1541, #86, #616, #1392 ) ) ;
#544 = DIRECTION ( 'NONE',  ( 0.000000000000000000, 0.000000000000000000, 1.000000000000000000 ) ) ;
#545 = PLANE ( 'NONE',  #1042 ) ;
#546 = PLANE ( 'NONE',  #393 ) ;
#547 = VECTOR ( 'NONE', #1230, 1000.000000000000000 ) ;
#548 = CARTESIAN_POINT ( 'NONE',  ( -80.22095945471266987, 59.88970449004707319, 5.000000000000000000 ) ) ;
#549 = EDGE_CURVE ( 'NONE', #725, #337, #1707, .T. ) ;
#550 = CARTESIAN_POINT ( 'NONE',  ( -118.0000000000000284, 65.50000000000000000, 4.000000000000000000 ) ) ;
#551 = ORIENTED_EDGE ( 'NONE', *, *, #1502, .T. ) ;
#552 = FACE_OUTER_BOUND ( 'NONE', #1003, .T. ) ;
#553 = CARTESIAN_POINT ( 'NONE',  ( -98.61818181818181017, 91.86241721356824996, 5.000000000000000000 ) ) ;
#554 = DIRECTION ( 'NONE',  ( -0.7071067811865474617, 0.7071067811865474617, -0.000000000000000000 ) ) ;
#555 = EDGE_CURVE ( 'NONE', #760, #1361, #494, .T. ) ;
#556 = FACE_OUTER_BOUND ( 'NONE', #1411, .T. ) ;
#557 = CARTESIAN_POINT ( 'NONE',  ( -115.5000000000000142, 65.50000000000000000, 0.000000000000000000 ) ) ;
#558 = ORIENTED_EDGE ( 'NONE', *, *, #719, .T. ) ;
#559 = CARTESIAN_POINT ( 'NONE',  ( -149.5000000000000284, 65.50000000000000000, 3.000000000000000000 ) ) ;
#560 = APPROVAL_ROLE ( '' ) ;
#561 = DIRECTION ( 'NONE',  ( 0.7071067811865474617, 0.7071067811865474617, 0.000000000000000000 ) ) ;
#562 = ADVANCED_FACE ( 'NONE', ( #373 ), #1032, .F. ) ;
#563 = VECTOR ( 'NONE', #598, 1000.000000000000000 ) ;
#564 = CARTESIAN_POINT ( 'NONE',  ( -80.22095945471266987, 100.1102955099529481, 0.000000000000000000 ) ) ;
#565 = CARTESIAN_POINT ( 'NONE',  ( -144.5000000000000284, 65.50000000000000000, 3.000000000000000000 ) ) ;
#566 = CARTESIAN_POINT ( 'NONE',  ( -80.22095945471266987, 100.1102955099529481, 5.000000000000000000 ) ) ;
#567 = EDGE_CURVE ( 'NONE', #1132, #336, #204, .T. ) ;
#568 = VERTEX_POINT ( 'NONE', #287 ) ;
#569 = DIRECTION ( 'NONE',  ( 0.000000000000000000, 0.000000000000000000, 1.000000000000000000 ) ) ;
#570 = DIRECTION ( 'NONE',  ( -1.000000000000000000, -3.770855155904582942E-16, -2.168404344971005910E-16 ) ) ;
#571 = CARTESIAN_POINT ( 'NONE',  ( -7.999999999999996447, -3.016684124723665171E-15, -11.22000000000000242 ) ) ;
#572 = DIRECTION ( 'NONE',  ( 1.000000000000000000, 0.000000000000000000, 0.000000000000000000 ) ) ;
#573 = ORIENTED_EDGE ( 'NONE', *, *, #1606, .T. ) ;
#574 = ORIENTED_EDGE ( 'NONE', *, *, #1308, .T. ) ;
#575 = CALENDAR_DATE ( 2026, 1, 7 ) ;
#576 = EDGE_CURVE ( 'NONE', #945, #568, #948, .T. ) ;
#577 = CARTESIAN_POINT ( 'NONE',  ( -149.5000000000000284, 65.50000000000000000, 0.000000000000000000 ) ) ;
#578 = DIRECTION ( 'NONE',  ( -1.000000000000000000, 1.734723475976826619E-15, -2.168404344971033323E-15 ) ) ;
#579 = EDGE_LOOP ( 'NONE', ( #388, #117, #200, #479 ) ) ;
#580 = ORIENTED_EDGE ( 'NONE', *, *, #687, .T. ) ;
#581 = DATE_AND_TIME ( #702, #761 ) ;
#582 = EDGE_CURVE ( 'NONE', #1005, #1688, #1094, .T. ) ;
#583 = VERTEX_POINT ( 'NONE', #1627 ) ;
#584 = APPROVAL_PERSON_ORGANIZATION ( #284, #892, #560 ) ;
#585 = AXIS2_PLACEMENT_3D ( 'NONE', #1521, #586, #1225 ) ;
#586 = DIRECTION ( 'NONE',  ( 1.000000000000000000, 3.770855155904582942E-16, 2.168404344971005910E-16 ) ) ;
#587 = DIRECTION ( 'NONE',  ( 0.000000000000000000, -0.000000000000000000, 1.000000000000000000 ) ) ;
#588 = VECTOR ( 'NONE', #1605, 1000.000000000000000 ) ;
#589 = ORIENTED_EDGE ( 'NONE', *, *, #1502, .F. ) ;
#590 = ORIENTED_EDGE ( 'NONE', *, *, #1194, .F. ) ;
#591 = DIRECTION ( 'NONE',  ( 0.000000000000000000, -1.000000000000000000, 0.000000000000000000 ) ) ;
#592 = AXIS2_PLACEMENT_3D ( 'NONE', #1315, #515, #934 ) ;
#593 = CALENDAR_DATE ( 2026, 1, 7 ) ;
#594 = ORIENTED_EDGE ( 'NONE', *, *, #273, .F. ) ;
#595 = VECTOR ( 'NONE', #180, 1000.000000000000000 ) ;
#596 = DIRECTION ( 'NONE',  ( 0.5773502691896237327, -0.5773502691896247319, -0.5773502691896287287 ) ) ;
#597 = DIRECTION ( 'NONE',  ( 0.7071067811865474617, -0.7071067811865474617, 0.000000000000000000 ) ) ;
#598 = DIRECTION ( 'NONE',  ( -0.000000000000000000, -0.000000000000000000, -1.000000000000000000 ) ) ;
#599 = EDGE_LOOP ( 'NONE', ( #1425, #1253, #111 ) ) ;
#600 = PLANE ( 'NONE',  #994 ) ;
#601 = EDGE_CURVE ( 'NONE', #753, #1116, #834, .T. ) ;
#602 = CARTESIAN_POINT ( 'NONE',  ( -160.0000000000000000, 144.0000000000000853, -11.22000000000000064 ) ) ;
#603 = VERTEX_POINT ( 'NONE', #1339 ) ;
#604 = DIRECTION ( 'NONE',  ( 0.000000000000000000, 0.000000000000000000, 1.000000000000000000 ) ) ;
#605 = DIRECTION ( 'NONE',  ( 0.000000000000000000, -1.000000000000000000, 0.000000000000000000 ) ) ;
#606 = EDGE_CURVE ( 'NONE', #383, #1699, #9, .T. ) ;
#607 = FACE_OUTER_BOUND ( 'NONE', #188, .T. ) ;
#608 = FACE_BOUND ( 'NONE', #1304, .T. ) ;
#609 = ORIENTED_EDGE ( 'NONE', *, *, #975, .F. ) ;
#610 = VERTEX_POINT ( 'NONE', #1479 ) ;
#611 = DIRECTION ( 'NONE',  ( -0.000000000000000000, -0.000000000000000000, -1.000000000000000000 ) ) ;
#612 = EDGE_CURVE ( 'NONE', #108, #753, #1419, .T. ) ;
#613 = CC_DESIGN_APPROVAL ( #892, ( #63 ) ) ;
#614 = CARTESIAN_POINT ( 'NONE',  ( -152.0000000000000000, 160.0000000000000853, -6.219999999999992646 ) ) ;
#615 = AXIS2_PLACEMENT_3D ( 'NONE', #280, #147, #1226 ) ;
#616 = ORIENTED_EDGE ( 'NONE', *, *, #576, .F. ) ;
#617 = ORIENTED_EDGE ( 'NONE', *, *, #435, .T. ) ;
#618 = VECTOR ( 'NONE', #1098, 1000.000000000000000 ) ;
#619 = CARTESIAN_POINT ( 'NONE',  ( -80.22095945471266987, 59.88970449004707319, 0.000000000000000000 ) ) ;
#620 = VECTOR ( 'NONE', #933, 1000.000000000000000 ) ;
#621 = EDGE_LOOP ( 'NONE', ( #436, #7, #1711, #1133 ) ) ;
#622 = ORIENTED_EDGE ( 'NONE', *, *, #162, .T. ) ;
#623 = PLANE ( 'NONE',  #798 ) ;
#624 = DIRECTION ( 'NONE',  ( 0.000000000000000000, 1.000000000000000000, 0.000000000000000000 ) ) ;
#625 = AXIS2_PLACEMENT_3D ( 'NONE', #527, #1075, #133 ) ;
#626 = VERTEX_POINT ( 'NONE', #423 ) ;
#627 = VECTOR ( 'NONE', #774, 1000.000000000000000 ) ;
#628 = DIRECTION ( 'NONE',  ( -0.000000000000000000, 1.000000000000000000, -0.000000000000000000 ) ) ;
#629 = CARTESIAN_POINT ( 'NONE',  ( -44.26000000000067303, -44.26000000000021117, 44.26000000000010459 ) ) ;
#630 = CC_DESIGN_PERSON_AND_ORGANIZATION_ASSIGNMENT ( #993, #455, ( #1690 ) ) ;
#631 = ADVANCED_FACE ( 'NONE', ( #1356 ), #1759, .F. ) ;
#632 = ORIENTED_EDGE ( 'NONE', *, *, #92, .F. ) ;
#633 = DIRECTION ( 'NONE',  ( -0.000000000000000000, -0.000000000000000000, -1.000000000000000000 ) ) ;
#634 = CARTESIAN_POINT ( 'NONE',  ( -90.79999999999999716, 62.00000000000000000, 5.000000000000000000 ) ) ;
#635 = CARTESIAN_POINT ( 'NONE',  ( -93.29999999999999716, 80.00000000000000000, 0.000000000000000000 ) ) ;
#636 = CYLINDRICAL_SURFACE ( 'NONE', #507, 5.500000000000005329 ) ;
#637 = ORIENTED_EDGE ( 'NONE', *, *, #1214, .F. ) ;
#638 = ORIENTED_EDGE ( 'NONE', *, *, #130, .F. ) ;
#639 = EDGE_CURVE ( 'NONE', #1345, #337, #1217, .T. ) ;
#640 = DIRECTION ( 'NONE',  ( 0.000000000000000000, 0.000000000000000000, -1.000000000000000000 ) ) ;
#641 = LINE ( 'NONE', #794, #1674 ) ;
#642 = APPROVAL_PERSON_ORGANIZATION ( #1512, #1544, #1650 ) ;
#643 = VECTOR ( 'NONE', #1113, 1000.000000000000000 ) ;
#644 = LINE ( 'NONE', #1555, #938 ) ;
#645 = ORIENTED_EDGE ( 'NONE', *, *, #1537, .T. ) ;
#646 = VECTOR ( 'NONE', #1641, 1000.000000000000000 ) ;
#647 = ORIENTED_EDGE ( 'NONE', *, *, #79, .F. ) ;
#648 = ORIENTED_EDGE ( 'NONE', *, *, #1685, .T. ) ;
#649 = LINE ( 'NONE', #1192, #1764 ) ;
#650 = LINE ( 'NONE', #1179, #371 ) ;
#651 = CARTESIAN_POINT ( 'NONE',  ( 0.000000000000000000, 0.000000000000000000, 5.000000000000000000 ) ) ;
#652 = CARTESIAN_POINT ( 'NONE',  ( -118.0000000000000284, 65.50000000000001421, 4.000000000000000000 ) ) ;
#653 = ORIENTED_EDGE ( 'NONE', *, *, #1562, .F. ) ;
#654 = EDGE_CURVE ( 'NONE', #383, #718, #135, .T. ) ;
#655 =( NAMED_UNIT ( * ) PLANE_ANGLE_UNIT ( ) SI_UNIT ( $, .RADIAN. ) );
#656 = ORIENTED_EDGE ( 'NONE', *, *, #471, .F. ) ;
#657 = ORIENTED_EDGE ( 'NONE', *, *, #1703, .F. ) ;
#658 = DIRECTION ( 'NONE',  ( 0.000000000000000000, 0.000000000000000000, 1.000000000000000000 ) ) ;
#659 = LINE ( 'NONE', #230, #226 ) ;
#660 = CARTESIAN_POINT ( 'NONE',  ( -157.0000000000000000, 160.0000000000000853, -11.21999999999999353 ) ) ;
#661 = CARTESIAN_POINT ( 'NONE',  ( -98.61818181818181017, 91.86241721356824996, 5.000000000000000000 ) ) ;
#662 = AXIS2_PLACEMENT_3D ( 'NONE', #823, #279, #152 ) ;
#663 = CARTESIAN_POINT ( 'NONE',  ( -61.98181818181819125, 108.2873025862012355, 0.000000000000000000 ) ) ;
#664 = VERTEX_POINT ( 'NONE', #1224 ) ;
#665 = DIRECTION ( 'NONE',  ( 0.7071067811865474617, -0.7071067811865476838, 7.210196816145187085E-16 ) ) ;
#666 = CARTESIAN_POINT ( 'NONE',  ( -159.9999999999999716, -5.551115123125782702E-14, -11.22000000000000064 ) ) ;
#667 = EDGE_LOOP ( 'NONE', ( #645, #1400, #1290, #468 ) ) ;
#668 = CARTESIAN_POINT ( 'NONE',  ( -132.7800000000000580, 160.0000000000000568, 5.551115123125782702E-14 ) ) ;
#669 = PLANE ( 'NONE',  #361 ) ;
#670 = ADVANCED_FACE ( 'NONE', ( #1749 ), #124, .F. ) ;
#671 = DIRECTION ( 'NONE',  ( -1.000000000000000000, -0.000000000000000000, -0.000000000000000000 ) ) ;
#672 = CARTESIAN_POINT ( 'NONE',  ( -144.5000000000000284, 68.00000000000000000, 4.000000000000000000 ) ) ;
#673 = DIRECTION ( 'NONE',  ( 1.000000000000000000, 3.770855155904582942E-16, 2.168404344971005910E-16 ) ) ;
#674 = ORIENTED_EDGE ( 'NONE', *, *, #1052, .T. ) ;
#675 = DIRECTION ( 'NONE',  ( 0.000000000000000000, 0.000000000000000000, 1.000000000000000000 ) ) ;
#676 = ORIENTED_EDGE ( 'NONE', *, *, #1190, .F. ) ;
#677 = VECTOR ( 'NONE', #940, 1000.000000000000114 ) ;
#678 = DIRECTION ( 'NONE',  ( 1.000000000000000000, 0.000000000000000000, 0.000000000000000000 ) ) ;
#679 = FACE_OUTER_BOUND ( 'NONE', #867, .T. ) ;
#680 = ADVANCED_FACE ( 'NONE', ( #534, #159 ), #669, .T. ) ;
#681 = VECTOR ( 'NONE', #887, 1000.000000000000000 ) ;
#682 = FACE_OUTER_BOUND ( 'NONE', #472, .T. ) ;
#683 = DIRECTION ( 'NONE',  ( 0.000000000000000000, 0.000000000000000000, 1.000000000000000000 ) ) ;
#684 = ORIENTED_EDGE ( 'NONE', *, *, #582, .F. ) ;
#685 = CIRCLE ( 'NONE', #1582, 5.500000000000022204 ) ;
#686 = AXIS2_PLACEMENT_3D ( 'NONE', #1311, #250, #1715 ) ;
#687 = EDGE_CURVE ( 'NONE', #907, #1221, #813, .T. ) ;
#688 = DIRECTION ( 'NONE',  ( -3.770855155904582942E-16, 1.000000000000000000, 0.000000000000000000 ) ) ;
#689 = CARTESIAN_POINT ( 'NONE',  ( -1.885427577952292605E-15, 5.000000000000003553, -11.22000000000000064 ) ) ;
#690 = LINE ( 'NONE', #375, #962 ) ;
#691 = CARTESIAN_POINT ( 'NONE',  ( -152.0000000000000000, 160.0000000000000568, -8.219999999999995310 ) ) ;
#692 = DIRECTION ( 'NONE',  ( -1.000000000000000000, 1.734723475976826619E-15, -2.168404344971033323E-15 ) ) ;
#693 = VERTEX_POINT ( 'NONE', #974 ) ;
#694 = APPROVAL_STATUS ( 'not_yet_approved' ) ;
#695 = LINE ( 'NONE', #1645, #172 ) ;
#696 = CARTESIAN_POINT ( 'NONE',  ( -93.29999999999999716, 80.00000000000000000, 5.000000000000000000 ) ) ;
#697 = ADVANCED_FACE ( 'NONE', ( #679 ), #545, .T. ) ;
#698 = DIRECTION ( 'NONE',  ( -1.000000000000000000, 0.000000000000000000, 0.000000000000000000 ) ) ;
#699 = DIRECTION ( 'NONE',  ( 0.000000000000000000, 0.000000000000000000, 1.000000000000000000 ) ) ;
#700 = LINE ( 'NONE', #1071, #1378 ) ;
#701 = VERTEX_POINT ( 'NONE', #705 ) ;
#702 = CALENDAR_DATE ( 2026, 1, 7 ) ;
#703 = VECTOR ( 'NONE', #425, 1000.000000000000114 ) ;
#704 = AXIS2_PLACEMENT_3D ( 'NONE', #274, #683, #1762 ) ;
#705 = CARTESIAN_POINT ( 'NONE',  ( -90.25454755445538524, 64.38798210433830604, 5.000000000000000000 ) ) ;
#706 = DIRECTION ( 'NONE',  ( -0.000000000000000000, 1.000000000000000000, -0.000000000000000000 ) ) ;
#707 = DIRECTION ( 'NONE',  ( -1.000000000000000000, 0.000000000000000000, 0.000000000000000000 ) ) ;
#708 = VECTOR ( 'NONE', #390, 1000.000000000000000 ) ;
#709 = ORIENTED_EDGE ( 'NONE', *, *, #243, .T. ) ;
#710 = ORIENTED_EDGE ( 'NONE', *, *, #1553, .F. ) ;
#711 = EDGE_CURVE ( 'NONE', #351, #981, #957, .T. ) ;
#712 = VECTOR ( 'NONE', #1558, 1000.000000000000000 ) ;
#713 = AXIS2_PLACEMENT_3D ( 'NONE', #1209, #1757, #237 ) ;
#714 = ORIENTED_EDGE ( 'NONE', *, *, #1685, .F. ) ;
#715 = DIRECTION ( 'NONE',  ( -5.782411586589339889E-16, 1.000000000000000000, 0.000000000000000000 ) ) ;
#716 = CARTESIAN_POINT ( 'NONE',  ( -159.9999999999999716, -5.551115123125782702E-14, 5.000000000000000000 ) ) ;
#717 = VERTEX_POINT ( 'NONE', #2 ) ;
#718 = VERTEX_POINT ( 'NONE', #1105 ) ;
#719 = EDGE_CURVE ( 'NONE', #121, #935, #297, .T. ) ;
#720 = ADVANCED_FACE ( 'NONE', ( #394 ), #1470, .T. ) ;
#721 = EDGE_LOOP ( 'NONE', ( #1246, #843, #1435, #210 ) ) ;
#722 = FACE_OUTER_BOUND ( 'NONE', #792, .T. ) ;
#723 = DIRECTION ( 'NONE',  ( 0.000000000000000000, 1.000000000000000000, 0.000000000000000000 ) ) ;
#724 = ADVANCED_FACE ( 'NONE', ( #815 ), #1227, .F. ) ;
#725 = VERTEX_POINT ( 'NONE', #1745 ) ;
#726 = ORIENTED_EDGE ( 'NONE', *, *, #1115, .F. ) ;
#727 = PLANE ( 'NONE',  #395 ) ;
#728 = PERSON_AND_ORGANIZATION_ROLE ( 'creator' ) ;
#729 = AXIS2_PLACEMENT_3D ( 'NONE', #1398, #185, #4 ) ;
#730 = DIRECTION ( 'NONE',  ( -0.7071067811865493491, -0.7071067811865455743, 0.000000000000000000 ) ) ;
#731 = DIRECTION ( 'NONE',  ( -0.7071067811865474617, 0.7071067811865474617, 0.000000000000000000 ) ) ;
#732 = ADVANCED_FACE ( 'NONE', ( #6, #1220 ), #1091, .T. ) ;
#733 = ORIENTED_EDGE ( 'NONE', *, *, #827, .T. ) ;
#734 = VERTEX_POINT ( 'NONE', #1212 ) ;
#735 = DIRECTION ( 'NONE',  ( 0.000000000000000000, 0.000000000000000000, 1.000000000000000000 ) ) ;
#736 = CIRCLE ( 'NONE', #592, 13.00000000000001066 ) ;
#737 = CIRCLE ( 'NONE', #1728, 13.00000000000001066 ) ;
#738 = EDGE_CURVE ( 'NONE', #525, #1730, #1631, .T. ) ;
#739 = LINE ( 'NONE', #1014, #712 ) ;
#740 = CARTESIAN_POINT ( 'NONE',  ( -144.5000000000000284, 94.50000000000000000, 4.000000000000000000 ) ) ;
#741 = VERTEX_POINT ( 'NONE', #557 ) ;
#742 = ORIENTED_EDGE ( 'NONE', *, *, #922, .F. ) ;
#743 = CARTESIAN_POINT ( 'NONE',  ( -61.98181818181819125, 108.2873025862012355, 5.000000000000000000 ) ) ;
#744 = EDGE_CURVE ( 'NONE', #1622, #517, #522, .T. ) ;
#745 = ORIENTED_EDGE ( 'NONE', *, *, #827, .F. ) ;
#746 = CARTESIAN_POINT ( 'NONE',  ( -97.59333333333282212, 97.59333333333299265, 97.59333333333367477 ) ) ;
#747 = EDGE_CURVE ( 'NONE', #626, #325, #1061, .T. ) ;
#748 = CARTESIAN_POINT ( 'NONE',  ( -152.0000000000000000, 160.0000000000000568, -11.21999999999998288 ) ) ;
#749 = ORIENTED_EDGE ( 'NONE', *, *, #1023, .F. ) ;
#750 = LINE ( 'NONE', #861, #1219 ) ;
#751 = FACE_OUTER_BOUND ( 'NONE', #1083, .T. ) ;
#752 = EDGE_LOOP ( 'NONE', ( #1625, #1254, #306, #1511 ) ) ;
#753 = VERTEX_POINT ( 'NONE', #663 ) ;
#754 = CARTESIAN_POINT ( 'NONE',  ( 0.000000000000000000, 144.0000000000000853, -11.21999999999997932 ) ) ;
#755 = CARTESIAN_POINT ( 'NONE',  ( -27.22000000000001307, 1.734723475976807094E-15, -1.734723475976807094E-15 ) ) ;
#756 = ORIENTED_EDGE ( 'NONE', *, *, #1726, .F. ) ;
#757 = ORIENTED_EDGE ( 'NONE', *, *, #266, .F. ) ;
#758 = EDGE_CURVE ( 'NONE', #1132, #991, #426, .T. ) ;
#759 = DIRECTION ( 'NONE',  ( 3.770855155904582942E-16, -1.000000000000000000, 0.000000000000000000 ) ) ;
#760 = VERTEX_POINT ( 'NONE', #416 ) ;
#761 = LOCAL_TIME ( 12, 37, 4.000000000000000000, #980 ) ;
#762 = EDGE_CURVE ( 'NONE', #110, #760, #13, .T. ) ;
#763 = ORIENTED_EDGE ( 'NONE', *, *, #612, .F. ) ;
#764 = CARTESIAN_POINT ( 'NONE',  ( -98.61818181818181017, 68.13758278643173583, 5.000000000000000000 ) ) ;
#765 = DIRECTION ( 'NONE',  ( -0.000000000000000000, -0.000000000000000000, -1.000000000000000000 ) ) ;
#766 = VECTOR ( 'NONE', #908, 1000.000000000000000 ) ;
#767 = VECTOR ( 'NONE', #1070, 1000.000000000000000 ) ;
#768 = EDGE_LOOP ( 'NONE', ( #1021, #637, #830, #890 ) ) ;
#769 = DIRECTION ( 'NONE',  ( 1.000000000000000000, 0.000000000000000000, 0.000000000000000000 ) ) ;
#770 = DIRECTION ( 'NONE',  ( 0.7071067811865437980, -0.7071067811865512365, 0.000000000000000000 ) ) ;
#771 = ADVANCED_FACE ( 'NONE', ( #530 ), #1082, .F. ) ;
#772 = VECTOR ( 'NONE', #1079, 1000.000000000000114 ) ;
#773 = AXIS2_PLACEMENT_3D ( 'NONE', #947, #1310, #518 ) ;
#774 = DIRECTION ( 'NONE',  ( 2.168404344971005910E-16, 7.523163845262632388E-32, -1.000000000000000000 ) ) ;
#775 = FACE_BOUND ( 'NONE', #1454, .T. ) ;
#776 = LINE ( 'NONE', #1322, #224 ) ;
#777 = DIRECTION ( 'NONE',  ( -0.000000000000000000, -0.000000000000000000, -1.000000000000000000 ) ) ;
#778 = LINE ( 'NONE', #1484, #708 ) ;
#779 = ORIENTED_EDGE ( 'NONE', *, *, #1371, .T. ) ;
#780 = CARTESIAN_POINT ( 'NONE',  ( -85.29999999999998295, 62.00000000000000000, 5.000000000000000000 ) ) ;
#781 = CARTESIAN_POINT ( 'NONE',  ( -160.0000000000000000, 160.0000000000000853, 5.000000000000000000 ) ) ;
#782 = DIRECTION ( 'NONE',  ( -0.000000000000000000, -0.000000000000000000, -1.000000000000000000 ) ) ;
#783 = EDGE_CURVE ( 'NONE', #445, #345, #700, .T. ) ;
#784 = EDGE_CURVE ( 'NONE', #1699, #664, #874, .T. ) ;
#785 = LINE ( 'NONE', #1041, #910 ) ;
#786 = AXIS2_PLACEMENT_3D ( 'NONE', #466, #1382, #731 ) ;
#787 = CARTESIAN_POINT ( 'NONE',  ( 0.000000000000000000, 0.000000000000000000, 5.000000000000000000 ) ) ;
#788 = ORIENTED_EDGE ( 'NONE', *, *, #219, .F. ) ;
#789 = AXIS2_PLACEMENT_3D ( 'NONE', #1342, #692, #128 ) ;
#790 = LINE ( 'NONE', #1325, #1018 ) ;
#791 = ORIENTED_EDGE ( 'NONE', *, *, #1727, .F. ) ;
#792 = EDGE_LOOP ( 'NONE', ( #1474, #1409, #1228, #217 ) ) ;
#793 = CARTESIAN_POINT ( 'NONE',  ( -80.22095945471266987, 100.1102955099529481, 5.000000000000000000 ) ) ;
#794 = CARTESIAN_POINT ( 'NONE',  ( -12.57649525193616924, 85.31259204458990553, 5.000000000000000000 ) ) ;
#795 = EDGE_CURVE ( 'NONE', #517, #568, #138, .T. ) ;
#796 = CARTESIAN_POINT ( 'NONE',  ( -149.5000000000000284, 65.50000000000000000, 3.000000000000000000 ) ) ;
#797 = DIRECTION ( 'NONE',  ( -0.9124936318129422963, -0.4090909090909090606, -0.000000000000000000 ) ) ;
#798 = AXIS2_PLACEMENT_3D ( 'NONE', #493, #1566, #1428 ) ;
#799 = CARTESIAN_POINT ( 'NONE',  ( -144.5000000000000284, 65.50000000000000000, 5.000000000000000000 ) ) ;
#800 = ORIENTED_EDGE ( 'NONE', *, *, #374, .F. ) ;
#801 = FACE_OUTER_BOUND ( 'NONE', #1155, .T. ) ;
#802 = VERTEX_POINT ( 'NONE', #828 ) ;
#803 = ORIENTED_EDGE ( 'NONE', *, *, #380, .F. ) ;
#804 = EDGE_CURVE ( 'NONE', #341, #811, #1360, .T. ) ;
#805 = DIRECTION ( 'NONE',  ( 0.7071067811865486830, 0.7071067811865464625, -0.000000000000000000 ) ) ;
#806 = DIRECTION ( 'NONE',  ( 1.000000000000000000, -1.734723475976826619E-15, 2.168404344971033323E-15 ) ) ;
#807 = DIRECTION ( 'NONE',  ( -1.734723475976826619E-15, -1.000000000000000000, 0.000000000000000000 ) ) ;
#808 = DIRECTION ( 'NONE',  ( 1.000000000000000000, 3.469446951953614682E-16, -0.000000000000000000 ) ) ;
#809 = ORIENTED_EDGE ( 'NONE', *, *, #832, .T. ) ;
#810 = DIRECTION ( 'NONE',  ( 0.000000000000000000, 0.000000000000000000, 1.000000000000000000 ) ) ;
#811 = VERTEX_POINT ( 'NONE', #1204 ) ;
#812 = DIRECTION ( 'NONE',  ( 1.000000000000000000, -0.000000000000000000, -0.000000000000000000 ) ) ;
#813 = LINE ( 'NONE', #840, #1352 ) ;
#814 = PLANE ( 'NONE',  #844 ) ;
#815 = FACE_OUTER_BOUND ( 'NONE', #1250, .T. ) ;
#816 = ORIENTED_EDGE ( 'NONE', *, *, #1598, .T. ) ;
#817 = EDGE_CURVE ( 'NONE', #341, #924, #398, .T. ) ;
#818 = VECTOR ( 'NONE', #554, 1000.000000000000114 ) ;
#819 = DIRECTION ( 'NONE',  ( -0.000000000000000000, -0.000000000000000000, -1.000000000000000000 ) ) ;
#820 = ORIENTED_EDGE ( 'NONE', *, *, #1245, .T. ) ;
#821 = VECTOR ( 'NONE', #1210, 1000.000000000000000 ) ;
#822 = CARTESIAN_POINT ( 'NONE',  ( -118.0000000000000284, 94.50000000000000000, 4.000000000000000000 ) ) ;
#823 = CARTESIAN_POINT ( 'NONE',  ( -49.29999999999999716, 80.00000000000000000, 0.000000000000000000 ) ) ;
#824 = PLANE ( 'NONE',  #1637 ) ;
#825 = VECTOR ( 'NONE', #1166, 1000.000000000000000 ) ;
#826 = LINE ( 'NONE', #1244, #1604 ) ;
#827 = EDGE_CURVE ( 'NONE', #1345, #1518, #1621, .T. ) ;
#828 = CARTESIAN_POINT ( 'NONE',  ( -115.5000000000000142, 92.00000000000000000, 5.000000000000000000 ) ) ;
#829 = AXIS2_PLACEMENT_3D ( 'NONE', #748, #578, #450 ) ;
#830 = ORIENTED_EDGE ( 'NONE', *, *, #842, .F. ) ;
#831 = CLOSED_SHELL ( 'NONE', ( #1591, #288, #771, #1443, #732, #448, #680, #1680, #1505, #1293, #289, #1060, #631, #1314, #1257, #1334, #248, #1165, #295, #443, #141, #697, #190, #42, #82, #1364, #360, #1407, #437, #1413, #1149, #339, #301, #1233, #1629, #878, #1317, #1089, #562, #915, #1102, #1577, #234, #1522, #1037, #1756, #724, #15, #670, #914, #720 ) ) ;
#832 = EDGE_CURVE ( 'NONE', #1184, #129, #1459, .T. ) ;
#833 = CARTESIAN_POINT ( 'NONE',  ( -157.0000000000000284, 160.0000000000000853, 4.999999999999658939 ) ) ;
#834 = LINE ( 'NONE', #564, #1738 ) ;
#835 = CARTESIAN_POINT ( 'NONE',  ( -115.5000000000000142, 94.50000000000000000, 4.000000000000000000 ) ) ;
#836 = DIRECTION ( 'NONE',  ( 0.7071067811865474617, 0.7071067811865474617, 0.000000000000000000 ) ) ;
#837 = CARTESIAN_POINT ( 'NONE',  ( -12.57649525193616391, 74.68740795541009447, 5.000000000000000000 ) ) ;
#838 = VERTEX_POINT ( 'NONE', #550 ) ;
#839 = DATE_AND_TIME ( #1389, #1635 ) ;
#840 = CARTESIAN_POINT ( 'NONE',  ( -144.0000000000001137, 160.0000000000001421, -11.21999999999996689 ) ) ;
#841 = CARTESIAN_POINT ( 'NONE',  ( -159.9999999999999716, 16.00000000000033396, -11.22000000000000064 ) ) ;
#842 = EDGE_CURVE ( 'NONE', #482, #169, #1167, .T. ) ;
#843 = ORIENTED_EDGE ( 'NONE', *, *, #687, .F. ) ;
#844 = AXIS2_PLACEMENT_3D ( 'NONE', #968, #572, #1114 ) ;
#845 = ORIENTED_EDGE ( 'NONE', *, *, #184, .T. ) ;
#846 = PLANE ( 'NONE',  #1469 ) ;
#847 = LINE ( 'NONE', #998, #1546 ) ;
#848 = AXIS2_PLACEMENT_3D ( 'NONE', #921, #1185, #255 ) ;
#849 = CARTESIAN_POINT ( 'NONE',  ( -152.0000000000000284, 160.0000000000000853, 4.999999999999670486 ) ) ;
#850 = ORIENTED_EDGE ( 'NONE', *, *, #1689, .F. ) ;
#851 = ORIENTED_EDGE ( 'NONE', *, *, #1568, .T. ) ;
#852 = PERSON_AND_ORGANIZATION_ROLE ( 'design_owner' ) ;
#853 = VECTOR ( 'NONE', #812, 1000.000000000000000 ) ;
#854 = AXIS2_PLACEMENT_3D ( 'NONE', #1093, #296, #191 ) ;
#855 = EDGE_CURVE ( 'NONE', #701, #1184, #1272, .T. ) ;
#856 = ORIENTED_EDGE ( 'NONE', *, *, #435, .F. ) ;
#857 = LINE ( 'NONE', #1390, #818 ) ;
#858 = LINE ( 'NONE', #1144, #285 ) ;
#859 = AXIS2_PLACEMENT_3D ( 'NONE', #1067, #1318, #1603 ) ;
#860 = ORIENTED_EDGE ( 'NONE', *, *, #937, .T. ) ;
#861 = CARTESIAN_POINT ( 'NONE',  ( -115.5000000000000142, 65.50000000000000000, 5.000000000000000000 ) ) ;
#862 = LINE ( 'NONE', #743, #1618 ) ;
#863 = DATE_TIME_ROLE ( 'classification_date' ) ;
#864 = CARTESIAN_POINT ( 'NONE',  ( -132.7799999999999443, -4.606731662804007027E-14, 0.000000000000000000 ) ) ;
#865 = LINE ( 'NONE', #989, #511 ) ;
#866 = CARTESIAN_POINT ( 'NONE',  ( -90.25454755445538524, 64.38798210433830604, 5.000000000000000000 ) ) ;
#867 = EDGE_LOOP ( 'NONE', ( #1538, #1309, #1565, #316 ) ) ;
#868 = ORIENTED_EDGE ( 'NONE', *, *, #67, .F. ) ;
#869 = CARTESIAN_POINT ( 'NONE',  ( -115.5000000000000142, 65.50000000000000000, 5.000000000000000000 ) ) ;
#870 = EDGE_CURVE ( 'NONE', #324, #260, #1679, .T. ) ;
#871 = ORIENTED_EDGE ( 'NONE', *, *, #1281, .F. ) ;
#872 = VECTOR ( 'NONE', #1106, 1000.000000000000000 ) ;
#873 = CARTESIAN_POINT ( 'NONE',  ( -144.5000000000000284, 65.50000000000000000, 4.000000000000000000 ) ) ;
#874 = CIRCLE ( 'NONE', #1153, 5.000000000000004441 ) ;
#875 = CARTESIAN_POINT ( 'NONE',  ( 0.000000000000000000, 0.000000000000000000, 4.000000000000000000 ) ) ;
#876 = EDGE_LOOP ( 'NONE', ( #444, #1601, #1045, #1445 ) ) ;
#877 = CARTESIAN_POINT ( 'NONE',  ( -98.61818181818181017, 68.13758278643173583, 5.000000000000000000 ) ) ;
#878 = ADVANCED_FACE ( 'NONE', ( #1480 ), #546, .F. ) ;
#879 = DIRECTION ( 'NONE',  ( -0.000000000000000000, -0.000000000000000000, -1.000000000000000000 ) ) ;
#880 = EDGE_LOOP ( 'NONE', ( #1146, #1313, #356 ) ) ;
#881 = CC_DESIGN_PERSON_AND_ORGANIZATION_ASSIGNMENT ( #1229, #852, ( #213 ) ) ;
#882 = ORIENTED_EDGE ( 'NONE', *, *, #315, .T. ) ;
#883 = CARTESIAN_POINT ( 'NONE',  ( -157.0000000000000000, 160.0000000000000853, -11.21999999999999353 ) ) ;
#884 = DIRECTION ( 'NONE',  ( 0.000000000000000000, 0.000000000000000000, 1.000000000000000000 ) ) ;
#885 = ORIENTED_EDGE ( 'NONE', *, *, #601, .T. ) ;
#886 = DIRECTION ( 'NONE',  ( -0.000000000000000000, -0.000000000000000000, -1.000000000000000000 ) ) ;
#887 = DIRECTION ( 'NONE',  ( -0.000000000000000000, -0.000000000000000000, -1.000000000000000000 ) ) ;
#888 = ORIENTED_EDGE ( 'NONE', *, *, #369, .F. ) ;
#889 = ORIENTED_EDGE ( 'NONE', *, *, #1640, .T. ) ;
#890 = ORIENTED_EDGE ( 'NONE', *, *, #50, .T. ) ;
#891 = VECTOR ( 'NONE', #1048, 1000.000000000000000 ) ;
#892 = APPROVAL ( #694, 'UNSPECIFIED' ) ;
#893 = CARTESIAN_POINT ( 'NONE',  ( -144.0000000000001705, 160.0000000000000568, -11.21999999999996689 ) ) ;
#894 = DIRECTION ( 'NONE',  ( 1.000000000000000000, -0.000000000000000000, -0.000000000000000000 ) ) ;
#895 = EDGE_LOOP ( 'NONE', ( #638, #714, #1716, #558 ) ) ;
#896 = ORIENTED_EDGE ( 'NONE', *, *, #429, .F. ) ;
#897 = EDGE_CURVE ( 'NONE', #1005, #1422, #187, .T. ) ;
#898 = PLANE ( 'NONE',  #194 ) ;
#899 = PLANE ( 'NONE',  #1020 ) ;
#900 = DIRECTION ( 'NONE',  ( 0.000000000000000000, -0.000000000000000000, 1.000000000000000000 ) ) ;
#901 = EDGE_CURVE ( 'NONE', #222, #991, #1585, .T. ) ;
#902 = VERTEX_POINT ( 'NONE', #1448 ) ;
#903 = CARTESIAN_POINT ( 'NONE',  ( -149.5000000000000284, 94.50000000000000000, 3.000000000000000000 ) ) ;
#904 = AXIS2_PLACEMENT_3D ( 'NONE', #696, #1241, #1634 ) ;
#905 = DIRECTION ( 'NONE',  ( -0.7071067811865437980, 0.7071067811865513475, 1.802549204036283213E-16 ) ) ;
#906 = EDGE_LOOP ( 'NONE', ( #1753, #920, #1549, #1333, #1033, #1337, #376, #21 ) ) ;
#907 = VERTEX_POINT ( 'NONE', #105 ) ;
#908 = DIRECTION ( 'NONE',  ( -0.000000000000000000, -0.000000000000000000, -1.000000000000000000 ) ) ;
#909 = CARTESIAN_POINT ( 'NONE',  ( -115.5000000000000142, 65.50000000000000000, 0.000000000000000000 ) ) ;
#910 = VECTOR ( 'NONE', #1203, 1000.000000000000000 ) ;
#911 = CARTESIAN_POINT ( 'NONE',  ( -98.61818181818181017, 91.86241721356824996, 5.000000000000000000 ) ) ;
#912 = AXIS2_PLACEMENT_3D ( 'NONE', #1567, #1424, #1576 ) ;
#913 = DIRECTION ( 'NONE',  ( 1.000000000000000000, 0.000000000000000000, 0.000000000000000000 ) ) ;
#914 = ADVANCED_FACE ( 'NONE', ( #1489 ), #824, .T. ) ;
#915 = ADVANCED_FACE ( 'NONE', ( #509 ), #239, .T. ) ;
#916 = LINE ( 'NONE', #668, #84 ) ;
#917 = CARTESIAN_POINT ( 'NONE',  ( 0.000000000000000000, 0.000000000000000000, -11.22000000000000064 ) ) ;
#918 = CARTESIAN_POINT ( 'NONE',  ( -144.5000000000000284, 94.50000000000000000, 5.000000000000000000 ) ) ;
#919 = CARTESIAN_POINT ( 'NONE',  ( 0.000000000000000000, 0.000000000000000000, 0.000000000000000000 ) ) ;
#920 = ORIENTED_EDGE ( 'NONE', *, *, #374, .T. ) ;
#921 = CARTESIAN_POINT ( 'NONE',  ( -7.999999999999996447, 3.000000000000005773, -11.22000000000000064 ) ) ;
#922 = EDGE_CURVE ( 'NONE', #930, #222, #690, .T. ) ;
#923 = FACE_BOUND ( 'NONE', #1589, .T. ) ;
#924 = VERTEX_POINT ( 'NONE', #651 ) ;
#925 = CARTESIAN_POINT ( 'NONE',  ( -49.29999999999999716, 80.00000000000000000, 5.000000000000000000 ) ) ;
#926 = DIRECTION ( 'NONE',  ( 0.9659258262890693114, -0.2588190451025170757, 0.000000000000000000 ) ) ;
#927 = CARTESIAN_POINT ( 'NONE',  ( -7.999999999999998224, 3.000000000000005773, -11.22000000000000064 ) ) ;
#928 = VECTOR ( 'NONE', #434, 1000.000000000000000 ) ;
#929 = DIRECTION ( 'NONE',  ( 1.000000000000000000, 0.000000000000000000, 0.000000000000000000 ) ) ;
#930 = VERTEX_POINT ( 'NONE', #1594 ) ;
#931 = EDGE_CURVE ( 'NONE', #504, #1739, #386, .T. ) ;
#932 = AXIS2_PLACEMENT_3D ( 'NONE', #387, #1350, #929 ) ;
#933 = DIRECTION ( 'NONE',  ( 1.734723475976805615E-16, -1.000000000000000000, -0.000000000000000000 ) ) ;
#934 = DIRECTION ( 'NONE',  ( 1.000000000000000000, 0.000000000000000000, 0.000000000000000000 ) ) ;
#935 = VERTEX_POINT ( 'NONE', #1607 ) ;
#936 = ORIENTED_EDGE ( 'NONE', *, *, #192, .T. ) ;
#937 = EDGE_CURVE ( 'NONE', #1122, #1632, #1340, .T. ) ;
#938 = VECTOR ( 'NONE', #232, 1000.000000000000000 ) ;
#939 = LINE ( 'NONE', #1468, #627 ) ;
#940 = DIRECTION ( 'NONE',  ( -0.7071067811865474617, 0.000000000000000000, 0.7071067811865474617 ) ) ;
#941 = DIRECTION ( 'NONE',  ( -0.000000000000000000, -0.000000000000000000, -1.000000000000000000 ) ) ;
#942 = CIRCLE ( 'NONE', #18, 31.00000000000002842 ) ;
#943 = CARTESIAN_POINT ( 'NONE',  ( 0.000000000000000000, 0.000000000000000000, 5.000000000000000000 ) ) ;
#944 = VECTOR ( 'NONE', #1633, 999.9999999999998863 ) ;
#945 = VERTEX_POINT ( 'NONE', #1077 ) ;
#946 = VERTEX_POINT ( 'NONE', #1260 ) ;
#947 = CARTESIAN_POINT ( 'NONE',  ( -80.22095945471266987, 59.88970449004707319, 5.000000000000000000 ) ) ;
#948 = LINE ( 'NONE', #432, #439 ) ;
#949 = DIRECTION ( 'NONE',  ( -1.000000000000000000, 1.734723475976826619E-15, -2.168404344971033323E-15 ) ) ;
#950 = EDGE_CURVE ( 'NONE', #693, #282, #1636, .T. ) ;
#951 = DIRECTION ( 'NONE',  ( -0.000000000000000000, -0.000000000000000000, -1.000000000000000000 ) ) ;
#952 = CARTESIAN_POINT ( 'NONE',  ( 0.000000000000000000, 0.000000000000000000, -11.22000000000000064 ) ) ;
#953 = ORIENTED_EDGE ( 'NONE', *, *, #1727, .T. ) ;
#954 = EDGE_CURVE ( 'NONE', #40, #568, #857, .T. ) ;
#955 = ORIENTED_EDGE ( 'NONE', *, *, #1388, .F. ) ;
#956 = FACE_OUTER_BOUND ( 'NONE', #1578, .T. ) ;
#957 = LINE ( 'NONE', #1488, #677 ) ;
#958 = FACE_OUTER_BOUND ( 'NONE', #149, .T. ) ;
#959 = EDGE_CURVE ( 'NONE', #1548, #1029, #449, .T. ) ;
#960 = DIRECTION ( 'NONE',  ( -3.469446951953611231E-16, 1.000000000000000000, 0.000000000000000000 ) ) ;
#961 = ORIENTED_EDGE ( 'NONE', *, *, #567, .F. ) ;
#962 = VECTOR ( 'NONE', #782, 1000.000000000000000 ) ;
#963 = PERSON_AND_ORGANIZATION_ROLE ( 'classification_officer' ) ;
#964 = FACE_OUTER_BOUND ( 'NONE', #579, .T. ) ;
#965 = DIRECTION ( 'NONE',  ( 1.000000000000000000, 0.000000000000000000, 0.000000000000000000 ) ) ;
#966 = LINE ( 'NONE', #1500, #1573 ) ;
#967 = VECTOR ( 'NONE', #77, 1000.000000000000000 ) ;
#968 = CARTESIAN_POINT ( 'NONE',  ( -144.5000000000000284, 65.50000000000000000, 5.000000000000000000 ) ) ;
#969 = DIRECTION ( 'NONE',  ( -1.000000000000000000, 0.000000000000000000, 0.000000000000000000 ) ) ;
#970 = AXIS2_PLACEMENT_3D ( 'NONE', #875, #587, #1540 ) ;
#971 = ORIENTED_EDGE ( 'NONE', *, *, #1760, .F. ) ;
#972 = DATE_AND_TIME ( #575, #1602 ) ;
#973 = DIRECTION ( 'NONE',  ( 0.000000000000000000, 1.000000000000000000, 0.000000000000000000 ) ) ;
#974 = CARTESIAN_POINT ( 'NONE',  ( 0.000000000000000000, 16.00000000000000000, -11.22000000000000064 ) ) ;
#975 = EDGE_CURVE ( 'NONE', #1451, #1145, #1653, .T. ) ;
#976 = CARTESIAN_POINT ( 'NONE',  ( -159.9999999999999716, 16.00000000000030198, -11.22000000000004327 ) ) ;
#977 = CARTESIAN_POINT ( 'NONE',  ( -85.29999999999998295, 98.00000000000000000, 5.000000000000000000 ) ) ;
#978 = VERTEX_POINT ( 'NONE', #976 ) ;
#979 = VECTOR ( 'NONE', #570, 1000.000000000000000 ) ;
#980 = COORDINATED_UNIVERSAL_TIME_OFFSET ( 1, 0, .AHEAD. ) ;
#981 = VERTEX_POINT ( 'NONE', #1251 ) ;
#982 = FACE_OUTER_BOUND ( 'NONE', #1542, .T. ) ;
#983 = DIRECTION ( 'NONE',  ( -0.000000000000000000, -0.000000000000000000, -1.000000000000000000 ) ) ;
#984 = ORIENTED_EDGE ( 'NONE', *, *, #26, .T. ) ;
#985 = VERTEX_POINT ( 'NONE', #1232 ) ;
#986 = EDGE_CURVE ( 'NONE', #337, #482, #1128, .T. ) ;
#987 = EDGE_LOOP ( 'NONE', ( #779, #580, #1504, #1436, #227, #851, #1343, #209 ) ) ;
#988 = DIRECTION ( 'NONE',  ( 0.7071067811865453523, -2.623817611436786428E-15, 0.7071067811865496822 ) ) ;
#989 = CARTESIAN_POINT ( 'NONE',  ( -115.5000000000000142, 92.00000000000000000, 4.000000000000000000 ) ) ;
#990 = AXIS2_PLACEMENT_3D ( 'NONE', #411, #1187, #1444 ) ;
#991 = VERTEX_POINT ( 'NONE', #170 ) ;
#992 = ORIENTED_EDGE ( 'NONE', *, *, #1052, .F. ) ;
#993 = PERSON_AND_ORGANIZATION ( #323, #1296 ) ;
#994 = AXIS2_PLACEMENT_3D ( 'NONE', #1141, #1682, #521 ) ;
#995 = ORIENTED_EDGE ( 'NONE', *, *, #1620, .T. ) ;
#996 = VECTOR ( 'NONE', #1733, 1000.000000000000000 ) ;
#997 = LINE ( 'NONE', #1667, #277 ) ;
#998 = CARTESIAN_POINT ( 'NONE',  ( -16.00000000000000000, 160.0000000000000000, -11.22000000000000064 ) ) ;
#999 = CC_DESIGN_DATE_AND_TIME_ASSIGNMENT ( #438, #863, ( #63 ) ) ;
#1000 = CIRCLE ( 'NONE', #854, 5.500000000000005329 ) ;
#1001 = EDGE_CURVE ( 'NONE', #65, #46, #997, .T. ) ;
#1002 = ORIENTED_EDGE ( 'NONE', *, *, #1208, .T. ) ;
#1003 = EDGE_LOOP ( 'NONE', ( #573, #1135, #710, #1295, #888, #1534, #1287, #1557 ) ) ;
#1004 = DIRECTION ( 'NONE',  ( 3.770855155904582942E-16, -1.000000000000000000, 0.000000000000000000 ) ) ;
#1005 = VERTEX_POINT ( 'NONE', #457 ) ;
#1006 = DIRECTION ( 'NONE',  ( 0.000000000000000000, 0.7071067811865499042, -0.7071067811865450192 ) ) ;
#1007 = PLANE ( 'NONE',  #970 ) ;
#1008 = ORIENTED_EDGE ( 'NONE', *, *, #526, .F. ) ;
#1009 = ORIENTED_EDGE ( 'NONE', *, *, #1420, .F. ) ;
#1010 = EDGE_CURVE ( 'NONE', #1237, #1150, #424, .T. ) ;
#1011 = CARTESIAN_POINT ( 'NONE',  ( -144.5000000000000284, 94.50000000000000000, 5.000000000000000000 ) ) ;
#1012 = ORIENTED_EDGE ( 'NONE', *, *, #555, .F. ) ;
#1013 = ORIENTED_EDGE ( 'NONE', *, *, #711, .F. ) ;
#1014 = CARTESIAN_POINT ( 'NONE',  ( -115.5000000000000142, 65.50000000000000000, 4.000000000000000000 ) ) ;
#1015 = CARTESIAN_POINT ( 'NONE',  ( -27.22000000000001307, 1.734723475976807094E-15, -1.734723475976807094E-15 ) ) ;
#1016 = ORIENTED_EDGE ( 'NONE', *, *, #114, .T. ) ;
#1017 = ORIENTED_EDGE ( 'NONE', *, *, #458, .T. ) ;
#1018 = VECTOR ( 'NONE', #819, 1000.000000000000000 ) ;
#1019 = DIRECTION ( 'NONE',  ( -1.000000000000000000, 1.734723475976826619E-15, -2.168404344971033323E-15 ) ) ;
#1020 = AXIS2_PLACEMENT_3D ( 'NONE', #1714, #1038, #195 ) ;
#1021 = ORIENTED_EDGE ( 'NONE', *, *, #1556, .T. ) ;
#1022 = CARTESIAN_POINT ( 'NONE',  ( -115.5000000000000142, 68.00000000000000000, 4.000000000000000000 ) ) ;
#1023 = EDGE_CURVE ( 'NONE', #65, #1451, #332, .T. ) ;
#1024 = DIRECTION ( 'NONE',  ( 0.000000000000000000, 0.000000000000000000, 1.000000000000000000 ) ) ;
#1025 = ORIENTED_EDGE ( 'NONE', *, *, #954, .F. ) ;
#1026 = ORIENTED_EDGE ( 'NONE', *, *, #540, .T. ) ;
#1027 = CARTESIAN_POINT ( 'NONE',  ( -160.0000000000000000, 160.0000000000000853, -8.220000000000011298 ) ) ;
#1028 = VERTEX_POINT ( 'NONE', #577 ) ;
#1029 = VERTEX_POINT ( 'NONE', #864 ) ;
#1030 = EDGE_CURVE ( 'NONE', #179, #902, #1514, .T. ) ;
#1031 = CARTESIAN_POINT ( 'NONE',  ( 0.000000000000000000, 0.000000000000000000, 0.000000000000000000 ) ) ;
#1032 = PLANE ( 'NONE',  #119 ) ;
#1033 = ORIENTED_EDGE ( 'NONE', *, *, #33, .F. ) ;
#1034 = CARTESIAN_POINT ( 'NONE',  ( -2.999999999999998668, -1.131256546771374538E-15, -11.22000000000000064 ) ) ;
#1035 = DIRECTION ( 'NONE',  ( 1.000000000000000000, 0.000000000000000000, 0.000000000000000000 ) ) ;
#1036 = ORIENTED_EDGE ( 'NONE', *, *, #122, .T. ) ;
#1037 = ADVANCED_FACE ( 'NONE', ( #1095 ), #441, .T. ) ;
#1038 = DIRECTION ( 'NONE',  ( -0.2588190451025174088, 0.9659258262890692004, 0.000000000000000000 ) ) ;
#1039 = LINE ( 'NONE', #91, #460 ) ;
#1040 = ORIENTED_EDGE ( 'NONE', *, *, #1190, .T. ) ;
#1041 = CARTESIAN_POINT ( 'NONE',  ( -160.0000000000000000, 160.0000000000000853, -6.220000000000010409 ) ) ;
#1042 = AXIS2_PLACEMENT_3D ( 'NONE', #1088, #414, #1508 ) ;
#1043 = FACE_BOUND ( 'NONE', #201, .T. ) ;
#1044 = VECTOR ( 'NONE', #94, 1000.000000000000000 ) ;
#1045 = ORIENTED_EDGE ( 'NONE', *, *, #1486, .F. ) ;
#1046 = CIRCLE ( 'NONE', #829, 2.999999999999988898 ) ;
#1047 = CARTESIAN_POINT ( 'NONE',  ( -144.5000000000000284, 65.50000000000000000, 5.000000000000000000 ) ) ;
#1048 = DIRECTION ( 'NONE',  ( -0.000000000000000000, -1.000000000000000000, -0.000000000000000000 ) ) ;
#1049 = AXIS2_PLACEMENT_3D ( 'NONE', #106, #941, #1440 ) ;
#1050 = DIRECTION ( 'NONE',  ( -1.000000000000000000, 1.734723475976826619E-15, -2.168404344971033323E-15 ) ) ;
#1051 = CARTESIAN_POINT ( 'NONE',  ( -16.00000000000000000, 4.898587196589414604E-15, -11.22000000000000064 ) ) ;
#1052 = EDGE_CURVE ( 'NONE', #491, #129, #1659, .T. ) ;
#1053 = DIRECTION ( 'NONE',  ( -0.9659258262890693114, 0.2588190451025171313, 0.000000000000000000 ) ) ;
#1054 = ORIENTED_EDGE ( 'NONE', *, *, #1706, .T. ) ;
#1055 =( LENGTH_UNIT ( ) NAMED_UNIT ( * ) SI_UNIT ( .MILLI., .METRE. ) );
#1056 = ORIENTED_EDGE ( 'NONE', *, *, #784, .F. ) ;
#1057 = ORIENTED_EDGE ( 'NONE', *, *, #1115, .T. ) ;
#1058 = DIRECTION ( 'NONE',  ( -1.000000000000000000, 5.204170427930421283E-16, 0.000000000000000000 ) ) ;
#1059 = CARTESIAN_POINT ( 'NONE',  ( 0.000000000000000000, 27.22000000000000952, -5.204170427930421283E-15 ) ) ;
#1060 = ADVANCED_FACE ( 'NONE', ( #1374, #177, #722 ), #31, .F. ) ;
#1061 = LINE ( 'NONE', #1503, #646 ) ;
#1062 = EDGE_LOOP ( 'NONE', ( #1207, #62, #1017, #1008, #1517, #30, #1370, #1485 ) ) ;
#1063 = EDGE_CURVE ( 'NONE', #1268, #497, #966, .T. ) ;
#1064 = CARTESIAN_POINT ( 'NONE',  ( -90.25454755445538524, 95.61201789566167974, 0.000000000000000000 ) ) ;
#1065 = ORIENTED_EDGE ( 'NONE', *, *, #1173, .F. ) ;
#1066 = VERTEX_POINT ( 'NONE', #835 ) ;
#1067 = CARTESIAN_POINT ( 'NONE',  ( -159.9999999999999716, -5.551115123125782702E-14, 5.000000000000000000 ) ) ;
#1068 = LINE ( 'NONE', #72, #1438 ) ;
#1069 = CARTESIAN_POINT ( 'NONE',  ( -144.5000000000000284, 94.50000000000000000, 5.000000000000000000 ) ) ;
#1070 = DIRECTION ( 'NONE',  ( -0.9659258262890693114, 0.2588190451025171313, 0.000000000000000000 ) ) ;
#1071 = CARTESIAN_POINT ( 'NONE',  ( 0.000000000000000000, 0.000000000000000000, -11.22000000000000064 ) ) ;
#1072 = VERTEX_POINT ( 'NONE', #433 ) ;
#1073 = ORIENTED_EDGE ( 'NONE', *, *, #950, .F. ) ;
#1074 = EDGE_CURVE ( 'NONE', #382, #1184, #290, .T. ) ;
#1075 = DIRECTION ( 'NONE',  ( 0.000000000000000000, 0.000000000000000000, 1.000000000000000000 ) ) ;
#1076 = CARTESIAN_POINT ( 'NONE',  ( -160.0000000000000000, 160.0000000000000853, -11.22000000000000064 ) ) ;
#1077 = CARTESIAN_POINT ( 'NONE',  ( -144.5000000000000284, 68.00000000000000000, 4.000000000000000000 ) ) ;
#1078 = EDGE_CURVE ( 'NONE', #811, #978, #1647, .T. ) ;
#1079 = DIRECTION ( 'NONE',  ( 0.7071067811865474617, -0.7071067811865474617, 0.000000000000000000 ) ) ;
#1080 = AXIS2_PLACEMENT_3D ( 'NONE', #746, #596, #1006 ) ;
#1081 = VECTOR ( 'NONE', #886, 1000.000000000000000 ) ;
#1082 = CYLINDRICAL_SURFACE ( 'NONE', #1608, 13.00000000000001066 ) ;
#1083 = EDGE_LOOP ( 'NONE', ( #1708, #254, #788 ) ) ;
#1084 = AXIS2_PLACEMENT_3D ( 'NONE', #635, #1570, #357 ) ;
#1085 = ORIENTED_EDGE ( 'NONE', *, *, #784, .T. ) ;
#1086 = VECTOR ( 'NONE', #973, 1000.000000000000000 ) ;
#1087 = CARTESIAN_POINT ( 'NONE',  ( -144.5000000000000284, 65.50000000000000000, 0.000000000000000000 ) ) ;
#1088 = CARTESIAN_POINT ( 'NONE',  ( -80.22095945471266987, 100.1102955099529481, 5.000000000000000000 ) ) ;
#1089 = ADVANCED_FACE ( 'NONE', ( #982 ), #846, .T. ) ;
#1090 = LINE ( 'NONE', #548, #1377 ) ;
#1091 = PLANE ( 'NONE',  #1693 ) ;
#1092 = ORIENTED_EDGE ( 'NONE', *, *, #1267, .T. ) ;
#1093 = CARTESIAN_POINT ( 'NONE',  ( -85.29999999999998295, 98.00000000000000000, 5.000000000000000000 ) ) ;
#1094 = LINE ( 'NONE', #17, #349 ) ;
#1095 = FACE_OUTER_BOUND ( 'NONE', #412, .T. ) ;
#1096 = LINE ( 'NONE', #566, #928 ) ;
#1097 = CC_DESIGN_SECURITY_CLASSIFICATION ( #63, ( #1690 ) ) ;
#1098 = DIRECTION ( 'NONE',  ( 0.000000000000000000, 0.000000000000000000, 1.000000000000000000 ) ) ;
#1099 = ORIENTED_EDGE ( 'NONE', *, *, #500, .F. ) ;
#1100 = VECTOR ( 'NONE', #988, 1000.000000000000000 ) ;
#1101 = VECTOR ( 'NONE', #116, 1000.000000000000000 ) ;
#1102 = ADVANCED_FACE ( 'NONE', ( #1143 ), #1414, .T. ) ;
#1103 = EDGE_CURVE ( 'NONE', #583, #701, #83, .T. ) ;
#1104 = PLANE ( 'NONE',  #1387 ) ;
#1105 = CARTESIAN_POINT ( 'NONE',  ( -3.000000000000000000, -1.131256546771375129E-15, -6.219999999999997975 ) ) ;
#1106 = DIRECTION ( 'NONE',  ( -0.000000000000000000, -0.000000000000000000, -1.000000000000000000 ) ) ;
#1107 = DIRECTION ( 'NONE',  ( -0.000000000000000000, -0.000000000000000000, -1.000000000000000000 ) ) ;
#1108 = ORIENTED_EDGE ( 'NONE', *, *, #606, .F. ) ;
#1109 = EDGE_CURVE ( 'NONE', #945, #1345, #1684, .T. ) ;
#1110 = ADVANCED_BREP_SHAPE_REPRESENTATION ( 'Sensor_Box_Lid', ( #418, #1666 ), #1431 ) ;
#1111 = CARTESIAN_POINT ( 'NONE',  ( 0.000000000000000000, 0.000000000000000000, 0.000000000000000000 ) ) ;
#1112 = ORIENTED_EDGE ( 'NONE', *, *, #1388, .T. ) ;
#1113 = DIRECTION ( 'NONE',  ( -1.000000000000000000, 1.734723475976826619E-15, -2.168404344971033323E-15 ) ) ;
#1114 = DIRECTION ( 'NONE',  ( 0.000000000000000000, 0.000000000000000000, -1.000000000000000000 ) ) ;
#1115 = EDGE_CURVE ( 'NONE', #1029, #399, #354, .T. ) ;
#1116 = VERTEX_POINT ( 'NONE', #1152 ) ;
#1117 = ORIENTED_EDGE ( 'NONE', *, *, #1547, .T. ) ;
#1118 = AXIS2_PLACEMENT_3D ( 'NONE', #1429, #221, #965 ) ;
#1119 = SECURITY_CLASSIFICATION_LEVEL ( 'unclassified' ) ;
#1120 = CARTESIAN_POINT ( 'NONE',  ( -160.0000000000000000, 157.0000000000000853, -11.22000000000000064 ) ) ;
#1121 = PLANE ( 'NONE',  #786 ) ;
#1122 = VERTEX_POINT ( 'NONE', #498 ) ;
#1123 = ORIENTED_EDGE ( 'NONE', *, *, #33, .T. ) ;
#1124 = AXIS2_PLACEMENT_3D ( 'NONE', #660, #949, #1358 ) ;
#1125 = AXIS2_PLACEMENT_3D ( 'NONE', #144, #1498, #262 ) ;
#1126 = EDGE_LOOP ( 'NONE', ( #198, #1299, #99, #516 ) ) ;
#1127 = EDGE_CURVE ( 'NONE', #110, #108, #1696, .T. ) ;
#1128 = LINE ( 'NONE', #565, #34 ) ;
#1129 = CARTESIAN_POINT ( 'NONE',  ( -152.0000000000002842, 2.636779683484781115E-13, -11.22000000000000064 ) ) ;
#1130 = AXIS2_PLACEMENT_3D ( 'NONE', #1673, #490, #759 ) ;
#1131 = EDGE_CURVE ( 'NONE', #946, #1072, #1292, .T. ) ;
#1132 = VERTEX_POINT ( 'NONE', #1539 ) ;
#1133 = ORIENTED_EDGE ( 'NONE', *, *, #719, .F. ) ;
#1134 = PLANE ( 'NONE',  #1130 ) ;
#1135 = ORIENTED_EDGE ( 'NONE', *, *, #1010, .T. ) ;
#1136 = VECTOR ( 'NONE', #1163, 1000.000000000000000 ) ;
#1137 = DIRECTION ( 'NONE',  ( 0.000000000000000000, 0.000000000000000000, -1.000000000000000000 ) ) ;
#1138 = PRODUCT_DEFINITION ( 'UNKNOWN', '', #1690, #1404 ) ;
#1139 = CARTESIAN_POINT ( 'NONE',  ( -98.61818181818181017, 68.13758278643173583, 0.000000000000000000 ) ) ;
#1140 = ORIENTED_EDGE ( 'NONE', *, *, #1743, .F. ) ;
#1141 = CARTESIAN_POINT ( 'NONE',  ( -98.61818181818181017, 91.86241721356824996, 5.000000000000000000 ) ) ;
#1142 = CARTESIAN_POINT ( 'NONE',  ( -115.5000000000000142, 68.00000000000000000, 4.000000000000000000 ) ) ;
#1143 = FACE_OUTER_BOUND ( 'NONE', #721, .T. ) ;
#1144 = CARTESIAN_POINT ( 'NONE',  ( -1.084202172485503645E-15, -3.761581922631318712E-31, -6.219999999999997087 ) ) ;
#1145 = VERTEX_POINT ( 'NONE', #1285 ) ;
#1146 = ORIENTED_EDGE ( 'NONE', *, *, #67, .T. ) ;
#1147 = PRODUCT_DEFINITION_SHAPE ( 'NONE', 'NONE',  #1138 ) ;
#1148 = DIRECTION ( 'NONE',  ( -1.000000000000000000, 0.000000000000000000, 0.000000000000000000 ) ) ;
#1149 = ADVANCED_FACE ( 'NONE', ( #1302 ), #1170, .F. ) ;
#1150 = VERTEX_POINT ( 'NONE', #754 ) ;
#1151 = AXIS2_PLACEMENT_3D ( 'NONE', #977, #1218, #1211 ) ;
#1152 = CARTESIAN_POINT ( 'NONE',  ( -80.22095945471266987, 100.1102955099529481, 0.000000000000000000 ) ) ;
#1153 = AXIS2_PLACEMENT_3D ( 'NONE', #253, #281, #960 ) ;
#1154 = CARTESIAN_POINT ( 'NONE',  ( -85.29999999999998295, 62.00000000000000000, 0.000000000000000000 ) ) ;
#1155 = EDGE_LOOP ( 'NONE', ( #1755, #23, #726, #889, #1412, #574, #1274, #1661 ) ) ;
#1156 = ORIENTED_EDGE ( 'NONE', *, *, #1383, .F. ) ;
#1157 = DIRECTION ( 'NONE',  ( 0.9124936318129418522, -0.4090909090909099488, 0.000000000000000000 ) ) ;
#1158 = ORIENTED_EDGE ( 'NONE', *, *, #1432, .F. ) ;
#1159 = CIRCLE ( 'NONE', #625, 31.00000000000002842 ) ;
#1160 = ORIENTED_EDGE ( 'NONE', *, *, #1553, .T. ) ;
#1161 = CIRCLE ( 'NONE', #403, 5.500000000000005329 ) ;
#1162 = FACE_OUTER_BOUND ( 'NONE', #492, .T. ) ;
#1163 = DIRECTION ( 'NONE',  ( 0.7071067811865477948, 2.186514676197323913E-16, -0.7071067811865473507 ) ) ;
#1164 = LINE ( 'NONE', #263, #1529 ) ;
#1165 = ADVANCED_FACE ( 'NONE', ( #1162 ), #899, .T. ) ;
#1166 = DIRECTION ( 'NONE',  ( 1.734723475976805615E-16, -1.000000000000000000, -0.000000000000000000 ) ) ;
#1167 = LINE ( 'NONE', #559, #1321 ) ;
#1168 = EDGE_LOOP ( 'NONE', ( #763, #189, #410, #1493 ) ) ;
#1169 = EDGE_LOOP ( 'NONE', ( #402, #1280, #258, #1316, #1112, #1099, #1651, #1188, #477, #1054 ) ) ;
#1170 = PLANE ( 'NONE',  #1616 ) ;
#1171 = CARTESIAN_POINT ( 'NONE',  ( -144.5000000000000284, 94.50000000000000000, 4.000000000000000000 ) ) ;
#1172 = ORIENTED_EDGE ( 'NONE', *, *, #1620, .F. ) ;
#1173 = EDGE_CURVE ( 'NONE', #488, #985, #1574, .T. ) ;
#1174 = CARTESIAN_POINT ( 'NONE',  ( -152.0000000000000000, 157.0000000000000853, -11.21999999999998820 ) ) ;
#1175 = LINE ( 'NONE', #619, #1697 ) ;
#1176 = ORIENTED_EDGE ( 'NONE', *, *, #1078, .T. ) ;
#1177 = ORIENTED_EDGE ( 'NONE', *, *, #471, .T. ) ;
#1178 = ORIENTED_EDGE ( 'NONE', *, *, #500, .T. ) ;
#1179 = CARTESIAN_POINT ( 'NONE',  ( -144.5000000000000284, 94.50000000000000000, 3.000000000000000000 ) ) ;
#1180 = EDGE_CURVE ( 'NONE', #985, #838, #1705, .T. ) ;
#1181 = VECTOR ( 'NONE', #535, 1000.000000000000000 ) ;
#1182 = FACE_OUTER_BOUND ( 'NONE', #1169, .T. ) ;
#1183 = CARTESIAN_POINT ( 'NONE',  ( -12.57649525193616924, 85.31259204458990553, 0.000000000000000000 ) ) ;
#1184 = VERTEX_POINT ( 'NONE', #465 ) ;
#1185 = DIRECTION ( 'NONE',  ( 1.000000000000000000, 3.770855155904582942E-16, 2.168404344971005910E-16 ) ) ;
#1186 = VECTOR ( 'NONE', #1718, 1000.000000000000000 ) ;
#1187 = DIRECTION ( 'NONE',  ( -1.000000000000000000, 1.734723475976826619E-15, -2.168404344971033323E-15 ) ) ;
#1188 = ORIENTED_EDGE ( 'NONE', *, *, #937, .F. ) ;
#1189 = ORIENTED_EDGE ( 'NONE', *, *, #738, .T. ) ;
#1190 = EDGE_CURVE ( 'NONE', #838, #488, #739, .T. ) ;
#1191 = VECTOR ( 'NONE', #723, 1000.000000000000000 ) ;
#1192 = CARTESIAN_POINT ( 'NONE',  ( 0.000000000000000000, 160.0000000000000000, 0.000000000000000000 ) ) ;
#1193 = LINE ( 'NONE', #1171, #996 ) ;
#1194 = EDGE_CURVE ( 'NONE', #603, #1442, #364, .T. ) ;
#1195 = LINE ( 'NONE', #1450, #825 ) ;
#1196 = ORIENTED_EDGE ( 'NONE', *, *, #228, .F. ) ;
#1197 = DIRECTION ( 'NONE',  ( -1.000000000000000000, 0.000000000000000000, 0.000000000000000000 ) ) ;
#1198 = ORIENTED_EDGE ( 'NONE', *, *, #1010, .F. ) ;
#1199 = ORIENTED_EDGE ( 'NONE', *, *, #505, .F. ) ;
#1200 = CARTESIAN_POINT ( 'NONE',  ( -7.999999999999994671, -3.016684124723664776E-15, -11.22000000000000064 ) ) ;
#1201 = VECTOR ( 'NONE', #1584, 1000.000000000000114 ) ;
#1202 = CARTESIAN_POINT ( 'NONE',  ( -149.5000000000000284, 65.50000000000000000, 3.000000000000000000 ) ) ;
#1203 = DIRECTION ( 'NONE',  ( 1.000000000000000000, -1.734723475976826619E-15, 2.168404344971033323E-15 ) ) ;
#1204 = CARTESIAN_POINT ( 'NONE',  ( -159.9999999999999716, -5.551115123125782702E-14, -11.22000000000000064 ) ) ;
#1205 = VERTEX_POINT ( 'NONE', #43 ) ;
#1206 = DIRECTION ( 'NONE',  ( -1.000000000000000000, -3.469446951953611033E-15, -0.000000000000000000 ) ) ;
#1207 = ORIENTED_EDGE ( 'NONE', *, *, #406, .F. ) ;
#1208 = EDGE_CURVE ( 'NONE', #902, #734, #485, .T. ) ;
#1209 = CARTESIAN_POINT ( 'NONE',  ( -98.61818181818181017, 68.13758278643173583, 5.000000000000000000 ) ) ;
#1210 = DIRECTION ( 'NONE',  ( -0.000000000000000000, -0.000000000000000000, -1.000000000000000000 ) ) ;
#1211 = DIRECTION ( 'NONE',  ( -1.000000000000000000, 0.000000000000000000, 0.000000000000000000 ) ) ;
#1212 = CARTESIAN_POINT ( 'NONE',  ( -157.0000000000000000, 160.0000000000000853, -8.219999999999997087 ) ) ;
#1213 = ORIENTED_EDGE ( 'NONE', *, *, #1127, .T. ) ;
#1214 = EDGE_CURVE ( 'NONE', #169, #1632, #70, .T. ) ;
#1215 = ORIENTED_EDGE ( 'NONE', *, *, #1131, .F. ) ;
#1216 = FACE_OUTER_BOUND ( 'NONE', #55, .T. ) ;
#1217 = LINE ( 'NONE', #1646, #821 ) ;
#1218 = DIRECTION ( 'NONE',  ( -0.000000000000000000, -0.000000000000000000, -1.000000000000000000 ) ) ;
#1219 = VECTOR ( 'NONE', #1671, 1000.000000000000000 ) ;
#1220 = FACE_BOUND ( 'NONE', #1126, .T. ) ;
#1221 = VERTEX_POINT ( 'NONE', #893 ) ;
#1222 = VECTOR ( 'NONE', #624, 1000.000000000000000 ) ;
#1223 = LINE ( 'NONE', #327, #1531 ) ;
#1224 = CARTESIAN_POINT ( 'NONE',  ( -7.999999999999996447, -2.073970335747519460E-15, -6.219999999999997975 ) ) ;
#1225 = DIRECTION ( 'NONE',  ( -3.770855155904582449E-16, 1.000000000000000000, 0.000000000000000000 ) ) ;
#1226 = DIRECTION ( 'NONE',  ( -1.000000000000000000, 0.000000000000000000, -0.000000000000000000 ) ) ;
#1227 = CYLINDRICAL_SURFACE ( 'NONE', #247, 5.000000000000003553 ) ;
#1228 = ORIENTED_EDGE ( 'NONE', *, *, #1063, .T. ) ;
#1229 = PERSON_AND_ORGANIZATION ( #323, #1296 ) ;
#1230 = DIRECTION ( 'NONE',  ( -2.168404344971033323E-15, 1.128474576789408794E-30, 1.000000000000000000 ) ) ;
#1231 = DIRECTION ( 'NONE',  ( -1.000000000000000000, 1.734723475976826619E-15, -2.168404344971033323E-15 ) ) ;
#1232 = CARTESIAN_POINT ( 'NONE',  ( -115.5000000000000142, 68.00000000000000000, 4.000000000000000000 ) ) ;
#1233 = ADVANCED_FACE ( 'NONE', ( #1423 ), #623, .T. ) ;
#1234 = CYLINDRICAL_SURFACE ( 'NONE', #1319, 31.00000000000002842 ) ;
#1235 = LOCAL_TIME ( 12, 37, 4.000000000000000000, #320 ) ;
#1236 = CARTESIAN_POINT ( 'NONE',  ( 0.000000000000000000, 0.000000000000000000, -11.22000000000000064 ) ) ;
#1237 = VERTEX_POINT ( 'NONE', #218 ) ;
#1238 = VECTOR ( 'NONE', #1024, 1000.000000000000000 ) ;
#1239 = VECTOR ( 'NONE', #136, 1000.000000000000000 ) ;
#1240 = APPROVAL_STATUS ( 'not_yet_approved' ) ;
#1241 = DIRECTION ( 'NONE',  ( -0.000000000000000000, -0.000000000000000000, -1.000000000000000000 ) ) ;
#1242 = AXIS2_PLACEMENT_3D ( 'NONE', #1307, #1297, #1035 ) ;
#1243 = DIRECTION ( 'NONE',  ( 1.000000000000000000, 3.770855155904582942E-16, 2.168404344971005910E-16 ) ) ;
#1244 = CARTESIAN_POINT ( 'NONE',  ( -144.5000000000000284, 92.00000000000000000, 4.000000000000000000 ) ) ;
#1245 = EDGE_CURVE ( 'NONE', #603, #930, #942, .T. ) ;
#1246 = ORIENTED_EDGE ( 'NONE', *, *, #1434, .F. ) ;
#1247 = VECTOR ( 'NONE', #1269, 1000.000000000000000 ) ;
#1248 = ORIENTED_EDGE ( 'NONE', *, *, #738, .F. ) ;
#1249 = VECTOR ( 'NONE', #8, 1000.000000000000000 ) ;
#1250 = EDGE_LOOP ( 'NONE', ( #440, #1056, #1108, #1466 ) ) ;
#1251 = CARTESIAN_POINT ( 'NONE',  ( -27.21999999999994557, 160.0000000000000284, 0.000000000000000000 ) ) ;
#1252 = PLANE ( 'NONE',  #161 ) ;
#1253 = ORIENTED_EDGE ( 'NONE', *, *, #783, .T. ) ;
#1254 = ORIENTED_EDGE ( 'NONE', *, *, #758, .F. ) ;
#1255 = APPROVAL ( #1256, 'UNSPECIFIED' ) ;
#1256 = APPROVAL_STATUS ( 'not_yet_approved' ) ;
#1257 = ADVANCED_FACE ( 'NONE', ( #1592 ), #1338, .F. ) ;
#1258 = ORIENTED_EDGE ( 'NONE', *, *, #326, .F. ) ;
#1259 = EDGE_CURVE ( 'NONE', #1442, #222, #1159, .T. ) ;
#1260 = CARTESIAN_POINT ( 'NONE',  ( -106.3000000000000114, 80.00000000000000000, 5.000000000000000000 ) ) ;
#1261 = CARTESIAN_POINT ( 'NONE',  ( -160.0000000000000000, 27.22000000000034703, 1.387778780781445676E-14 ) ) ;
#1262 = ORIENTED_EDGE ( 'NONE', *, *, #922, .T. ) ;
#1263 = CARTESIAN_POINT ( 'NONE',  ( -142.0000000000000284, 65.50000000000000000, 5.000000000000000000 ) ) ;
#1264 = CARTESIAN_POINT ( 'NONE',  ( 0.000000000000000000, 0.000000000000000000, 5.000000000000000000 ) ) ;
#1265 = APPLICATION_PROTOCOL_DEFINITION ( 'international standard', 'config_control_design', 1994, #1657 ) ;
#1266 = VECTOR ( 'NONE', #415, 1000.000000000000000 ) ;
#1267 = EDGE_CURVE ( 'NONE', #351, #1277, #1741, .T. ) ;
#1268 = VERTEX_POINT ( 'NONE', #506 ) ;
#1269 = DIRECTION ( 'NONE',  ( -0.000000000000000000, -0.000000000000000000, -1.000000000000000000 ) ) ;
#1270 = CARTESIAN_POINT ( 'NONE',  ( -16.00000000000000000, 160.0000000000000000, -11.22000000000000064 ) ) ;
#1271 = VECTOR ( 'NONE', #1053, 1000.000000000000000 ) ;
#1272 = LINE ( 'NONE', #866, #563 ) ;
#1273 = ORIENTED_EDGE ( 'NONE', *, *, #901, .F. ) ;
#1274 = ORIENTED_EDGE ( 'NONE', *, *, #1371, .F. ) ;
#1275 = VECTOR ( 'NONE', #597, 1000.000000000000114 ) ;
#1276 = CARTESIAN_POINT ( 'NONE',  ( -142.0000000000000284, 65.50000000000000000, 4.000000000000000000 ) ) ;
#1277 = VERTEX_POINT ( 'NONE', #1346 ) ;
#1278 = CARTESIAN_POINT ( 'NONE',  ( -61.98181818181821257, 51.71269741379877161, 5.000000000000000000 ) ) ;
#1279 = CARTESIAN_POINT ( 'NONE',  ( -115.5000000000000142, 65.50000000000000000, 5.000000000000000000 ) ) ;
#1280 = ORIENTED_EDGE ( 'NONE', *, *, #931, .T. ) ;
#1281 = EDGE_CURVE ( 'NONE', #1028, #741, #123, .T. ) ;
#1282 = DIRECTION ( 'NONE',  ( 1.000000000000000000, -5.204170427930421283E-16, 0.000000000000000000 ) ) ;
#1283 = ORIENTED_EDGE ( 'NONE', *, *, #986, .T. ) ;
#1284 = VERTEX_POINT ( 'NONE', #1478 ) ;
#1285 = CARTESIAN_POINT ( 'NONE',  ( -2.999999999999999112, -2.073970335747519460E-15, -8.219999999999998863 ) ) ;
#1286 = DIRECTION ( 'NONE',  ( 0.000000000000000000, 0.000000000000000000, 1.000000000000000000 ) ) ;
#1287 = ORIENTED_EDGE ( 'NONE', *, *, #1516, .F. ) ;
#1288 = ORIENTED_EDGE ( 'NONE', *, *, #207, .T. ) ;
#1289 = DIRECTION ( 'NONE',  ( -0.000000000000000000, 0.000000000000000000, 1.000000000000000000 ) ) ;
#1290 = ORIENTED_EDGE ( 'NONE', *, *, #1030, .F. ) ;
#1291 = VECTOR ( 'NONE', #1660, 1000.000000000000000 ) ;
#1292 = LINE ( 'NONE', #483, #1247 ) ;
#1293 = ADVANCED_FACE ( 'NONE', ( #1216 ), #372, .F. ) ;
#1294 = CARTESIAN_POINT ( 'NONE',  ( -118.0000000000000284, 65.50000000000000000, 5.000000000000000000 ) ) ;
#1295 = ORIENTED_EDGE ( 'NONE', *, *, #1568, .F. ) ;
#1296 = ORGANIZATION ( 'UNSPECIFIED', 'UNSPECIFIED', '' ) ;
#1297 = DIRECTION ( 'NONE',  ( 0.000000000000000000, 0.000000000000000000, 1.000000000000000000 ) ) ;
#1298 = ORIENTED_EDGE ( 'NONE', *, *, #526, .T. ) ;
#1299 = ORIENTED_EDGE ( 'NONE', *, *, #168, .T. ) ;
#1300 = VECTOR ( 'NONE', #1676, 1000.000000000000000 ) ;
#1301 = AXIS2_PLACEMENT_3D ( 'NONE', #317, #1552, #206 ) ;
#1302 = FACE_OUTER_BOUND ( 'NONE', #1748, .T. ) ;
#1303 = CARTESIAN_POINT ( 'NONE',  ( -80.22095945471266987, 100.1102955099529481, 5.000000000000000000 ) ) ;
#1304 = EDGE_LOOP ( 'NONE', ( #1009, #276, #1687, #647 ) ) ;
#1305 = LINE ( 'NONE', #1051, #47 ) ;
#1306 = VECTOR ( 'NONE', #1004, 1000.000000000000000 ) ;
#1307 = CARTESIAN_POINT ( 'NONE',  ( -85.29999999999998295, 62.00000000000000000, 5.000000000000000000 ) ) ;
#1308 = EDGE_CURVE ( 'NONE', #325, #907, #916, .T. ) ;
#1309 = ORIENTED_EDGE ( 'NONE', *, *, #1494, .F. ) ;
#1310 = DIRECTION ( 'NONE',  ( 0.4090909090909100598, 0.9124936318129419632, -0.000000000000000000 ) ) ;
#1311 = CARTESIAN_POINT ( 'NONE',  ( 0.000000000000000000, 0.000000000000000000, 5.000000000000000000 ) ) ;
#1312 = LINE ( 'NONE', #787, #167 ) ;
#1313 = ORIENTED_EDGE ( 'NONE', *, *, #480, .T. ) ;
#1314 = ADVANCED_FACE ( 'NONE', ( #1615 ), #1455, .T. ) ;
#1315 = CARTESIAN_POINT ( 'NONE',  ( -93.29999999999999716, 80.00000000000000000, 5.000000000000000000 ) ) ;
#1316 = ORIENTED_EDGE ( 'NONE', *, *, #510, .T. ) ;
#1317 = ADVANCED_FACE ( 'NONE', ( #1446 ), #249, .T. ) ;
#1318 = DIRECTION ( 'NONE',  ( 1.000000000000000000, 1.734723475976805862E-16, -0.000000000000000000 ) ) ;
#1319 = AXIS2_PLACEMENT_3D ( 'NONE', #537, #1359, #1481 ) ;
#1320 = LINE ( 'NONE', #1059, #146 ) ;
#1321 = VECTOR ( 'NONE', #1643, 1000.000000000000000 ) ;
#1322 = CARTESIAN_POINT ( 'NONE',  ( -98.61818181818181017, 91.86241721356824996, 0.000000000000000000 ) ) ;
#1323 = CARTESIAN_POINT ( 'NONE',  ( -115.5000000000000142, 92.00000000000000000, 4.000000000000000000 ) ) ;
#1324 = EDGE_LOOP ( 'NONE', ( #1160, #1353, #1092 ) ) ;
#1325 = CARTESIAN_POINT ( 'NONE',  ( -90.25454755445538524, 95.61201789566167974, 5.000000000000000000 ) ) ;
#1326 = EDGE_LOOP ( 'NONE', ( #61, #803, #68, #1467 ) ) ;
#1327 = EDGE_LOOP ( 'NONE', ( #1426, #1649, #1731, #1572 ) ) ;
#1328 = LINE ( 'NONE', #112, #487 ) ;
#1329 = DIRECTION ( 'NONE',  ( -0.2588190451025170757, -0.9659258262890693114, 0.000000000000000000 ) ) ;
#1330 = DIRECTION ( 'NONE',  ( -2.168404344971033323E-15, 0.000000000000000000, 1.000000000000000000 ) ) ;
#1331 = LINE ( 'NONE', #1744, #767 ) ;
#1332 = DIRECTION ( 'NONE',  ( -0.000000000000000000, -1.000000000000000000, -0.000000000000000000 ) ) ;
#1333 = ORIENTED_EDGE ( 'NONE', *, *, #1477, .T. ) ;
#1334 = ADVANCED_FACE ( 'NONE', ( #956 ), #1721, .T. ) ;
#1335 = LINE ( 'NONE', #118, #220 ) ;
#1336 = CARTESIAN_POINT ( 'NONE',  ( -80.22095945471266987, 59.88970449004707319, 0.000000000000000000 ) ) ;
#1337 = ORIENTED_EDGE ( 'NONE', *, *, #954, .T. ) ;
#1338 = CYLINDRICAL_SURFACE ( 'NONE', #400, 5.500000000000005329 ) ;
#1339 = CARTESIAN_POINT ( 'NONE',  ( -61.98181818181821257, 51.71269741379877161, 5.000000000000000000 ) ) ;
#1340 = LINE ( 'NONE', #125, #502 ) ;
#1341 = CARTESIAN_POINT ( 'NONE',  ( -160.0000000000000000, 160.0000000000000853, 5.000000000000000000 ) ) ;
#1342 = CARTESIAN_POINT ( 'NONE',  ( -160.0000000000000000, 160.0000000000000853, -11.22000000000000064 ) ) ;
#1343 = ORIENTED_EDGE ( 'NONE', *, *, #1267, .F. ) ;
#1344 = LINE ( 'NONE', #1747, #620 ) ;
#1345 = VERTEX_POINT ( 'NONE', #229 ) ;
#1346 = CARTESIAN_POINT ( 'NONE',  ( 0.000000000000000000, 160.0000000000000000, -11.22000000000000064 ) ) ;
#1347 = DIRECTION ( 'NONE',  ( -0.9124936318129420743, -0.4090909090909093382, -0.000000000000000000 ) ) ;
#1348 = AXIS2_PLACEMENT_3D ( 'NONE', #571, #321, #715 ) ;
#1349 = FACE_OUTER_BOUND ( 'NONE', #752, .T. ) ;
#1350 = DIRECTION ( 'NONE',  ( 0.000000000000000000, 0.000000000000000000, 1.000000000000000000 ) ) ;
#1351 = EDGE_LOOP ( 'NONE', ( #1025, #656, #709, #1563 ) ) ;
#1352 = VECTOR ( 'NONE', #134, 1000.000000000000114 ) ;
#1353 = ORIENTED_EDGE ( 'NONE', *, *, #326, .T. ) ;
#1354 = VECTOR ( 'NONE', #1613, 1000.000000000000000 ) ;
#1355 = PLANE ( 'NONE',  #1471 ) ;
#1356 = FACE_OUTER_BOUND ( 'NONE', #98, .T. ) ;
#1357 = EDGE_CURVE ( 'NONE', #664, #1451, #939, .T. ) ;
#1358 = DIRECTION ( 'NONE',  ( 0.000000000000000000, 0.000000000000000000, 1.000000000000000000 ) ) ;
#1359 = DIRECTION ( 'NONE',  ( -0.000000000000000000, -0.000000000000000000, -1.000000000000000000 ) ) ;
#1360 = LINE ( 'NONE', #148, #1101 ) ;
#1361 = VERTEX_POINT ( 'NONE', #793 ) ;
#1362 = CIRCLE ( 'NONE', #912, 13.00000000000001066 ) ;
#1363 = DIRECTION ( 'NONE',  ( 1.000000000000000000, 0.000000000000000000, 0.000000000000000000 ) ) ;
#1364 = ADVANCED_FACE ( 'NONE', ( #90 ), #1732, .T. ) ;
#1365 = CARTESIAN_POINT ( 'NONE',  ( 0.000000000000000000, 160.0000000000000000, 5.000000000000000000 ) ) ;
#1366 = DIRECTION ( 'NONE',  ( 0.000000000000000000, 0.000000000000000000, 1.000000000000000000 ) ) ;
#1367 = CARTESIAN_POINT ( 'NONE',  ( -98.61818181818181017, 68.13758278643173583, 0.000000000000000000 ) ) ;
#1368 = LINE ( 'NONE', #154, #304 ) ;
#1369 = DIRECTION ( 'NONE',  ( -0.000000000000000000, -0.000000000000000000, -1.000000000000000000 ) ) ;
#1370 = ORIENTED_EDGE ( 'NONE', *, *, #353, .T. ) ;
#1371 = EDGE_CURVE ( 'NONE', #981, #907, #649, .T. ) ;
#1372 = DIRECTION ( 'NONE',  ( -1.000000000000000000, 0.000000000000000000, 0.000000000000000000 ) ) ;
#1373 = EDGE_CURVE ( 'NONE', #1205, #1739, #1328, .T. ) ;
#1374 = FACE_BOUND ( 'NONE', #906, .T. ) ;
#1375 = DIRECTION ( 'NONE',  ( 0.000000000000000000, -0.7071067811865475727, -0.7071067811865474617 ) ) ;
#1376 = ORIENTED_EDGE ( 'NONE', *, *, #1259, .T. ) ;
#1377 = VECTOR ( 'NONE', #299, 1000.000000000000227 ) ;
#1378 = VECTOR ( 'NONE', #264, 1000.000000000000000 ) ;
#1379 = ORIENTED_EDGE ( 'NONE', *, *, #1023, .T. ) ;
#1380 = VECTOR ( 'NONE', #1206, 1000.000000000000000 ) ;
#1381 = CARTESIAN_POINT ( 'NONE',  ( 0.000000000000000000, 0.000000000000000000, -11.22000000000000064 ) ) ;
#1382 = DIRECTION ( 'NONE',  ( 0.7071067811865475727, 0.7071067811865475727, -0.000000000000000000 ) ) ;
#1383 = EDGE_CURVE ( 'NONE', #1699, #65, #261, .T. ) ;
#1384 = ORIENTED_EDGE ( 'NONE', *, *, #1074, .F. ) ;
#1385 = AXIS2_PLACEMENT_3D ( 'NONE', #883, #347, #604 ) ;
#1386 = ORIENTED_EDGE ( 'NONE', *, *, #1652, .F. ) ;
#1387 = AXIS2_PLACEMENT_3D ( 'NONE', #1545, #469, #1401 ) ;
#1388 = EDGE_CURVE ( 'NONE', #610, #725, #1487, .T. ) ;
#1389 = CALENDAR_DATE ( 2026, 1, 7 ) ;
#1390 = CARTESIAN_POINT ( 'NONE',  ( -144.5000000000000284, 68.00000000000000000, 5.000000000000000000 ) ) ;
#1391 = LINE ( 'NONE', #1261, #1499 ) ;
#1392 = ORIENTED_EDGE ( 'NONE', *, *, #1109, .T. ) ;
#1393 = LINE ( 'NONE', #1535, #595 ) ;
#1394 = EDGE_CURVE ( 'NONE', #1284, #802, #286, .T. ) ;
#1395 = CARTESIAN_POINT ( 'NONE',  ( -61.98181818181821257, 51.71269741379877161, 0.000000000000000000 ) ) ;
#1396 = COORDINATED_UNIVERSAL_TIME_OFFSET ( 1, 0, .AHEAD. ) ;
#1397 = VERTEX_POINT ( 'NONE', #822 ) ;
#1398 = CARTESIAN_POINT ( 'NONE',  ( 0.000000000000000000, 0.000000000000000000, 5.000000000000000000 ) ) ;
#1399 = DIRECTION ( 'NONE',  ( 1.749211740957858539E-15, -0.7071067811865474617, -0.7071067811865474617 ) ) ;
#1400 = ORIENTED_EDGE ( 'NONE', *, *, #1208, .F. ) ;
#1401 = DIRECTION ( 'NONE',  ( 0.7071067811865474617, -0.7071067811865474617, 0.000000000000000000 ) ) ;
#1402 = VECTOR ( 'NONE', #10, 1000.000000000000114 ) ;
#1403 = DIRECTION ( 'NONE',  ( 1.000000000000000000, 3.469446951953614682E-16, -0.000000000000000000 ) ) ;
#1404 = DESIGN_CONTEXT ( 'detailed design', #1657, 'design' ) ;
#1405 = EDGE_CURVE ( 'NONE', #517, #1739, #463, .T. ) ;
#1406 = DIRECTION ( 'NONE',  ( -0.7071067811865479058, 0.7071067811865472397, -0.000000000000000000 ) ) ;
#1407 = ADVANCED_FACE ( 'NONE', ( #964 ), #1355, .T. ) ;
#1408 = EDGE_LOOP ( 'NONE', ( #653, #1040, #984, #871, #532, #1656, #193, #733, #1177, #1123 ) ) ;
#1409 = ORIENTED_EDGE ( 'NONE', *, *, #369, .T. ) ;
#1410 = LINE ( 'NONE', #833, #547 ) ;
#1411 = EDGE_LOOP ( 'NONE', ( #1462, #590, #820, #1262 ) ) ;
#1412 = ORIENTED_EDGE ( 'NONE', *, *, #1611, .F. ) ;
#1413 = ADVANCED_FACE ( 'NONE', ( #56 ), #1104, .T. ) ;
#1414 = PLANE ( 'NONE',  #1080 ) ;
#1415 = CARTESIAN_POINT ( 'NONE',  ( -90.25454755445538524, 95.61201789566167974, 5.000000000000000000 ) ) ;
#1416 = ORIENTED_EDGE ( 'NONE', *, *, #1743, .T. ) ;
#1417 = LINE ( 'NONE', #877, #1081 ) ;
#1418 = CARTESIAN_POINT ( 'NONE',  ( -85.29999999999998295, 98.00000000000000000, 5.000000000000000000 ) ) ;
#1419 = CIRCLE ( 'NONE', #662, 31.00000000000002132 ) ;
#1420 = EDGE_CURVE ( 'NONE', #734, #1422, #1410, .T. ) ;
#1421 = ORIENTED_EDGE ( 'NONE', *, *, #429, .T. ) ;
#1422 = VERTEX_POINT ( 'NONE', #142 ) ;
#1423 = FACE_OUTER_BOUND ( 'NONE', #1720, .T. ) ;
#1424 = DIRECTION ( 'NONE',  ( 0.000000000000000000, 0.000000000000000000, 1.000000000000000000 ) ) ;
#1425 = ORIENTED_EDGE ( 'NONE', *, *, #1516, .T. ) ;
#1426 = ORIENTED_EDGE ( 'NONE', *, *, #1001, .T. ) ;
#1427 = LINE ( 'NONE', #1183, #1271 ) ;
#1428 = DIRECTION ( 'NONE',  ( 0.7071067811865474617, 0.7071067811865474617, 0.000000000000000000 ) ) ;
#1429 = CARTESIAN_POINT ( 'NONE',  ( -13.99999999999999822, 80.00000000000000000, 5.000000000000000000 ) ) ;
#1430 = DIRECTION ( 'NONE',  ( -0.000000000000000000, -0.000000000000000000, -1.000000000000000000 ) ) ;
#1431 =( GEOMETRIC_REPRESENTATION_CONTEXT ( 3 ) GLOBAL_UNCERTAINTY_ASSIGNED_CONTEXT ( ( #1677 ) ) GLOBAL_UNIT_ASSIGNED_CONTEXT ( ( #1055, #655, #381 ) ) REPRESENTATION_CONTEXT ( 'NONE', 'WORKASPACE' ) );
#1432 = EDGE_CURVE ( 'NONE', #1361, #293, #1000, .T. ) ;
#1433 = LINE ( 'NONE', #107, #1044 ) ;
#1434 = EDGE_CURVE ( 'NONE', #1221, #626, #335, .T. ) ;
#1435 = ORIENTED_EDGE ( 'NONE', *, *, #1308, .F. ) ;
#1436 = ORIENTED_EDGE ( 'NONE', *, *, #192, .F. ) ;
#1437 = CARTESIAN_POINT ( 'NONE',  ( -19.11575115845904094, 87.06478038384312867, 5.000000000000000000 ) ) ;
#1438 = VECTOR ( 'NONE', #1439, 1000.000000000000000 ) ;
#1439 = DIRECTION ( 'NONE',  ( 0.000000000000000000, 0.000000000000000000, 1.000000000000000000 ) ) ;
#1440 = DIRECTION ( 'NONE',  ( -1.000000000000000000, 0.000000000000000000, 0.000000000000000000 ) ) ;
#1441 = LINE ( 'NONE', #1027, #1580 ) ;
#1442 = VERTEX_POINT ( 'NONE', #1395 ) ;
#1443 = ADVANCED_FACE ( 'NONE', ( #422, #608 ), #1, .F. ) ;
#1444 = DIRECTION ( 'NONE',  ( 0.000000000000000000, 0.000000000000000000, 1.000000000000000000 ) ) ;
#1445 = ORIENTED_EDGE ( 'NONE', *, *, #155, .T. ) ;
#1446 = FACE_OUTER_BOUND ( 'NONE', #139, .T. ) ;
#1447 = CARTESIAN_POINT ( 'NONE',  ( -115.5000000000000142, 65.50000000000000000, 4.000000000000000000 ) ) ;
#1448 = CARTESIAN_POINT ( 'NONE',  ( -157.0000000000000000, 157.0000000000000853, -11.21999999999999353 ) ) ;
#1449 = CARTESIAN_POINT ( 'NONE',  ( -90.79999999999999716, 62.00000000000000000, 0.000000000000000000 ) ) ;
#1450 = CARTESIAN_POINT ( 'NONE',  ( -159.9999999999999716, -5.551115123125782702E-14, 0.000000000000000000 ) ) ;
#1451 = VERTEX_POINT ( 'NONE', #1683 ) ;
#1452 = FACE_OUTER_BOUND ( 'NONE', #35, .T. ) ;
#1453 = CARTESIAN_POINT ( 'NONE',  ( 0.000000000000000000, 0.000000000000000000, 0.000000000000000000 ) ) ;
#1454 = EDGE_LOOP ( 'NONE', ( #756, #609, #342, #524 ) ) ;
#1455 = PLANE ( 'NONE',  #713 ) ;
#1456 = CIRCLE ( 'NONE', #11, 5.500000000000005329 ) ;
#1457 = FACE_OUTER_BOUND ( 'NONE', #1655, .T. ) ;
#1458 = DIRECTION ( 'NONE',  ( 0.000000000000000000, 0.000000000000000000, 1.000000000000000000 ) ) ;
#1459 = CIRCLE ( 'NONE', #704, 5.500000000000005329 ) ;
#1460 = DIRECTION ( 'NONE',  ( 0.000000000000000000, -1.000000000000000000, 0.000000000000000000 ) ) ;
#1461 = CARTESIAN_POINT ( 'NONE',  ( -93.29999999999999716, 80.00000000000000000, 5.000000000000000000 ) ) ;
#1462 = ORIENTED_EDGE ( 'NONE', *, *, #1259, .F. ) ;
#1463 = CIRCLE ( 'NONE', #71, 5.500000000000005329 ) ;
#1464 = PLANE ( 'NONE',  #848 ) ;
#1465 = DIRECTION ( 'NONE',  ( 1.000000000000000000, 0.000000000000000000, 0.000000000000000000 ) ) ;
#1466 = ORIENTED_EDGE ( 'NONE', *, *, #654, .T. ) ;
#1467 = ORIENTED_EDGE ( 'NONE', *, *, #1703, .T. ) ;
#1468 = CARTESIAN_POINT ( 'NONE',  ( -7.999999999999998224, -2.775557561562891351E-15, 4.999999999999998224 ) ) ;
#1469 = AXIS2_PLACEMENT_3D ( 'NONE', #1381, #1137, #202 ) ;
#1470 = CYLINDRICAL_SURFACE ( 'NONE', #789, 2.999999999999988898 ) ;
#1471 = AXIS2_PLACEMENT_3D ( 'NONE', #1142, #1497, #1507 ) ;
#1472 = DIRECTION ( 'NONE',  ( -4.336808689942014285E-16, 1.000000000000000000, 0.000000000000000000 ) ) ;
#1473 = DIRECTION ( 'NONE',  ( -0.000000000000000000, -0.000000000000000000, -1.000000000000000000 ) ) ;
#1474 = ORIENTED_EDGE ( 'NONE', *, *, #817, .T. ) ;
#1475 = CARTESIAN_POINT ( 'NONE',  ( -7.999999999999996447, 5.000000000000000888, -11.22000000000000242 ) ) ;
#1476 = ORIENTED_EDGE ( 'NONE', *, *, #1281, .T. ) ;
#1477 = EDGE_CURVE ( 'NONE', #1284, #462, #695, .T. ) ;
#1478 = CARTESIAN_POINT ( 'NONE',  ( -115.5000000000000142, 68.00000000000000000, 5.000000000000000000 ) ) ;
#1479 = CARTESIAN_POINT ( 'NONE',  ( -144.5000000000000284, 94.50000000000000000, 4.000000000000000000 ) ) ;
#1480 = FACE_OUTER_BOUND ( 'NONE', #768, .T. ) ;
#1481 = DIRECTION ( 'NONE',  ( -1.000000000000000000, 0.000000000000000000, 0.000000000000000000 ) ) ;
#1482 = DIRECTION ( 'NONE',  ( 1.000000000000000000, 0.000000000000000000, 0.000000000000000000 ) ) ;
#1483 = ORIENTED_EDGE ( 'NONE', *, *, #897, .F. ) ;
#1484 = CARTESIAN_POINT ( 'NONE',  ( -3.000000000000001776, -1.040834085586085243E-15, 4.999999999999999112 ) ) ;
#1485 = ORIENTED_EDGE ( 'NONE', *, *, #1394, .T. ) ;
#1486 = EDGE_CURVE ( 'NONE', #46, #383, #1223, .T. ) ;
#1487 = LINE ( 'NONE', #1011, #1249 ) ;
#1488 = CARTESIAN_POINT ( 'NONE',  ( -15.99999999999995204, 160.0000000000000284, -11.21999999999998643 ) ) ;
#1489 = FACE_OUTER_BOUND ( 'NONE', #1326, .T. ) ;
#1490 = VECTOR ( 'NONE', #706, 1000.000000000000000 ) ;
#1491 = CARTESIAN_POINT ( 'NONE',  ( -13.99999999999999822, 80.00000000000000000, 5.000000000000000000 ) ) ;
#1492 = DIRECTION ( 'NONE',  ( -3.770855155904582449E-16, 1.000000000000000000, 0.000000000000000000 ) ) ;
#1493 = ORIENTED_EDGE ( 'NONE', *, *, #1494, .T. ) ;
#1494 = EDGE_CURVE ( 'NONE', #760, #753, #862, .T. ) ;
#1495 = CALENDAR_DATE ( 2026, 1, 7 ) ;
#1496 = AXIS2_PLACEMENT_3D ( 'NONE', #503, #1289, #913 ) ;
#1497 = DIRECTION ( 'NONE',  ( -0.7071067811865456854, 0.7071067811865494601, 0.000000000000000000 ) ) ;
#1498 = DIRECTION ( 'NONE',  ( 1.000000000000000000, 3.770855155904582942E-16, 2.168404344971005910E-16 ) ) ;
#1499 = VECTOR ( 'NONE', #1399, 1000.000000000000114 ) ;
#1500 = CARTESIAN_POINT ( 'NONE',  ( 0.000000000000000000, 160.0000000000000000, 5.000000000000000000 ) ) ;
#1501 = CARTESIAN_POINT ( 'NONE',  ( -90.79999999999999716, 98.00000000000000000, 5.000000000000000000 ) ) ;
#1502 = EDGE_CURVE ( 'NONE', #293, #333, #1161, .T. ) ;
#1503 = CARTESIAN_POINT ( 'NONE',  ( -160.0000000000000853, 132.7800000000001148, 5.551115123125782702E-14 ) ) ;
#1504 = ORIENTED_EDGE ( 'NONE', *, *, #480, .F. ) ;
#1505 = ADVANCED_FACE ( 'NONE', ( #552 ), #727, .F. ) ;
#1506 = COORDINATED_UNIVERSAL_TIME_OFFSET ( 1, 0, .AHEAD. ) ;
#1507 = DIRECTION ( 'NONE',  ( -0.7071067811865493491, -0.7071067811865455743, 0.000000000000000000 ) ) ;
#1508 = DIRECTION ( 'NONE',  ( 0.9124936318129420743, 0.4090909090909093382, 0.000000000000000000 ) ) ;
#1509 = CARTESIAN_POINT ( 'NONE',  ( 4.163336342344337027E-14, 132.7800000000000296, 3.469446951953614189E-14 ) ) ;
#1510 = DIRECTION ( 'NONE',  ( 0.000000000000000000, 0.000000000000000000, 1.000000000000000000 ) ) ;
#1511 = ORIENTED_EDGE ( 'NONE', *, *, #489, .T. ) ;
#1512 = PERSON_AND_ORGANIZATION ( #323, #1296 ) ;
#1513 = ORIENTED_EDGE ( 'NONE', *, *, #901, .T. ) ;
#1514 = LINE ( 'NONE', #1120, #643 ) ;
#1515 = DIRECTION ( 'NONE',  ( -1.000000000000000000, 0.000000000000000000, 0.000000000000000000 ) ) ;
#1516 = EDGE_CURVE ( 'NONE', #693, #445, #1691, .T. ) ;
#1517 = ORIENTED_EDGE ( 'NONE', *, *, #26, .F. ) ;
#1518 = VERTEX_POINT ( 'NONE', #1276 ) ;
#1519 = ORIENTED_EDGE ( 'NONE', *, *, #1405, .F. ) ;
#1520 = LOCAL_TIME ( 12, 37, 4.000000000000000000, #29 ) ;
#1521 = CARTESIAN_POINT ( 'NONE',  ( 0.000000000000000000, 0.000000000000000000, -11.22000000000000064 ) ) ;
#1522 = ADVANCED_FACE ( 'NONE', ( #49 ), #1134, .T. ) ;
#1523 = LINE ( 'NONE', #740, #45 ) ;
#1524 = ORIENTED_EDGE ( 'NONE', *, *, #1735, .F. ) ;
#1525 = VECTOR ( 'NONE', #730, 1000.000000000000114 ) ;
#1526 = CIRCLE ( 'NONE', #1084, 13.00000000000001066 ) ;
#1527 = PLANE ( 'NONE',  #1301 ) ;
#1528 = PERSON_AND_ORGANIZATION ( #323, #1296 ) ;
#1529 = VECTOR ( 'NONE', #807, 1000.000000000000000 ) ;
#1530 = ORIENTED_EDGE ( 'NONE', *, *, #1547, .F. ) ;
#1531 = VECTOR ( 'NONE', #688, 1000.000000000000000 ) ;
#1532 = DIRECTION ( 'NONE',  ( 1.000000000000000000, 3.770855155904582942E-16, 2.168404344971005910E-16 ) ) ;
#1533 = CARTESIAN_POINT ( 'NONE',  ( 0.000000000000000000, 0.000000000000000000, 5.000000000000000000 ) ) ;
#1534 = ORIENTED_EDGE ( 'NONE', *, *, #1652, .T. ) ;
#1535 = CARTESIAN_POINT ( 'NONE',  ( -144.5000000000000284, 65.50000000000000000, 5.000000000000000000 ) ) ;
#1536 = DIRECTION ( 'NONE',  ( -0.7071067811865493491, -0.7071067811865455743, 0.000000000000000000 ) ) ;
#1537 = EDGE_CURVE ( 'NONE', #260, #734, #1441, .T. ) ;
#1538 = ORIENTED_EDGE ( 'NONE', *, *, #601, .F. ) ;
#1539 = CARTESIAN_POINT ( 'NONE',  ( -12.57649525193616391, 74.68740795541009447, 5.000000000000000000 ) ) ;
#1540 = DIRECTION ( 'NONE',  ( 1.000000000000000000, 0.000000000000000000, -0.000000000000000000 ) ) ;
#1541 = ORIENTED_EDGE ( 'NONE', *, *, #744, .T. ) ;
#1542 = EDGE_LOOP ( 'NONE', ( #1416, #1176, #452 ) ) ;
#1543 = CC_DESIGN_APPROVAL ( #1544, ( #1690 ) ) ;
#1544 = APPROVAL ( #1240, 'UNSPECIFIED' ) ;
#1545 = CARTESIAN_POINT ( 'NONE',  ( -118.0000000000000284, 94.50000000000000000, 4.000000000000000000 ) ) ;
#1546 = VECTOR ( 'NONE', #1406, 1000.000000000000000 ) ;
#1547 = EDGE_CURVE ( 'NONE', #392, #108, #1427, .T. ) ;
#1548 = VERTEX_POINT ( 'NONE', #208 ) ;
#1549 = ORIENTED_EDGE ( 'NONE', *, *, #1394, .F. ) ;
#1550 = CARTESIAN_POINT ( 'NONE',  ( -115.5000000000000142, 65.50000000000000000, 4.000000000000000000 ) ) ;
#1551 = DIRECTION ( 'NONE',  ( 1.000000000000000000, 0.000000000000000000, 0.000000000000000000 ) ) ;
#1552 = DIRECTION ( 'NONE',  ( 1.000000000000000000, -1.734723475976826619E-15, 2.168404344971033323E-15 ) ) ;
#1553 = EDGE_CURVE ( 'NONE', #1277, #1150, #1433, .T. ) ;
#1554 = VECTOR ( 'NONE', #611, 1000.000000000000000 ) ;
#1555 = CARTESIAN_POINT ( 'NONE',  ( -12.57649525193616213, 74.68740795541009447, 5.000000000000000000 ) ) ;
#1556 = EDGE_CURVE ( 'NONE', #1028, #1632, #352, .T. ) ;
#1557 = ORIENTED_EDGE ( 'NONE', *, *, #950, .T. ) ;
#1558 = DIRECTION ( 'NONE',  ( 1.000000000000000000, -5.551115123125777969E-15, -0.000000000000000000 ) ) ;
#1559 = LINE ( 'NONE', #1129, #1291 ) ;
#1560 = ORIENTED_EDGE ( 'NONE', *, *, #168, .F. ) ;
#1561 = APPLICATION_CONTEXT ( 'configuration controlled 3d designs of mechanical parts and assemblies' ) ;
#1562 = EDGE_CURVE ( 'NONE', #838, #462, #1581, .T. ) ;
#1563 = ORIENTED_EDGE ( 'NONE', *, *, #576, .T. ) ;
#1564 = DIRECTION ( 'NONE',  ( -1.000000000000000000, 0.000000000000000000, 0.000000000000000000 ) ) ;
#1565 = ORIENTED_EDGE ( 'NONE', *, *, #555, .T. ) ;
#1566 = DIRECTION ( 'NONE',  ( 0.7071067811865475727, -0.7071067811865475727, 0.000000000000000000 ) ) ;
#1567 = CARTESIAN_POINT ( 'NONE',  ( -93.29999999999999716, 80.00000000000000000, 5.000000000000000000 ) ) ;
#1568 = EDGE_CURVE ( 'NONE', #1268, #1277, #1710, .T. ) ;
#1569 = ORIENTED_EDGE ( 'NONE', *, *, #1735, .T. ) ;
#1570 = DIRECTION ( 'NONE',  ( 0.000000000000000000, 0.000000000000000000, 1.000000000000000000 ) ) ;
#1571 = CARTESIAN_POINT ( 'NONE',  ( -149.5000000000000284, 94.50000000000000000, 0.000000000000000000 ) ) ;
#1572 = ORIENTED_EDGE ( 'NONE', *, *, #1383, .T. ) ;
#1573 = VECTOR ( 'NONE', #160, 1000.000000000000000 ) ;
#1574 = LINE ( 'NONE', #1550, #541 ) ;
#1575 = AXIS2_PLACEMENT_3D ( 'NONE', #1076, #1231, #1617 ) ;
#1576 = DIRECTION ( 'NONE',  ( 1.000000000000000000, 0.000000000000000000, 0.000000000000000000 ) ) ;
#1577 = ADVANCED_FACE ( 'NONE', ( #225 ), #898, .F. ) ;
#1578 = EDGE_LOOP ( 'NONE', ( #1746, #1248, #1288, #1662 ) ) ;
#1579 = CARTESIAN_POINT ( 'NONE',  ( -19.11575115845904094, 87.06478038384312867, 0.000000000000000000 ) ) ;
#1580 = VECTOR ( 'NONE', #1019, 1000.000000000000000 ) ;
#1581 = LINE ( 'NONE', #652, #41 ) ;
#1582 = AXIS2_PLACEMENT_3D ( 'NONE', #495, #1595, #769 ) ;
#1583 = DIRECTION ( 'NONE',  ( 0.000000000000000000, 1.000000000000000000, 0.000000000000000000 ) ) ;
#1584 = DIRECTION ( 'NONE',  ( -0.9124936318129420743, -0.4090909090909093382, -0.000000000000000000 ) ) ;
#1585 = LINE ( 'NONE', #1628, #1266 ) ;
#1586 = DIRECTION ( 'NONE',  ( 0.7071067811865475727, 0.7071067811865474617, 0.000000000000000000 ) ) ;
#1587 = DIRECTION ( 'NONE',  ( 0.000000000000000000, 0.000000000000000000, 1.000000000000000000 ) ) ;
#1588 = ORIENTED_EDGE ( 'NONE', *, *, #842, .T. ) ;
#1589 = EDGE_LOOP ( 'NONE', ( #427, #622, #617, #302, #809, #882, #362, #1376, #1513, #1614, #1117, #1725, #885, #1569, #363 ) ) ;
#1590 = ORIENTED_EDGE ( 'NONE', *, *, #406, .T. ) ;
#1591 = ADVANCED_FACE ( 'NONE', ( #513 ), #636, .F. ) ;
#1592 = FACE_OUTER_BOUND ( 'NONE', #265, .T. ) ;
#1593 = CARTESIAN_POINT ( 'NONE',  ( -12.57649525193616924, 85.31259204458990553, 5.000000000000000000 ) ) ;
#1594 = CARTESIAN_POINT ( 'NONE',  ( -19.11575115845901962, 72.93521961615687133, 5.000000000000000000 ) ) ;
#1595 = DIRECTION ( 'NONE',  ( 0.000000000000000000, 0.000000000000000000, 1.000000000000000000 ) ) ;
#1596 = CARTESIAN_POINT ( 'NONE',  ( -144.5000000000000284, 92.00000000000000000, 4.000000000000000000 ) ) ;
#1597 = EDGE_LOOP ( 'NONE', ( #1013, #1258, #1198, #971 ) ) ;
#1598 = EDGE_CURVE ( 'NONE', #930, #1132, #644, .T. ) ;
#1599 = DIRECTION ( 'NONE',  ( 1.000000000000000000, 0.000000000000000000, 0.000000000000000000 ) ) ;
#1600 = ORIENTED_EDGE ( 'NONE', *, *, #122, .F. ) ;
#1601 = ORIENTED_EDGE ( 'NONE', *, *, #654, .F. ) ;
#1602 = LOCAL_TIME ( 12, 37, 4.000000000000000000, #1396 ) ;
#1603 = DIRECTION ( 'NONE',  ( -1.734723475976805862E-16, 1.000000000000000000, 0.000000000000000000 ) ) ;
#1604 = VECTOR ( 'NONE', #836, 1000.000000000000114 ) ;
#1605 = DIRECTION ( 'NONE',  ( -0.000000000000000000, -0.000000000000000000, -1.000000000000000000 ) ) ;
#1606 = EDGE_CURVE ( 'NONE', #282, #1237, #378, .T. ) ;
#1607 = CARTESIAN_POINT ( 'NONE',  ( -98.61818181818181017, 91.86241721356824996, 0.000000000000000000 ) ) ;
#1608 = AXIS2_PLACEMENT_3D ( 'NONE', #1461, #1369, #156 ) ;
#1609 = FACE_OUTER_BOUND ( 'NONE', #1168, .T. ) ;
#1610 = EDGE_LOOP ( 'NONE', ( #1530, #173, #1016, #1213 ) ) ;
#1611 = EDGE_CURVE ( 'NONE', #325, #717, #1195, .T. ) ;
#1612 = VECTOR ( 'NONE', #591, 1000.000000000000000 ) ;
#1613 = DIRECTION ( 'NONE',  ( 0.7071067811865404673, -0.7071067811865545671, -0.000000000000000000 ) ) ;
#1614 = ORIENTED_EDGE ( 'NONE', *, *, #53, .T. ) ;
#1615 = FACE_OUTER_BOUND ( 'NONE', #165, .T. ) ;
#1616 = AXIS2_PLACEMENT_3D ( 'NONE', #338, #473, #329 ) ;
#1617 = DIRECTION ( 'NONE',  ( 0.000000000000000000, 0.000000000000000000, 1.000000000000000000 ) ) ;
#1618 = VECTOR ( 'NONE', #879, 1000.000000000000000 ) ;
#1619 = CARTESIAN_POINT ( 'NONE',  ( -19.11575115845901962, 72.93521961615687133, 0.000000000000000000 ) ) ;
#1620 = EDGE_CURVE ( 'NONE', #701, #491, #428, .T. ) ;
#1621 = LINE ( 'NONE', #409, #164 ) ;
#1622 = VERTEX_POINT ( 'NONE', #496 ) ;
#1623 = AXIS2_PLACEMENT_3D ( 'NONE', #1626, #640, #404 ) ;
#1624 = CARTESIAN_POINT ( 'NONE',  ( -143.9999999999999716, 6.162975822039154730E-30, -11.22000000000000064 ) ) ;
#1625 = ORIENTED_EDGE ( 'NONE', *, *, #53, .F. ) ;
#1626 = CARTESIAN_POINT ( 'NONE',  ( 0.000000000000000000, 0.000000000000000000, 3.000000000000000000 ) ) ;
#1627 = CARTESIAN_POINT ( 'NONE',  ( -98.61818181818181017, 68.13758278643173583, 5.000000000000000000 ) ) ;
#1628 = CARTESIAN_POINT ( 'NONE',  ( -12.57649525193616213, 74.68740795541009447, 0.000000000000000000 ) ) ;
#1629 = ADVANCED_FACE ( 'NONE', ( #751 ), #241, .F. ) ;
#1630 = CARTESIAN_POINT ( 'NONE',  ( -85.29999999999998295, 62.00000000000000000, 5.000000000000000000 ) ) ;
#1631 = LINE ( 'NONE', #1752, #478 ) ;
#1632 = VERTEX_POINT ( 'NONE', #1571 ) ;
#1633 = DIRECTION ( 'NONE',  ( -0.7071067811865469066, -0.7071067811865482389, -0.000000000000000000 ) ) ;
#1634 = DIRECTION ( 'NONE',  ( -1.000000000000000000, 0.000000000000000000, 0.000000000000000000 ) ) ;
#1635 = LOCAL_TIME ( 12, 37, 4.000000000000000000, #1506 ) ;
#1636 = LINE ( 'NONE', #24, #1719 ) ;
#1637 = AXIS2_PLACEMENT_3D ( 'NONE', #145, #1050, #1330 ) ;
#1638 = CYLINDRICAL_SURFACE ( 'NONE', #475, 5.500000000000005329 ) ;
#1639 = VECTOR ( 'NONE', #538, 1000.000000000000000 ) ;
#1640 = EDGE_CURVE ( 'NONE', #1029, #717, #343, .T. ) ;
#1641 = DIRECTION ( 'NONE',  ( -0.000000000000000000, -0.7071067811865489050, 0.7071067811865462405 ) ) ;
#1642 = ORIENTED_EDGE ( 'NONE', *, *, #155, .F. ) ;
#1643 = DIRECTION ( 'NONE',  ( 0.000000000000000000, 1.000000000000000000, 0.000000000000000000 ) ) ;
#1644 = APPROVAL_DATE_TIME ( #158, #1255 ) ;
#1645 = CARTESIAN_POINT ( 'NONE',  ( -115.5000000000000142, 68.00000000000000000, 5.000000000000000000 ) ) ;
#1646 = CARTESIAN_POINT ( 'NONE',  ( -144.5000000000000284, 65.50000000000000000, 5.000000000000000000 ) ) ;
#1647 = LINE ( 'NONE', #841, #1490 ) ;
#1648 = CARTESIAN_POINT ( 'NONE',  ( 0.000000000000000000, 27.22000000000000952, -1.040834085586084257E-14 ) ) ;
#1649 = ORIENTED_EDGE ( 'NONE', *, *, #1486, .T. ) ;
#1650 = APPROVAL_ROLE ( '' ) ;
#1651 = ORIENTED_EDGE ( 'NONE', *, *, #1214, .T. ) ;
#1652 = EDGE_CURVE ( 'NONE', #924, #445, #1312, .T. ) ;
#1653 = LINE ( 'NONE', #19, #358 ) ;
#1654 = PLANE ( 'NONE',  #244 ) ;
#1655 = EDGE_LOOP ( 'NONE', ( #242, #1057, #1026, #476, #1386, #205, #417, #1140 ) ) ;
#1656 = ORIENTED_EDGE ( 'NONE', *, *, #986, .F. ) ;
#1657 = APPLICATION_CONTEXT ( 'configuration controlled 3d designs of mechanical parts and assemblies' ) ;
#1658 = ORIENTED_EDGE ( 'NONE', *, *, #3, .T. ) ;
#1659 = LINE ( 'NONE', #313, #872 ) ;
#1660 = DIRECTION ( 'NONE',  ( 1.734723475976826619E-15, 1.000000000000000000, 0.000000000000000000 ) ) ;
#1661 = ORIENTED_EDGE ( 'NONE', *, *, #1760, .T. ) ;
#1662 = ORIENTED_EDGE ( 'NONE', *, *, #1194, .T. ) ;
#1663 = EDGE_CURVE ( 'NONE', #1730, #1442, #1175, .T. ) ;
#1664 = PERSON_AND_ORGANIZATION ( #323, #1296 ) ;
#1665 = EDGE_LOOP ( 'NONE', ( #73, #657, #684, #14 ) ) ;
#1666 = AXIS2_PLACEMENT_3D ( 'NONE', #1111, #569, #1363 ) ;
#1667 = CARTESIAN_POINT ( 'NONE',  ( -1.131256546771376707E-15, 3.000000000000005329, -11.22000000000000064 ) ) ;
#1668 = CARTESIAN_POINT ( 'NONE',  ( -16.00000000000002132, -6.033368249447340596E-15, -11.22000000000000419 ) ) ;
#1669 = VERTEX_POINT ( 'NONE', #1323 ) ;
#1670 = VECTOR ( 'NONE', #628, 1000.000000000000000 ) ;
#1671 = DIRECTION ( 'NONE',  ( -0.000000000000000000, -0.000000000000000000, -1.000000000000000000 ) ) ;
#1672 = EDGE_CURVE ( 'NONE', #1669, #1066, #1701, .T. ) ;
#1673 = CARTESIAN_POINT ( 'NONE',  ( -2.999999999999999556, 3.000000000000000888, -11.22000000000000064 ) ) ;
#1674 = VECTOR ( 'NONE', #366, 1000.000000000000000 ) ;
#1675 = ORIENTED_EDGE ( 'NONE', *, *, #315, .F. ) ;
#1676 = DIRECTION ( 'NONE',  ( -0.000000000000000000, -1.000000000000000000, -0.000000000000000000 ) ) ;
#1677 = UNCERTAINTY_MEASURE_WITH_UNIT (LENGTH_MEASURE( 1.000000000000000082E-05 ), #1055, 'distance_accuracy_value', 'NONE');
#1678 = FACE_OUTER_BOUND ( 'NONE', #27, .T. ) ;
#1679 = LINE ( 'NONE', #849, #1239 ) ;
#1680 = ADVANCED_FACE ( 'NONE', ( #1043, #923, #801 ), #97, .T. ) ;
#1681 = ORIENTED_EDGE ( 'NONE', *, *, #804, .F. ) ;
#1682 = DIRECTION ( 'NONE',  ( 0.4090909090909091161, -0.9124936318129424073, 0.000000000000000000 ) ) ;
#1683 = CARTESIAN_POINT ( 'NONE',  ( -7.999999999999996447, -2.775557561562890957E-15, -8.219999999999995310 ) ) ;
#1684 = LINE ( 'NONE', #873, #1300 ) ;
#1685 = EDGE_CURVE ( 'NONE', #333, #1695, #790, .T. ) ;
#1686 = CARTESIAN_POINT ( 'NONE',  ( -118.0000000000000284, 94.50000000000000000, 5.000000000000000000 ) ) ;
#1687 = ORIENTED_EDGE ( 'NONE', *, *, #870, .F. ) ;
#1688 = VERTEX_POINT ( 'NONE', #131 ) ;
#1689 = EDGE_CURVE ( 'NONE', #978, #1548, #120, .T. ) ;
#1690 = PRODUCT_DEFINITION_FORMATION_WITH_SPECIFIED_SOURCE ( 'ANY', '', #213, .NOT_KNOWN. ) ;
#1691 = LINE ( 'NONE', #37, #1612 ) ;
#1692 = VECTOR ( 'NONE', #951, 1000.000000000000000 ) ;
#1693 = AXIS2_PLACEMENT_3D ( 'NONE', #952, #292, #969 ) ;
#1694 = ORIENTED_EDGE ( 'NONE', *, *, #1245, .F. ) ;
#1695 = VERTEX_POINT ( 'NONE', #1064 ) ;
#1696 = LINE ( 'NONE', #1437, #1700 ) ;
#1697 = VECTOR ( 'NONE', #1157, 1000.000000000000227 ) ;
#1698 = CARTESIAN_POINT ( 'NONE',  ( -160.0000000000000000, 132.7800000000001148, 0.000000000000000000 ) ) ;
#1699 = VERTEX_POINT ( 'NONE', #1475 ) ;
#1700 = VECTOR ( 'NONE', #633, 1000.000000000000000 ) ;
#1701 = LINE ( 'NONE', #88, #1186 ) ;
#1702 = AXIS2_PLACEMENT_3D ( 'NONE', #1047, #1583, #102 ) ;
#1703 = EDGE_CURVE ( 'NONE', #1688, #324, #251, .T. ) ;
#1704 = ORIENTED_EDGE ( 'NONE', *, *, #762, .F. ) ;
#1705 = LINE ( 'NONE', #1022, #1525 ) ;
#1706 = EDGE_CURVE ( 'NONE', #1066, #1397, #1729, .T. ) ;
#1707 = LINE ( 'NONE', #508, #891 ) ;
#1708 = ORIENTED_EDGE ( 'NONE', *, *, #396, .F. ) ;
#1709 = DIRECTION ( 'NONE',  ( 0.000000000000000000, -0.000000000000000000, -1.000000000000000000 ) ) ;
#1710 = LINE ( 'NONE', #1724, #681 ) ;
#1711 = ORIENTED_EDGE ( 'NONE', *, *, #162, .F. ) ;
#1712 = ORIENTED_EDGE ( 'NONE', *, *, #1432, .T. ) ;
#1713 = EDGE_CURVE ( 'NONE', #491, #525, #1463, .T. ) ;
#1714 = CARTESIAN_POINT ( 'NONE',  ( -12.57649525193616213, 74.68740795541009447, 5.000000000000000000 ) ) ;
#1715 = DIRECTION ( 'NONE',  ( -1.000000000000000000, -3.469446951953615175E-16, 0.000000000000000000 ) ) ;
#1716 = ORIENTED_EDGE ( 'NONE', *, *, #104, .T. ) ;
#1717 = LINE ( 'NONE', #12, #772 ) ;
#1718 = DIRECTION ( 'NONE',  ( -0.000000000000000000, 1.000000000000000000, -0.000000000000000000 ) ) ;
#1719 = VECTOR ( 'NONE', #298, 1000.000000000000114 ) ;
#1720 = EDGE_LOOP ( 'NONE', ( #1519, #486, #58, #28 ) ) ;
#1721 = PLANE ( 'NONE',  #773 ) ;
#1722 = CARTESIAN_POINT ( 'NONE',  ( -90.79999999999999716, 98.00000000000000000, 0.000000000000000000 ) ) ;
#1723 = AXIS2_PLACEMENT_3D ( 'NONE', #401, #810, #1465 ) ;
#1724 = CARTESIAN_POINT ( 'NONE',  ( 0.000000000000000000, 160.0000000000000000, 5.000000000000000000 ) ) ;
#1725 = ORIENTED_EDGE ( 'NONE', *, *, #612, .T. ) ;
#1726 = EDGE_CURVE ( 'NONE', #1145, #718, #778, .T. ) ;
#1727 = EDGE_CURVE ( 'NONE', #946, #583, #736, .T. ) ;
#1728 = AXIS2_PLACEMENT_3D ( 'NONE', #186, #1286, #1551 ) ;
#1729 = LINE ( 'NONE', #109, #481 ) ;
#1730 = VERTEX_POINT ( 'NONE', #1336 ) ;
#1731 = ORIENTED_EDGE ( 'NONE', *, *, #606, .T. ) ;
#1732 = PLANE ( 'NONE',  #1702 ) ;
#1733 = DIRECTION ( 'NONE',  ( -1.000000000000000000, -0.000000000000000000, -0.000000000000000000 ) ) ;
#1734 = CARTESIAN_POINT ( 'NONE',  ( 44.26000000000004064, 44.26000000000007617, 44.26000000000004064 ) ) ;
#1735 = EDGE_CURVE ( 'NONE', #1116, #470, #283, .T. ) ;
#1736 = DIRECTION ( 'NONE',  ( -0.5773502691896302830, -0.5773502691896241767, 0.5773502691896228445 ) ) ;
#1737 = EDGE_LOOP ( 'NONE', ( #1712, #1036, #1524, #757 ) ) ;
#1738 = VECTOR ( 'NONE', #1347, 1000.000000000000114 ) ;
#1739 = VERTEX_POINT ( 'NONE', #1754 ) ;
#1740 = ORIENTED_EDGE ( 'NONE', *, *, #1103, .F. ) ;
#1741 = LINE ( 'NONE', #384, #853 ) ;
#1742 = CARTESIAN_POINT ( 'NONE',  ( -118.0000000000000284, 94.50000000000000000, 5.000000000000000000 ) ) ;
#1743 = EDGE_CURVE ( 'NONE', #1548, #811, #257, .T. ) ;
#1744 = CARTESIAN_POINT ( 'NONE',  ( -12.57649525193616924, 85.31259204458990553, 5.000000000000000000 ) ) ;
#1745 = CARTESIAN_POINT ( 'NONE',  ( -144.5000000000000284, 94.50000000000000000, 3.000000000000000000 ) ) ;
#1746 = ORIENTED_EDGE ( 'NONE', *, *, #1663, .F. ) ;
#1747 = CARTESIAN_POINT ( 'NONE',  ( -159.9999999999999716, -5.551115123125782702E-14, 5.000000000000000000 ) ) ;
#1748 = EDGE_LOOP ( 'NONE', ( #80, #310, #246 ) ) ;
#1749 = FACE_OUTER_BOUND ( 'NONE', #1665, .T. ) ;
#1750 = EDGE_CURVE ( 'NONE', #497, #341, #1344, .T. ) ;
#1751 = FACE_OUTER_BOUND ( 'NONE', #132, .T. ) ;
#1752 = CARTESIAN_POINT ( 'NONE',  ( -80.22095945471266987, 59.88970449004707319, 5.000000000000000000 ) ) ;
#1753 = ORIENTED_EDGE ( 'NONE', *, *, #931, .F. ) ;
#1754 = CARTESIAN_POINT ( 'NONE',  ( -142.0000000000000284, 94.50000000000000000, 5.000000000000000000 ) ) ;
#1755 = ORIENTED_EDGE ( 'NONE', *, *, #1606, .F. ) ;
#1756 = ADVANCED_FACE ( 'NONE', ( #1452 ), #1464, .T. ) ;
#1757 = DIRECTION ( 'NONE',  ( 0.4090909090909091161, 0.9124936318129424073, -0.000000000000000000 ) ) ;
#1758 = AXIS2_PLACEMENT_3D ( 'NONE', #918, #1460, #1709 ) ;
#1759 = CYLINDRICAL_SURFACE ( 'NONE', #904, 13.00000000000001066 ) ;
#1760 = EDGE_CURVE ( 'NONE', #981, #1237, #1335, .T. ) ;
#1761 = PLANE ( 'NONE',  #615 ) ;
#1762 = DIRECTION ( 'NONE',  ( 1.000000000000000000, 0.000000000000000000, 0.000000000000000000 ) ) ;
#1763 = ORIENTED_EDGE ( 'NONE', *, *, #549, .F. ) ;
#1764 = VECTOR ( 'NONE', #1058, 1000.000000000000000 ) ;
ENDSEC;
END-ISO-10303-21;
