ISO-10303-21;
HEADER;
FILE_DESCRIPTION (( 'STEP AP203' ),
    '1' );
FILE_NAME ('Sensor_Box_LG_mount.STEP',
    '2026-07-01T10:54:15',
    ( '' ),
    ( '' ),
    'SwSTEP 2.0',
    'SolidWorks 2025',
    '' );
FILE_SCHEMA (( 'CONFIG_CONTROL_DESIGN' ));
ENDSEC;

DATA;
#1 = ORIENTED_EDGE ( 'NONE', *, *, #561, .T. ) ;
#2 = DIRECTION ( 'NONE',  ( -0.000000000000000000, -0.000000000000000000, 1.000000000000000000 ) ) ;
#3 = CARTESIAN_POINT ( 'NONE',  ( -41.93500000000000227, 80.30000000000001137, 0.000000000000000000 ) ) ;
#4 = CIRCLE ( 'NONE', #1375, 1.064999999999998170 ) ;
#5 = AXIS2_PLACEMENT_3D ( 'NONE', #611, #631, #1171 ) ;
#6 = VERTEX_POINT ( 'NONE', #937 ) ;
#7 = CIRCLE ( 'NONE', #805, 1.064999999999996394 ) ;
#8 = CARTESIAN_POINT ( 'NONE',  ( -35.49999999999999289, 109.4999999999999716, 9.000000000000001776 ) ) ;
#9 = CARTESIAN_POINT ( 'NONE',  ( -14.49999999999999467, 109.4999999999999716, 4.000000000000000000 ) ) ;
#10 = DIRECTION ( 'NONE',  ( -0.000000000000000000, -0.000000000000000000, 1.000000000000000000 ) ) ;
#11 = VERTEX_POINT ( 'NONE', #1150 ) ;
#12 = DIRECTION ( 'NONE',  ( -0.000000000000000000, -1.000000000000000000, -0.000000000000000000 ) ) ;
#13 = DIRECTION ( 'NONE',  ( -1.000000000000000000, 0.000000000000000000, 0.000000000000000000 ) ) ;
#14 = EDGE_CURVE ( 'NONE', #709, #746, #4, .T. ) ;
#15 = FACE_BOUND ( 'NONE', #1063, .T. ) ;
#16 = EDGE_CURVE ( 'NONE', #1336, #1037, #604, .T. ) ;
#17 = APPLICATION_CONTEXT ( 'configuration controlled 3d designs of mechanical parts and assemblies' ) ;
#18 = EDGE_LOOP ( 'NONE', ( #313, #460, #1365, #132 ) ) ;
#19 = AXIS2_PLACEMENT_3D ( 'NONE', #658, #1073, #109 ) ;
#20 = CARTESIAN_POINT ( 'NONE',  ( -25.00000000000000000, 9.000000000000005329, 4.000000000000000000 ) ) ;
#21 = CARTESIAN_POINT ( 'NONE',  ( -25.00000000000000000, 9.000000000000005329, 0.000000000000000000 ) ) ;
#22 = ADVANCED_FACE ( 'NONE', ( #389 ), #472, .F. ) ;
#23 = ORIENTED_EDGE ( 'NONE', *, *, #678, .T. ) ;
#24 = CARTESIAN_POINT ( 'NONE',  ( 0.000000000000000000, 4.000000000000003553, 4.000000000000000000 ) ) ;
#25 = AXIS2_PLACEMENT_3D ( 'NONE', #1351, #365, #806 ) ;
#26 = ORIENTED_EDGE ( 'NONE', *, *, #486, .T. ) ;
#27 = CIRCLE ( 'NONE', #1057, 1.064999999999996394 ) ;
#28 = AXIS2_PLACEMENT_3D ( 'NONE', #362, #577, #248 ) ;
#29 = CARTESIAN_POINT ( 'NONE',  ( -35.49999999999999289, 109.4999999999999716, 9.000000000000001776 ) ) ;
#30 = EDGE_CURVE ( 'NONE', #1037, #632, #594, .T. ) ;
#31 = AXIS2_PLACEMENT_3D ( 'NONE', #1117, #590, #1025 ) ;
#32 = LINE ( 'NONE', #703, #727 ) ;
#33 = DIRECTION ( 'NONE',  ( -1.000000000000000000, 0.000000000000000000, 0.000000000000000000 ) ) ;
#34 = ORIENTED_EDGE ( 'NONE', *, *, #433, .F. ) ;
#35 = EDGE_LOOP ( 'NONE', ( #1389, #1370, #799, #1047 ) ) ;
#36 = PLANE ( 'NONE',  #497 ) ;
#37 = ADVANCED_FACE ( 'NONE', ( #693 ), #147, .T. ) ;
#38 = DIRECTION ( 'NONE',  ( -1.000000000000000000, 0.000000000000000000, 0.000000000000000000 ) ) ;
#39 = CARTESIAN_POINT ( 'NONE',  ( -50.00000000000000000, 4.000000000000003553, 4.000000000000000000 ) ) ;
#40 = FACE_OUTER_BOUND ( 'NONE', #18, .T. ) ;
#41 = ADVANCED_FACE ( 'NONE', ( #40 ), #914, .F. ) ;
#42 = CARTESIAN_POINT ( 'NONE',  ( -24.99999999999998934, 140.4999999999999716, 0.000000000000000000 ) ) ;
#43 = VECTOR ( 'NONE', #708, 1000.000000000000000 ) ;
#44 = CARTESIAN_POINT ( 'NONE',  ( -24.99999999999999645, 88.29999999999999716, 0.000000000000000000 ) ) ;
#45 = CARTESIAN_POINT ( 'NONE',  ( -14.49999999999999467, 140.4999999999999716, 9.000000000000001776 ) ) ;
#46 = ORIENTED_EDGE ( 'NONE', *, *, #402, .F. ) ;
#47 = EDGE_LOOP ( 'NONE', ( #939, #1044, #1041, #966 ) ) ;
#48 = DIRECTION ( 'NONE',  ( -0.000000000000000000, -0.000000000000000000, -1.000000000000000000 ) ) ;
#49 = AXIS2_PLACEMENT_3D ( 'NONE', #880, #234, #1109 ) ;
#50 = FACE_OUTER_BOUND ( 'NONE', #1398, .T. ) ;
#51 = CIRCLE ( 'NONE', #828, 1.064999999999999947 ) ;
#52 = ORIENTED_EDGE ( 'NONE', *, *, #230, .T. ) ;
#53 = CARTESIAN_POINT ( 'NONE',  ( -14.49999999999999467, 140.4999999999999716, 9.000000000000001776 ) ) ;
#54 = ORIENTED_EDGE ( 'NONE', *, *, #122, .T. ) ;
#55 = ORIENTED_EDGE ( 'NONE', *, *, #80, .F. ) ;
#56 = CARTESIAN_POINT ( 'NONE',  ( -14.49999999999999467, 140.4999999999999716, 9.000000000000001776 ) ) ;
#57 = CARTESIAN_POINT ( 'NONE',  ( -14.49999999999999467, 140.4999999999999716, 9.000000000000001776 ) ) ;
#58 = ORIENTED_EDGE ( 'NONE', *, *, #442, .F. ) ;
#59 = FACE_BOUND ( 'NONE', #1128, .T. ) ;
#60 = ADVANCED_FACE ( 'NONE', ( #1242 ), #264, .F. ) ;
#61 = VERTEX_POINT ( 'NONE', #1402 ) ;
#62 = ORIENTED_EDGE ( 'NONE', *, *, #423, .F. ) ;
#63 = LINE ( 'NONE', #100, #135 ) ;
#64 = CARTESIAN_POINT ( 'NONE',  ( -35.49999999999999289, 140.4999999999999716, 9.000000000000001776 ) ) ;
#65 = AXIS2_PLACEMENT_3D ( 'NONE', #955, #164, #846 ) ;
#66 = EDGE_LOOP ( 'NONE', ( #1097, #769 ) ) ;
#67 = PLANE ( 'NONE',  #101 ) ;
#68 = CARTESIAN_POINT ( 'NONE',  ( -44.06499999999999062, 80.30000000000001137, 4.000000000000000000 ) ) ;
#69 = ORIENTED_EDGE ( 'NONE', *, *, #787, .F. ) ;
#70 = DIRECTION ( 'NONE',  ( 0.000000000000000000, 0.000000000000000000, 1.000000000000000000 ) ) ;
#71 = CARTESIAN_POINT ( 'NONE',  ( -10.43499999999998984, 109.4999999999999716, 9.000000000000001776 ) ) ;
#72 = EDGE_CURVE ( 'NONE', #701, #905, #161, .T. ) ;
#73 = AXIS2_PLACEMENT_3D ( 'NONE', #312, #174, #77 ) ;
#74 = ORIENTED_EDGE ( 'NONE', *, *, #1187, .F. ) ;
#75 = DIRECTION ( 'NONE',  ( 1.000000000000000000, 0.000000000000000000, 0.000000000000000000 ) ) ;
#76 = AXIS2_PLACEMENT_3D ( 'NONE', #793, #151, #378 ) ;
#77 = DIRECTION ( 'NONE',  ( 1.000000000000000000, 0.000000000000000000, 0.000000000000000000 ) ) ;
#78 = EDGE_LOOP ( 'NONE', ( #54, #637 ) ) ;
#79 = CARTESIAN_POINT ( 'NONE',  ( -19.99999999999999289, 60.30000000000000426, 0.000000000000000000 ) ) ;
#80 = EDGE_CURVE ( 'NONE', #1102, #417, #83, .T. ) ;
#81 = VERTEX_POINT ( 'NONE', #198 ) ;
#82 = FACE_BOUND ( 'NONE', #420, .T. ) ;
#83 = LINE ( 'NONE', #1065, #364 ) ;
#84 = ORIENTED_EDGE ( 'NONE', *, *, #255, .F. ) ;
#85 = EDGE_CURVE ( 'NONE', #411, #767, #237, .T. ) ;
#86 = DIRECTION ( 'NONE',  ( 1.000000000000000000, 0.000000000000000000, 0.000000000000000000 ) ) ;
#87 = ORIENTED_EDGE ( 'NONE', *, *, #1298, .F. ) ;
#88 = EDGE_CURVE ( 'NONE', #188, #990, #920, .T. ) ;
#89 = CARTESIAN_POINT ( 'NONE',  ( 0.000000000000000000, 0.000000000000000000, 4.000000000000000000 ) ) ;
#90 = AXIS2_PLACEMENT_3D ( 'NONE', #663, #321, #200 ) ;
#91 = CARTESIAN_POINT ( 'NONE',  ( -14.49999999999999467, 109.4999999999999716, 9.000000000000001776 ) ) ;
#92 = EDGE_CURVE ( 'NONE', #417, #1244, #259, .T. ) ;
#93 = EDGE_LOOP ( 'NONE', ( #526, #645 ) ) ;
#94 = DIRECTION ( 'NONE',  ( -0.000000000000000000, -0.000000000000000000, -1.000000000000000000 ) ) ;
#95 = ORIENTED_EDGE ( 'NONE', *, *, #760, .F. ) ;
#96 = CARTESIAN_POINT ( 'NONE',  ( -35.49999999999999289, 109.4999999999999716, 4.000000000000000000 ) ) ;
#97 = CIRCLE ( 'NONE', #73, 4.065000000000003944 ) ;
#98 = AXIS2_PLACEMENT_3D ( 'NONE', #96, #763, #664 ) ;
#99 = CARTESIAN_POINT ( 'NONE',  ( -43.00000000000000000, 80.30000000000001137, 0.000000000000000000 ) ) ;
#100 = CARTESIAN_POINT ( 'NONE',  ( 0.000000000000000000, 146.0000000000000284, 4.000000000000000000 ) ) ;
#101 = AXIS2_PLACEMENT_3D ( 'NONE', #189, #494, #1064 ) ;
#102 = ORIENTED_EDGE ( 'NONE', *, *, #30, .F. ) ;
#103 = DIRECTION ( 'NONE',  ( 1.000000000000000000, 0.000000000000000000, 0.000000000000000000 ) ) ;
#104 = EDGE_LOOP ( 'NONE', ( #1408, #852 ) ) ;
#105 = CARTESIAN_POINT ( 'NONE',  ( -30.00000000000000355, 50.30000000000001137, 0.000000000000000000 ) ) ;
#106 = EDGE_CURVE ( 'NONE', #1089, #824, #309, .T. ) ;
#107 = CARTESIAN_POINT ( 'NONE',  ( -35.49999999999999289, 140.4999999999999716, 9.000000000000001776 ) ) ;
#108 = EDGE_LOOP ( 'NONE', ( #315, #1180, #699, #1079 ) ) ;
#109 = DIRECTION ( 'NONE',  ( 0.000000000000000000, 0.000000000000000000, 1.000000000000000000 ) ) ;
#110 = ORIENTED_EDGE ( 'NONE', *, *, #402, .T. ) ;
#111 = CARTESIAN_POINT ( 'NONE',  ( 0.000000000000000000, 150.0000000000000000, 0.000000000000000000 ) ) ;
#112 = FACE_OUTER_BOUND ( 'NONE', #360, .T. ) ;
#113 = AXIS2_PLACEMENT_3D ( 'NONE', #64, #1167, #412 ) ;
#114 = ORIENTED_EDGE ( 'NONE', *, *, #1161, .T. ) ;
#115 = DIRECTION ( 'NONE',  ( -0.000000000000000000, -0.7071067811865474617, -0.7071067811865474617 ) ) ;
#116 = ORIENTED_EDGE ( 'NONE', *, *, #673, .T. ) ;
#117 = DIRECTION ( 'NONE',  ( 1.000000000000000000, 0.000000000000000000, 0.000000000000000000 ) ) ;
#118 = DIRECTION ( 'NONE',  ( 0.000000000000000000, 0.000000000000000000, 1.000000000000000000 ) ) ;
#119 = COORDINATED_UNIVERSAL_TIME_OFFSET ( 1, 0, .AHEAD. ) ;
#120 = VERTEX_POINT ( 'NONE', #295 ) ;
#121 = AXIS2_PLACEMENT_3D ( 'NONE', #1206, #447, #1415 ) ;
#122 = EDGE_CURVE ( 'NONE', #81, #175, #97, .T. ) ;
#123 = LINE ( 'NONE', #539, #562 ) ;
#124 = CARTESIAN_POINT ( 'NONE',  ( -7.000000000000006217, 80.30000000000001137, 0.000000000000000000 ) ) ;
#125 = CARTESIAN_POINT ( 'NONE',  ( -10.43499999999999517, 140.4999999999999716, 4.000000000000000000 ) ) ;
#126 = APPROVAL_ROLE ( '' ) ;
#127 = CARTESIAN_POINT ( 'NONE',  ( -38.00000000000000000, 88.29999999999999716, 4.000000000000000000 ) ) ;
#128 = EDGE_CURVE ( 'NONE', #905, #701, #481, .T. ) ;
#129 = CARTESIAN_POINT ( 'NONE',  ( -31.43499999999999162, 140.4999999999999716, 4.000000000000000000 ) ) ;
#130 = FACE_BOUND ( 'NONE', #650, .T. ) ;
#131 = PERSON_AND_ORGANIZATION_ROLE ( 'design_supplier' ) ;
#132 = ORIENTED_EDGE ( 'NONE', *, *, #670, .F. ) ;
#133 = EDGE_CURVE ( 'NONE', #1235, #795, #804, .T. ) ;
#134 = AXIS2_PLACEMENT_3D ( 'NONE', #823, #738, #1261 ) ;
#135 = VECTOR ( 'NONE', #1252, 1000.000000000000114 ) ;
#136 = DIRECTION ( 'NONE',  ( -0.000000000000000000, -0.000000000000000000, -1.000000000000000000 ) ) ;
#137 = CARTESIAN_POINT ( 'NONE',  ( 0.000000000000000000, 150.0000000000000000, 0.000000000000000000 ) ) ;
#138 = CARTESIAN_POINT ( 'NONE',  ( -14.49999999999999467, 140.4999999999999716, 9.000000000000001776 ) ) ;
#139 = DIRECTION ( 'NONE',  ( 1.000000000000000000, 0.000000000000000000, 0.000000000000000000 ) ) ;
#140 = AXIS2_PLACEMENT_3D ( 'NONE', #1207, #992, #344 ) ;
#141 = EDGE_LOOP ( 'NONE', ( #269, #504 ) ) ;
#142 = AXIS2_PLACEMENT_3D ( 'NONE', #863, #1325, #1300 ) ;
#143 = FACE_OUTER_BOUND ( 'NONE', #659, .T. ) ;
#144 = DIRECTION ( 'NONE',  ( 1.000000000000000000, 0.000000000000000000, 0.000000000000000000 ) ) ;
#145 = DIRECTION ( 'NONE',  ( -1.000000000000000000, 0.000000000000000000, 0.000000000000000000 ) ) ;
#146 = EDGE_CURVE ( 'NONE', #467, #1102, #305, .T. ) ;
#147 = CYLINDRICAL_SURFACE ( 'NONE', #1400, 4.065000000000003944 ) ;
#148 = EDGE_CURVE ( 'NONE', #1043, #1378, #416, .T. ) ;
#149 = ORIENTED_EDGE ( 'NONE', *, *, #257, .F. ) ;
#150 = FACE_OUTER_BOUND ( 'NONE', #405, .T. ) ;
#151 = DIRECTION ( 'NONE',  ( 0.000000000000000000, 0.000000000000000000, 1.000000000000000000 ) ) ;
#152 = DIRECTION ( 'NONE',  ( -0.000000000000000000, -0.000000000000000000, 1.000000000000000000 ) ) ;
#153 = CARTESIAN_POINT ( 'NONE',  ( -14.49999999999999467, 109.4999999999999716, 9.000000000000001776 ) ) ;
#154 = ORIENTED_EDGE ( 'NONE', *, *, #255, .T. ) ;
#155 = FACE_OUTER_BOUND ( 'NONE', #791, .T. ) ;
#156 = VECTOR ( 'NONE', #1046, 1000.000000000000000 ) ;
#157 = DIRECTION ( 'NONE',  ( 1.000000000000000000, 0.000000000000000000, 0.000000000000000000 ) ) ;
#158 = DIRECTION ( 'NONE',  ( 0.000000000000000000, 0.000000000000000000, 1.000000000000000000 ) ) ;
#159 = ORIENTED_EDGE ( 'NONE', *, *, #698, .F. ) ;
#160 = VERTEX_POINT ( 'NONE', #68 ) ;
#161 = CIRCLE ( 'NONE', #987, 1.064999999999996394 ) ;
#162 = ADVANCED_FACE ( 'NONE', ( #502, #945 ), #515, .T. ) ;
#163 = CIRCLE ( 'NONE', #967, 4.064999999999997726 ) ;
#164 = DIRECTION ( 'NONE',  ( -0.000000000000000000, -0.000000000000000000, 1.000000000000000000 ) ) ;
#165 = AXIS2_PLACEMENT_3D ( 'NONE', #1175, #293, #307 ) ;
#166 = ORIENTED_EDGE ( 'NONE', *, *, #830, .T. ) ;
#167 = ADVANCED_FACE ( 'NONE', ( #1395 ), #1182, .F. ) ;
#168 = FACE_BOUND ( 'NONE', #104, .T. ) ;
#169 = ORIENTED_EDGE ( 'NONE', *, *, #959, .F. ) ;
#170 = CARTESIAN_POINT ( 'NONE',  ( 0.000000000000000000, 0.000000000000000000, 4.000000000000000000 ) ) ;
#171 = ADVANCED_FACE ( 'NONE', ( #1078 ), #1381, .F. ) ;
#172 = ORIENTED_EDGE ( 'NONE', *, *, #1272, .F. ) ;
#173 = FACE_OUTER_BOUND ( 'NONE', #35, .T. ) ;
#174 = DIRECTION ( 'NONE',  ( 0.000000000000000000, 0.000000000000000000, 1.000000000000000000 ) ) ;
#175 = VERTEX_POINT ( 'NONE', #1163 ) ;
#176 = DIRECTION ( 'NONE',  ( -1.000000000000000000, 0.000000000000000000, 0.000000000000000000 ) ) ;
#177 = DIRECTION ( 'NONE',  ( 1.000000000000000000, 0.000000000000000000, 0.000000000000000000 ) ) ;
#178 = AXIS2_PLACEMENT_3D ( 'NONE', #170, #1173, #195 ) ;
#179 = AXIS2_PLACEMENT_3D ( 'NONE', #1236, #261, #903 ) ;
#180 = ORIENTED_EDGE ( 'NONE', *, *, #996, .F. ) ;
#181 = LINE ( 'NONE', #197, #214 ) ;
#182 = DIRECTION ( 'NONE',  ( 0.000000000000000000, 0.000000000000000000, 1.000000000000000000 ) ) ;
#183 = EDGE_LOOP ( 'NONE', ( #62, #800, #199, #172 ) ) ;
#184 = EDGE_CURVE ( 'NONE', #61, #1092, #571, .T. ) ;
#185 = LINE ( 'NONE', #833, #1116 ) ;
#186 = ADVANCED_BREP_SHAPE_REPRESENTATION ( 'Sensor_Box_LG_mount', ( #285, #1005 ), #938 ) ;
#187 = AXIS2_PLACEMENT_3D ( 'NONE', #204, #1274, #1266 ) ;
#188 = VERTEX_POINT ( 'NONE', #510 ) ;
#189 = CARTESIAN_POINT ( 'NONE',  ( -14.49999999999999467, 140.4999999999999716, 9.000000000000001776 ) ) ;
#190 = CIRCLE ( 'NONE', #714, 4.064999999999999503 ) ;
#191 = FACE_BOUND ( 'NONE', #973, .T. ) ;
#192 = ADVANCED_FACE ( 'NONE', ( #191, #624, #873, #130, #15, #1007, #1317 ), #864, .T. ) ;
#193 = ORIENTED_EDGE ( 'NONE', *, *, #418, .T. ) ;
#194 = EDGE_CURVE ( 'NONE', #292, #322, #1011, .T. ) ;
#195 = DIRECTION ( 'NONE',  ( -1.000000000000000000, 0.000000000000000000, -0.000000000000000000 ) ) ;
#196 = ORIENTED_EDGE ( 'NONE', *, *, #610, .T. ) ;
#197 = CARTESIAN_POINT ( 'NONE',  ( -36.56499999999998352, 140.4999999999999716, 9.000000000000001776 ) ) ;
#198 = CARTESIAN_POINT ( 'NONE',  ( -18.56499999999999773, 109.4999999999999716, 9.000000000000001776 ) ) ;
#199 = ORIENTED_EDGE ( 'NONE', *, *, #327, .T. ) ;
#200 = DIRECTION ( 'NONE',  ( 1.000000000000000000, 0.000000000000000000, 0.000000000000000000 ) ) ;
#201 = VERTEX_POINT ( 'NONE', #668 ) ;
#202 = DIRECTION ( 'NONE',  ( 0.000000000000000000, 0.000000000000000000, 1.000000000000000000 ) ) ;
#203 = CIRCLE ( 'NONE', #1003, 1.064999999999998170 ) ;
#204 = CARTESIAN_POINT ( 'NONE',  ( -14.49999999999999467, 140.4999999999999716, 9.000000000000001776 ) ) ;
#205 = COORDINATED_UNIVERSAL_TIME_OFFSET ( 1, 0, .AHEAD. ) ;
#206 = ORIENTED_EDGE ( 'NONE', *, *, #867, .F. ) ;
#207 = CARTESIAN_POINT ( 'NONE',  ( -39.56499999999999062, 109.4999999999999716, 9.000000000000001776 ) ) ;
#208 = EDGE_CURVE ( 'NONE', #743, #1075, #332, .T. ) ;
#209 = ORIENTED_EDGE ( 'NONE', *, *, #212, .F. ) ;
#210 = CARTESIAN_POINT ( 'NONE',  ( -25.00000000000000000, 9.000000000000005329, 4.000000000000000000 ) ) ;
#211 = AXIS2_PLACEMENT_3D ( 'NONE', #522, #965, #1050 ) ;
#212 = EDGE_CURVE ( 'NONE', #81, #602, #449, .T. ) ;
#213 = LOCAL_TIME ( 12, 54, 15.00000000000000000, #119 ) ;
#214 = VECTOR ( 'NONE', #617, 1000.000000000000000 ) ;
#215 = FACE_OUTER_BOUND ( 'NONE', #519, .T. ) ;
#216 = AXIS2_PLACEMENT_3D ( 'NONE', #485, #1012, #1229 ) ;
#217 = ORIENTED_EDGE ( 'NONE', *, *, #1133, .F. ) ;
#218 = CARTESIAN_POINT ( 'NONE',  ( -41.93500000000000227, 80.30000000000001137, 4.000000000000000000 ) ) ;
#219 = VERTEX_POINT ( 'NONE', #978 ) ;
#220 = FACE_OUTER_BOUND ( 'NONE', #108, .T. ) ;
#221 = CARTESIAN_POINT ( 'NONE',  ( -18.56499999999999773, 109.4999999999999716, 9.000000000000001776 ) ) ;
#222 = DATE_TIME_ROLE ( 'classification_date' ) ;
#223 = VERTEX_POINT ( 'NONE', #125 ) ;
#224 = EDGE_CURVE ( 'NONE', #701, #625, #1191, .T. ) ;
#225 = DIRECTION ( 'NONE',  ( 0.000000000000000000, 0.000000000000000000, 1.000000000000000000 ) ) ;
#226 = ORIENTED_EDGE ( 'NONE', *, *, #836, .T. ) ;
#227 = FACE_OUTER_BOUND ( 'NONE', #1258, .T. ) ;
#228 = PLANE ( 'NONE',  #758 ) ;
#229 = DATE_AND_TIME ( #606, #282 ) ;
#230 = EDGE_CURVE ( 'NONE', #743, #951, #1331, .T. ) ;
#231 = ORIENTED_EDGE ( 'NONE', *, *, #1001, .T. ) ;
#232 = CARTESIAN_POINT ( 'NONE',  ( -13.43499999999999162, 109.4999999999999716, 9.000000000000001776 ) ) ;
#233 = LINE ( 'NONE', #1190, #1380 ) ;
#234 = DIRECTION ( 'NONE',  ( 0.000000000000000000, 0.000000000000000000, 1.000000000000000000 ) ) ;
#235 = PERSON_AND_ORGANIZATION ( #858, #870 ) ;
#236 = PRODUCT_DEFINITION_FORMATION_WITH_SPECIFIED_SOURCE ( 'ANY', '', #1214, .NOT_KNOWN. ) ;
#237 = CIRCLE ( 'NONE', #187, 4.064999999999999503 ) ;
#238 = ORIENTED_EDGE ( 'NONE', *, *, #1394, .F. ) ;
#239 = EDGE_CURVE ( 'NONE', #300, #1282, #1377, .T. ) ;
#240 = CIRCLE ( 'NONE', #98, 4.064999999999999503 ) ;
#241 = CYLINDRICAL_SURFACE ( 'NONE', #636, 1.064999999999996394 ) ;
#242 = EDGE_CURVE ( 'NONE', #1195, #1199, #1170, .T. ) ;
#243 = DIRECTION ( 'NONE',  ( -0.000000000000000000, -0.000000000000000000, 1.000000000000000000 ) ) ;
#244 = DIRECTION ( 'NONE',  ( 1.000000000000000000, 0.000000000000000000, 0.000000000000000000 ) ) ;
#245 = SHAPE_DEFINITION_REPRESENTATION ( #974, #186 ) ;
#246 = ORIENTED_EDGE ( 'NONE', *, *, #375, .F. ) ;
#247 = CARTESIAN_POINT ( 'NONE',  ( -50.00000000000000000, 0.000000000000000000, 0.000000000000000000 ) ) ;
#248 = DIRECTION ( 'NONE',  ( -1.000000000000000000, 0.000000000000000000, 0.000000000000000000 ) ) ;
#249 = DIRECTION ( 'NONE',  ( -0.000000000000000000, 0.7071067811865474617, 0.7071067811865474617 ) ) ;
#250 = EDGE_LOOP ( 'NONE', ( #408, #46, #320, #587 ) ) ;
#251 = VECTOR ( 'NONE', #136, 1000.000000000000000 ) ;
#252 = ORIENTED_EDGE ( 'NONE', *, *, #194, .T. ) ;
#253 = FACE_OUTER_BOUND ( 'NONE', #908, .T. ) ;
#254 = CARTESIAN_POINT ( 'NONE',  ( -36.56499999999998352, 140.4999999999999716, 9.000000000000001776 ) ) ;
#255 = EDGE_CURVE ( 'NONE', #160, #1157, #27, .T. ) ;
#256 = LINE ( 'NONE', #1241, #690 ) ;
#257 = EDGE_CURVE ( 'NONE', #1055, #1006, #551, .T. ) ;
#258 = VERTEX_POINT ( 'NONE', #24 ) ;
#259 = CIRCLE ( 'NONE', #619, 13.00000000000000000 ) ;
#260 = ORIENTED_EDGE ( 'NONE', *, *, #106, .T. ) ;
#261 = DIRECTION ( 'NONE',  ( 0.000000000000000000, 0.000000000000000000, 1.000000000000000000 ) ) ;
#262 = CARTESIAN_POINT ( 'NONE',  ( -15.56499999999999240, 140.4999999999999716, 4.000000000000000000 ) ) ;
#263 = CARTESIAN_POINT ( 'NONE',  ( -35.49999999999999289, 109.4999999999999716, 9.000000000000001776 ) ) ;
#264 = CYLINDRICAL_SURFACE ( 'NONE', #390, 2.000000000000005329 ) ;
#265 = ORIENTED_EDGE ( 'NONE', *, *, #1272, .T. ) ;
#266 = DIRECTION ( 'NONE',  ( -0.000000000000000000, -0.000000000000000000, 1.000000000000000000 ) ) ;
#267 = LINE ( 'NONE', #1253, #1098 ) ;
#268 = DIRECTION ( 'NONE',  ( -0.000000000000000000, -0.000000000000000000, -1.000000000000000000 ) ) ;
#269 = ORIENTED_EDGE ( 'NONE', *, *, #678, .F. ) ;
#270 = ADVANCED_FACE ( 'NONE', ( #215 ), #1326, .F. ) ;
#271 = ORIENTED_EDGE ( 'NONE', *, *, #470, .F. ) ;
#272 = CIRCLE ( 'NONE', #961, 1.065000000000001723 ) ;
#273 = ADVANCED_FACE ( 'NONE', ( #112 ), #648, .F. ) ;
#274 = CARTESIAN_POINT ( 'NONE',  ( -14.49999999999999467, 109.4999999999999716, 4.000000000000000000 ) ) ;
#275 = ORIENTED_EDGE ( 'NONE', *, *, #634, .F. ) ;
#276 = FACE_BOUND ( 'NONE', #328, .T. ) ;
#277 = EDGE_LOOP ( 'NONE', ( #1278, #902, #622, #929 ) ) ;
#278 = ORIENTED_EDGE ( 'NONE', *, *, #122, .F. ) ;
#279 = EDGE_CURVE ( 'NONE', #986, #746, #1220, .T. ) ;
#280 = DATE_AND_TIME ( #1411, #1080 ) ;
#281 = AXIS2_PLACEMENT_3D ( 'NONE', #99, #397, #725 ) ;
#282 = LOCAL_TIME ( 12, 54, 15.00000000000000000, #205 ) ;
#283 = CARTESIAN_POINT ( 'NONE',  ( -26.06500000000000128, 9.000000000000005329, 4.000000000000000000 ) ) ;
#284 = CIRCLE ( 'NONE', #1265, 4.064999999999999503 ) ;
#285 = MANIFOLD_SOLID_BREP ( 'Boss-Extrude2', #1010 ) ;
#286 = VERTEX_POINT ( 'NONE', #537 ) ;
#287 = CARTESIAN_POINT ( 'NONE',  ( -44.06499999999999062, 80.30000000000001137, 0.000000000000000000 ) ) ;
#288 = ADVANCED_FACE ( 'NONE', ( #443 ), #228, .F. ) ;
#289 = DIRECTION ( 'NONE',  ( 0.000000000000000000, 1.000000000000000000, 0.000000000000000000 ) ) ;
#290 = ORIENTED_EDGE ( 'NONE', *, *, #1248, .T. ) ;
#291 = CARTESIAN_POINT ( 'NONE',  ( -5.935000000000004938, 80.30000000000001137, 4.000000000000000000 ) ) ;
#292 = VERTEX_POINT ( 'NONE', #661 ) ;
#293 = DIRECTION ( 'NONE',  ( 0.000000000000000000, 0.000000000000000000, 1.000000000000000000 ) ) ;
#294 = EDGE_CURVE ( 'NONE', #300, #1157, #985, .T. ) ;
#295 = CARTESIAN_POINT ( 'NONE',  ( -10.43499999999998984, 109.4999999999999716, 4.000000000000000000 ) ) ;
#296 = ORIENTED_EDGE ( 'NONE', *, *, #230, .F. ) ;
#297 = COORDINATED_UNIVERSAL_TIME_OFFSET ( 1, 0, .AHEAD. ) ;
#298 = CARTESIAN_POINT ( 'NONE',  ( 0.000000000000000000, 0.000000000000000000, 4.000000000000000000 ) ) ;
#299 = AXIS2_PLACEMENT_3D ( 'NONE', #79, #1270, #86 ) ;
#300 = VERTEX_POINT ( 'NONE', #776 ) ;
#301 = CARTESIAN_POINT ( 'NONE',  ( -35.49999999999999289, 140.4999999999999716, 4.000000000000000000 ) ) ;
#302 = DIRECTION ( 'NONE',  ( 0.000000000000000000, 0.000000000000000000, 1.000000000000000000 ) ) ;
#303 = EDGE_LOOP ( 'NONE', ( #1292, #612 ) ) ;
#304 = DIRECTION ( 'NONE',  ( 1.000000000000000000, 0.000000000000000000, 0.000000000000000000 ) ) ;
#305 = CIRCLE ( 'NONE', #211, 13.00000000000000000 ) ;
#306 = ORIENTED_EDGE ( 'NONE', *, *, #1209, .T. ) ;
#307 = DIRECTION ( 'NONE',  ( 1.000000000000000000, 0.000000000000000000, 0.000000000000000000 ) ) ;
#308 = CIRCLE ( 'NONE', #165, 1.064999999999996394 ) ;
#309 = LINE ( 'NONE', #1410, #988 ) ;
#310 = CARTESIAN_POINT ( 'NONE',  ( -35.49999999999999289, 140.4999999999999716, 9.000000000000001776 ) ) ;
#311 = CARTESIAN_POINT ( 'NONE',  ( -23.93500000000000227, 9.000000000000005329, 0.000000000000000000 ) ) ;
#312 = CARTESIAN_POINT ( 'NONE',  ( -14.49999999999999467, 109.4999999999999716, 9.000000000000001776 ) ) ;
#313 = ORIENTED_EDGE ( 'NONE', *, *, #998, .F. ) ;
#314 = DIRECTION ( 'NONE',  ( 1.000000000000000000, 0.000000000000000000, 0.000000000000000000 ) ) ;
#315 = ORIENTED_EDGE ( 'NONE', *, *, #889, .T. ) ;
#316 = DIRECTION ( 'NONE',  ( 1.000000000000000000, 6.938893903907224433E-16, 0.000000000000000000 ) ) ;
#317 = VECTOR ( 'NONE', #924, 1000.000000000000000 ) ;
#318 = DIRECTION ( 'NONE',  ( 0.000000000000000000, 0.000000000000000000, -1.000000000000000000 ) ) ;
#319 = DIRECTION ( 'NONE',  ( 1.000000000000000000, 0.000000000000000000, 0.000000000000000000 ) ) ;
#320 = ORIENTED_EDGE ( 'NONE', *, *, #503, .F. ) ;
#321 = DIRECTION ( 'NONE',  ( 0.000000000000000000, 0.000000000000000000, 1.000000000000000000 ) ) ;
#322 = VERTEX_POINT ( 'NONE', #1119 ) ;
#323 = DIRECTION ( 'NONE',  ( -1.000000000000000000, 0.000000000000000000, 0.000000000000000000 ) ) ;
#324 = AXIS2_PLACEMENT_3D ( 'NONE', #556, #755, #999 ) ;
#325 = AXIS2_PLACEMENT_3D ( 'NONE', #403, #1169, #848 ) ;
#326 = CARTESIAN_POINT ( 'NONE',  ( -43.00000000000000000, 80.30000000000001137, 4.000000000000000000 ) ) ;
#327 = EDGE_CURVE ( 'NONE', #223, #923, #163, .T. ) ;
#328 = EDGE_LOOP ( 'NONE', ( #513, #815 ) ) ;
#329 = CARTESIAN_POINT ( 'NONE',  ( -11.99999999999999822, 88.29999999999999716, 0.000000000000000000 ) ) ;
#330 = ORIENTED_EDGE ( 'NONE', *, *, #1090, .F. ) ;
#331 = DIRECTION ( 'NONE',  ( 1.000000000000000000, 0.000000000000000000, 0.000000000000000000 ) ) ;
#332 = LINE ( 'NONE', #1301, #1354 ) ;
#333 = EDGE_CURVE ( 'NONE', #641, #201, #345, .T. ) ;
#334 = ORIENTED_EDGE ( 'NONE', *, *, #582, .T. ) ;
#335 = CARTESIAN_POINT ( 'NONE',  ( -39.56499999999999062, 140.4999999999999716, 4.000000000000000000 ) ) ;
#336 = CYLINDRICAL_SURFACE ( 'NONE', #483, 4.065000000000003944 ) ;
#337 = ADVANCED_FACE ( 'NONE', ( #697 ), #1357, .T. ) ;
#338 = CARTESIAN_POINT ( 'NONE',  ( -26.06500000000000128, 9.000000000000005329, 0.000000000000000000 ) ) ;
#339 = CIRCLE ( 'NONE', #1138, 4.064999999999999503 ) ;
#340 = VERTEX_POINT ( 'NONE', #471 ) ;
#341 = FACE_OUTER_BOUND ( 'NONE', #1215, .T. ) ;
#342 = ADVANCED_FACE ( 'NONE', ( #479 ), #810, .F. ) ;
#343 = LINE ( 'NONE', #646, #1172 ) ;
#344 = DIRECTION ( 'NONE',  ( 1.000000000000000000, 0.000000000000000000, 0.000000000000000000 ) ) ;
#345 = CIRCLE ( 'NONE', #712, 2.000000000000005329 ) ;
#346 = CIRCLE ( 'NONE', #620, 9.999999999999991118 ) ;
#347 = DIRECTION ( 'NONE',  ( -0.000000000000000000, -0.000000000000000000, -1.000000000000000000 ) ) ;
#348 = DIRECTION ( 'NONE',  ( -0.000000000000000000, -0.000000000000000000, 1.000000000000000000 ) ) ;
#349 = CARTESIAN_POINT ( 'NONE',  ( -26.99999999999999645, 140.4999999999999716, 0.000000000000000000 ) ) ;
#350 = ORIENTED_EDGE ( 'NONE', *, *, #279, .T. ) ;
#351 = ADVANCED_FACE ( 'NONE', ( #1364 ), #1342, .T. ) ;
#352 = DIRECTION ( 'NONE',  ( 1.000000000000000000, 0.000000000000000000, 0.000000000000000000 ) ) ;
#353 = APPLICATION_CONTEXT ( 'configuration controlled 3d designs of mechanical parts and assemblies' ) ;
#354 = FACE_OUTER_BOUND ( 'NONE', #735, .T. ) ;
#355 = PRODUCT_DEFINITION ( 'UNKNOWN', '', #236, #476 ) ;
#356 = CYLINDRICAL_SURFACE ( 'NONE', #1238, 1.065000000000001723 ) ;
#357 = ORIENTED_EDGE ( 'NONE', *, *, #1142, .T. ) ;
#358 = AXIS2_PLACEMENT_3D ( 'NONE', #1291, #1313, #982 ) ;
#359 = AXIS2_PLACEMENT_3D ( 'NONE', #42, #1338, #352 ) ;
#360 = EDGE_LOOP ( 'NONE', ( #1256, #1203, #226, #387 ) ) ;
#361 = LINE ( 'NONE', #909, #1420 ) ;
#362 = CARTESIAN_POINT ( 'NONE',  ( -35.49999999999999289, 140.4999999999999716, 4.000000000000000000 ) ) ;
#363 = FACE_BOUND ( 'NONE', #141, .T. ) ;
#364 = VECTOR ( 'NONE', #850, 1000.000000000000000 ) ;
#365 = DIRECTION ( 'NONE',  ( -0.000000000000000000, -0.000000000000000000, -1.000000000000000000 ) ) ;
#366 = CC_DESIGN_APPROVAL ( #1096, ( #1330 ) ) ;
#367 = VECTOR ( 'NONE', #1104, 1000.000000000000000 ) ;
#368 = ORIENTED_EDGE ( 'NONE', *, *, #1286, .T. ) ;
#369 = VECTOR ( 'NONE', #527, 1000.000000000000000 ) ;
#370 = PLANE ( 'NONE',  #1164 ) ;
#371 = CARTESIAN_POINT ( 'NONE',  ( -19.99999999999999645, 50.30000000000001137, 0.000000000000000000 ) ) ;
#372 = DIRECTION ( 'NONE',  ( 0.000000000000000000, -0.000000000000000000, 1.000000000000000000 ) ) ;
#373 = ADVANCED_FACE ( 'NONE', ( #1232 ), #1042, .F. ) ;
#374 = EDGE_LOOP ( 'NONE', ( #381, #844, #376, #1106 ) ) ;
#375 = EDGE_CURVE ( 'NONE', #980, #201, #1335, .T. ) ;
#376 = ORIENTED_EDGE ( 'NONE', *, *, #853, .F. ) ;
#377 = CARTESIAN_POINT ( 'NONE',  ( -35.49999999999999289, 109.4999999999999716, 4.000000000000000000 ) ) ;
#378 = DIRECTION ( 'NONE',  ( 1.000000000000000000, 0.000000000000000000, 0.000000000000000000 ) ) ;
#379 = LINE ( 'NONE', #39, #1196 ) ;
#380 = ADVANCED_FACE ( 'NONE', ( #927 ), #1015, .F. ) ;
#381 = ORIENTED_EDGE ( 'NONE', *, *, #1422, .F. ) ;
#382 = ORIENTED_EDGE ( 'NONE', *, *, #148, .F. ) ;
#383 = AXIS2_PLACEMENT_3D ( 'NONE', #8, #524, #554 ) ;
#384 = PERSON_AND_ORGANIZATION_ROLE ( 'design_owner' ) ;
#385 = DIRECTION ( 'NONE',  ( 1.000000000000000000, 0.000000000000000000, 0.000000000000000000 ) ) ;
#386 = ADVANCED_FACE ( 'NONE', ( #788 ), #356, .F. ) ;
#387 = ORIENTED_EDGE ( 'NONE', *, *, #16, .F. ) ;
#388 = CYLINDRICAL_SURFACE ( 'NONE', #781, 1.064999999999999947 ) ;
#389 = FACE_OUTER_BOUND ( 'NONE', #1185, .T. ) ;
#390 = AXIS2_PLACEMENT_3D ( 'NONE', #1176, #1070, #530 ) ;
#391 = ORIENTED_EDGE ( 'NONE', *, *, #470, .T. ) ;
#392 = CARTESIAN_POINT ( 'NONE',  ( -19.99999999999999289, 70.29999999999999716, 4.000000000000000000 ) ) ;
#393 = CARTESIAN_POINT ( 'NONE',  ( -30.00000000000000355, 50.30000000000001137, 4.000000000000000000 ) ) ;
#394 = CIRCLE ( 'NONE', #1197, 1.065000000000001723 ) ;
#395 = VERTEX_POINT ( 'NONE', #688 ) ;
#396 = DIRECTION ( 'NONE',  ( -1.000000000000000000, 0.000000000000000000, 0.000000000000000000 ) ) ;
#397 = DIRECTION ( 'NONE',  ( -0.000000000000000000, -0.000000000000000000, 1.000000000000000000 ) ) ;
#398 = ORIENTED_EDGE ( 'NONE', *, *, #640, .F. ) ;
#399 = PERSON_AND_ORGANIZATION ( #858, #870 ) ;
#400 = DIRECTION ( 'NONE',  ( 0.000000000000000000, 0.000000000000000000, 1.000000000000000000 ) ) ;
#401 = ORIENTED_EDGE ( 'NONE', *, *, #184, .F. ) ;
#402 = EDGE_CURVE ( 'NONE', #61, #1195, #256, .T. ) ;
#403 = CARTESIAN_POINT ( 'NONE',  ( -43.00000000000000000, 80.30000000000001137, 4.000000000000000000 ) ) ;
#404 = CARTESIAN_POINT ( 'NONE',  ( -35.49999999999999289, 109.4999999999999716, 9.000000000000001776 ) ) ;
#405 = EDGE_LOOP ( 'NONE', ( #931, #480, #166, #1127 ) ) ;
#406 = CARTESIAN_POINT ( 'NONE',  ( -36.56499999999998352, 109.4999999999999716, 9.000000000000001776 ) ) ;
#407 = CIRCLE ( 'NONE', #1184, 1.064999999999998170 ) ;
#408 = ORIENTED_EDGE ( 'NONE', *, *, #588, .T. ) ;
#409 = DIRECTION ( 'NONE',  ( 0.000000000000000000, 0.000000000000000000, 1.000000000000000000 ) ) ;
#410 = DIRECTION ( 'NONE',  ( -1.000000000000000000, 0.000000000000000000, 0.000000000000000000 ) ) ;
#411 = VERTEX_POINT ( 'NONE', #584 ) ;
#412 = DIRECTION ( 'NONE',  ( -1.000000000000000000, 0.000000000000000000, 0.000000000000000000 ) ) ;
#413 = CARTESIAN_POINT ( 'NONE',  ( 0.000000000000000000, 146.0000000000000284, 4.000000000000000000 ) ) ;
#414 = VECTOR ( 'NONE', #770, 1000.000000000000000 ) ;
#415 = EDGE_CURVE ( 'NONE', #11, #496, #1247, .T. ) ;
#416 = LINE ( 'NONE', #639, #1309 ) ;
#417 = VERTEX_POINT ( 'NONE', #1224 ) ;
#418 = EDGE_CURVE ( 'NONE', #1344, #1373, #379, .T. ) ;
#419 = DIRECTION ( 'NONE',  ( -0.000000000000000000, -0.000000000000000000, -1.000000000000000000 ) ) ;
#420 = EDGE_LOOP ( 'NONE', ( #1303, #1168 ) ) ;
#421 = FACE_OUTER_BOUND ( 'NONE', #1361, .T. ) ;
#422 = APPROVAL_DATE_TIME ( #280, #538 ) ;
#423 = EDGE_CURVE ( 'NONE', #767, #411, #190, .T. ) ;
#424 = ORIENTED_EDGE ( 'NONE', *, *, #941, .T. ) ;
#425 = DIRECTION ( 'NONE',  ( 1.000000000000000000, 0.000000000000000000, 0.000000000000000000 ) ) ;
#426 = DIRECTION ( 'NONE',  ( 0.000000000000000000, 0.000000000000000000, 1.000000000000000000 ) ) ;
#427 = AXIS2_PLACEMENT_3D ( 'NONE', #377, #613, #1045 ) ;
#428 = DIRECTION ( 'NONE',  ( -0.000000000000000000, -0.000000000000000000, -1.000000000000000000 ) ) ;
#429 = EDGE_LOOP ( 'NONE', ( #169, #862 ) ) ;
#430 = DIRECTION ( 'NONE',  ( 0.000000000000000000, 0.000000000000000000, 1.000000000000000000 ) ) ;
#431 = ORIENTED_EDGE ( 'NONE', *, *, #194, .F. ) ;
#432 = CARTESIAN_POINT ( 'NONE',  ( -34.43499999999999517, 109.4999999999999716, 4.000000000000000000 ) ) ;
#433 = EDGE_CURVE ( 'NONE', #1055, #511, #51, .T. ) ;
#434 = AXIS2_PLACEMENT_3D ( 'NONE', #53, #1033, #816 ) ;
#435 = CIRCLE ( 'NONE', #1014, 9.999999999999991118 ) ;
#436 = DIRECTION ( 'NONE',  ( -0.000000000000000000, -0.000000000000000000, 1.000000000000000000 ) ) ;
#437 = ORIENTED_EDGE ( 'NONE', *, *, #1099, .F. ) ;
#438 = DIRECTION ( 'NONE',  ( 1.000000000000000000, 0.000000000000000000, 0.000000000000000000 ) ) ;
#439 = ADVANCED_FACE ( 'NONE', ( #363, #276, #710, #168, #803, #718, #964, #59, #1160, #1181, #173 ), #943, .F. ) ;
#440 = EDGE_LOOP ( 'NONE', ( #102, #1412 ) ) ;
#441 = CARTESIAN_POINT ( 'NONE',  ( -43.00000000000000000, 80.30000000000001137, 0.000000000000000000 ) ) ;
#442 = EDGE_CURVE ( 'NONE', #795, #6, #181, .T. ) ;
#443 = FACE_OUTER_BOUND ( 'NONE', #1221, .T. ) ;
#444 = DATE_TIME_ROLE ( 'creation_date' ) ;
#445 = EDGE_LOOP ( 'NONE', ( #34, #960, #553, #723 ) ) ;
#446 = PLANE ( 'NONE',  #19 ) ;
#447 = DIRECTION ( 'NONE',  ( 0.000000000000000000, 0.000000000000000000, 1.000000000000000000 ) ) ;
#448 = AXIS2_PLACEMENT_3D ( 'NONE', #499, #1153, #304 ) ;
#449 = LINE ( 'NONE', #221, #367 ) ;
#450 = PERSON_AND_ORGANIZATION ( #858, #870 ) ;
#451 = CIRCLE ( 'NONE', #90, 9.999999999999991118 ) ;
#452 = ORIENTED_EDGE ( 'NONE', *, *, #72, .T. ) ;
#453 = CARTESIAN_POINT ( 'NONE',  ( 0.000000000000000000, 4.000000000000003553, 4.000000000000000000 ) ) ;
#454 = DIRECTION ( 'NONE',  ( 1.000000000000000000, 0.000000000000000000, 0.000000000000000000 ) ) ;
#455 = DIRECTION ( 'NONE',  ( -1.000000000000000000, 0.000000000000000000, 0.000000000000000000 ) ) ;
#456 = CALENDAR_DATE ( 2026, 1, 7 ) ;
#457 = AXIS2_PLACEMENT_3D ( 'NONE', #603, #1027, #906 ) ;
#458 = ADVANCED_FACE ( 'NONE', ( #1155 ), #747, .F. ) ;
#459 = VECTOR ( 'NONE', #997, 1000.000000000000000 ) ;
#460 = ORIENTED_EDGE ( 'NONE', *, *, #133, .T. ) ;
#461 = AXIS2_PLACEMENT_3D ( 'NONE', #560, #1124, #679 ) ;
#462 = CC_DESIGN_PERSON_AND_ORGANIZATION_ASSIGNMENT ( #1374, #1183, ( #355 ) ) ;
#463 = FACE_BOUND ( 'NONE', #1352, .T. ) ;
#464 = CARTESIAN_POINT ( 'NONE',  ( -34.43499999999999517, 140.4999999999999716, 4.000000000000000000 ) ) ;
#465 = DIRECTION ( 'NONE',  ( -0.000000000000000000, 1.000000000000000000, 0.000000000000000000 ) ) ;
#466 = CARTESIAN_POINT ( 'NONE',  ( -7.000000000000006217, 80.30000000000001137, 4.000000000000000000 ) ) ;
#467 = VERTEX_POINT ( 'NONE', #1279 ) ;
#468 = CARTESIAN_POINT ( 'NONE',  ( -44.06499999999999062, 80.30000000000001137, 0.000000000000000000 ) ) ;
#469 = CARTESIAN_POINT ( 'NONE',  ( 0.000000000000000000, 146.0000000000000284, 4.000000000000000000 ) ) ;
#470 = EDGE_CURVE ( 'NONE', #6, #762, #7, .T. ) ;
#471 = CARTESIAN_POINT ( 'NONE',  ( -22.99999999999998579, 140.4999999999999716, 0.000000000000000000 ) ) ;
#472 = CYLINDRICAL_SURFACE ( 'NONE', #1216, 13.00000000000000000 ) ;
#473 = CIRCLE ( 'NONE', #299, 9.999999999999991118 ) ;
#474 = EDGE_LOOP ( 'NONE', ( #95, #580, #820, #866 ) ) ;
#475 = CARTESIAN_POINT ( 'NONE',  ( -35.49999999999999289, 109.4999999999999716, 9.000000000000001776 ) ) ;
#476 = DESIGN_CONTEXT ( 'detailed design', #17, 'design' ) ;
#477 = DIRECTION ( 'NONE',  ( 1.000000000000000000, 0.000000000000000000, 0.000000000000000000 ) ) ;
#478 = EDGE_CURVE ( 'NONE', #1157, #160, #667, .T. ) ;
#479 = FACE_OUTER_BOUND ( 'NONE', #277, .T. ) ;
#480 = ORIENTED_EDGE ( 'NONE', *, *, #415, .T. ) ;
#481 = CIRCLE ( 'NONE', #736, 1.064999999999996394 ) ;
#482 = ORIENTED_EDGE ( 'NONE', *, *, #1178, .T. ) ;
#483 = AXIS2_PLACEMENT_3D ( 'NONE', #971, #1212, #13 ) ;
#484 = CARTESIAN_POINT ( 'NONE',  ( -14.49999999999999467, 140.4999999999999716, 9.000000000000001776 ) ) ;
#485 = CARTESIAN_POINT ( 'NONE',  ( -19.99999999999999289, 60.30000000000000426, 0.000000000000000000 ) ) ;
#486 = EDGE_CURVE ( 'NONE', #11, #657, #921, .T. ) ;
#487 = DIRECTION ( 'NONE',  ( -0.000000000000000000, -0.000000000000000000, -1.000000000000000000 ) ) ;
#488 = ADVANCED_FACE ( 'NONE', ( #1048, #82 ), #67, .T. ) ;
#489 = VERTEX_POINT ( 'NONE', #514 ) ;
#490 = ADVANCED_FACE ( 'NONE', ( #957 ), #501, .T. ) ;
#491 = EDGE_LOOP ( 'NONE', ( #1296, #1267, #350, #716 ) ) ;
#492 = DIRECTION ( 'NONE',  ( 1.000000000000000000, 0.000000000000000000, 0.000000000000000000 ) ) ;
#493 = EDGE_LOOP ( 'NONE', ( #180, #424, #707, #209 ) ) ;
#494 = DIRECTION ( 'NONE',  ( 0.000000000000000000, 0.000000000000000000, 1.000000000000000000 ) ) ;
#495 = DIRECTION ( 'NONE',  ( -0.000000000000000000, -0.000000000000000000, 1.000000000000000000 ) ) ;
#496 = VERTEX_POINT ( 'NONE', #835 ) ;
#497 = AXIS2_PLACEMENT_3D ( 'NONE', #453, #1002, #575 ) ;
#498 = CARTESIAN_POINT ( 'NONE',  ( 0.000000000000000000, 0.000000000000000000, 0.000000000000000000 ) ) ;
#499 = CARTESIAN_POINT ( 'NONE',  ( -24.99999999999999645, 88.29999999999999716, 0.000000000000000000 ) ) ;
#500 = VERTEX_POINT ( 'NONE', #857 ) ;
#501 = CYLINDRICAL_SURFACE ( 'NONE', #877, 4.064999999999999503 ) ;
#502 = FACE_OUTER_BOUND ( 'NONE', #1159, .T. ) ;
#503 = EDGE_CURVE ( 'NONE', #1043, #61, #1371, .T. ) ;
#504 = ORIENTED_EDGE ( 'NONE', *, *, #830, .F. ) ;
#505 = CC_DESIGN_DATE_AND_TIME_ASSIGNMENT ( #229, #444, ( #355 ) ) ;
#506 = CIRCLE ( 'NONE', #1333, 13.00000000000000000 ) ;
#507 = CARTESIAN_POINT ( 'NONE',  ( -26.06500000000000128, 9.000000000000005329, 0.000000000000000000 ) ) ;
#508 = ORIENTED_EDGE ( 'NONE', *, *, #1040, .T. ) ;
#509 = CARTESIAN_POINT ( 'NONE',  ( 0.000000000000000000, 0.000000000000000000, 4.000000000000000000 ) ) ;
#510 = CARTESIAN_POINT ( 'NONE',  ( -13.43499999999999162, 109.4999999999999716, 9.000000000000001776 ) ) ;
#511 = VERTEX_POINT ( 'NONE', #311 ) ;
#512 = DIRECTION ( 'NONE',  ( -0.000000000000000000, -0.000000000000000000, -1.000000000000000000 ) ) ;
#513 = ORIENTED_EDGE ( 'NONE', *, *, #627, .F. ) ;
#514 = CARTESIAN_POINT ( 'NONE',  ( -13.43499999999999517, 140.4999999999999716, 9.000000000000001776 ) ) ;
#515 = PLANE ( 'NONE',  #1328 ) ;
#516 = VERTEX_POINT ( 'NONE', #935 ) ;
#517 = LINE ( 'NONE', #71, #43 ) ;
#518 = VECTOR ( 'NONE', #744, 1000.000000000000000 ) ;
#519 = EDGE_LOOP ( 'NONE', ( #1110, #1018, #834, #382 ) ) ;
#520 = DIRECTION ( 'NONE',  ( 1.000000000000000000, 0.000000000000000000, 0.000000000000000000 ) ) ;
#521 = ADVANCED_FACE ( 'NONE', ( #630 ), #388, .F. ) ;
#522 = CARTESIAN_POINT ( 'NONE',  ( -24.99999999999999645, 88.29999999999999716, 0.000000000000000000 ) ) ;
#523 = EDGE_LOOP ( 'NONE', ( #574, #1405 ) ) ;
#524 = DIRECTION ( 'NONE',  ( 0.000000000000000000, 0.000000000000000000, 1.000000000000000000 ) ) ;
#525 = CC_DESIGN_APPROVAL ( #911, ( #236 ) ) ;
#526 = ORIENTED_EDGE ( 'NONE', *, *, #85, .T. ) ;
#527 = DIRECTION ( 'NONE',  ( 1.000000000000000000, 6.938893903907224433E-16, 0.000000000000000000 ) ) ;
#528 = ADVANCED_FACE ( 'NONE', ( #623 ), #825, .F. ) ;
#529 = AXIS2_PLACEMENT_3D ( 'NONE', #441, #883, #1320 ) ;
#530 = DIRECTION ( 'NONE',  ( 1.000000000000000000, 0.000000000000000000, 0.000000000000000000 ) ) ;
#531 = MECHANICAL_CONTEXT ( 'NONE', #353, 'mechanical' ) ;
#532 = EDGE_LOOP ( 'NONE', ( #149, #812, #368, #290 ) ) ;
#533 = EDGE_CURVE ( 'NONE', #1282, #300, #308, .T. ) ;
#534 = LINE ( 'NONE', #232, #794 ) ;
#535 = ORIENTED_EDGE ( 'NONE', *, *, #242, .T. ) ;
#536 = CARTESIAN_POINT ( 'NONE',  ( 0.000000000000000000, 146.0000000000000284, 4.000000000000000000 ) ) ;
#537 = CARTESIAN_POINT ( 'NONE',  ( -10.00000000000000178, 60.30000000000000426, 0.000000000000000000 ) ) ;
#538 = APPROVAL ( #821, 'UNSPECIFIED' ) ;
#539 = CARTESIAN_POINT ( 'NONE',  ( -50.00000000000000000, 0.000000000000000000, 4.000000000000000000 ) ) ;
#540 = ORIENTED_EDGE ( 'NONE', *, *, #146, .T. ) ;
#541 = CARTESIAN_POINT ( 'NONE',  ( -39.56499999999999062, 109.4999999999999716, 9.000000000000001776 ) ) ;
#542 = DIRECTION ( 'NONE',  ( -1.000000000000000000, 0.000000000000000000, -0.000000000000000000 ) ) ;
#543 = DATE_AND_TIME ( #456, #1147 ) ;
#544 = EDGE_LOOP ( 'NONE', ( #1341, #1, #154, #1251 ) ) ;
#545 = DIRECTION ( 'NONE',  ( 0.000000000000000000, 0.000000000000000000, 1.000000000000000000 ) ) ;
#546 = AXIS2_PLACEMENT_3D ( 'NONE', #466, #907, #579 ) ;
#547 = ORIENTED_EDGE ( 'NONE', *, *, #128, .F. ) ;
#548 = CYLINDRICAL_SURFACE ( 'NONE', #529, 1.064999999999996394 ) ;
#549 = AXIS2_PLACEMENT_3D ( 'NONE', #782, #10, #765 ) ;
#550 = CIRCLE ( 'NONE', #946, 4.064999999999999503 ) ;
#551 = LINE ( 'NONE', #338, #597 ) ;
#552 = APPROVAL_DATE_TIME ( #1095, #1096 ) ;
#553 = ORIENTED_EDGE ( 'NONE', *, *, #640, .T. ) ;
#554 = DIRECTION ( 'NONE',  ( 1.000000000000000000, 0.000000000000000000, -0.000000000000000000 ) ) ;
#555 = DIRECTION ( 'NONE',  ( 1.000000000000000000, 0.000000000000000000, 0.000000000000000000 ) ) ;
#556 = CARTESIAN_POINT ( 'NONE',  ( -30.00000000000000355, 60.30000000000000426, 4.000000000000000000 ) ) ;
#557 = PERSON_AND_ORGANIZATION_ROLE ( 'classification_officer' ) ;
#558 = EDGE_LOOP ( 'NONE', ( #1068, #398 ) ) ;
#559 = CARTESIAN_POINT ( 'NONE',  ( -18.56499999999999062, 140.4999999999999716, 9.000000000000001776 ) ) ;
#560 = CARTESIAN_POINT ( 'NONE',  ( -35.49999999999999289, 109.4999999999999716, 9.000000000000001776 ) ) ;
#561 = EDGE_CURVE ( 'NONE', #1282, #160, #724, .T. ) ;
#562 = VECTOR ( 'NONE', #12, 1000.000000000000000 ) ;
#563 = ORIENTED_EDGE ( 'NONE', *, *, #1142, .F. ) ;
#564 = CARTESIAN_POINT ( 'NONE',  ( -34.43499999999999517, 109.4999999999999716, 9.000000000000001776 ) ) ;
#565 = PERSON_AND_ORGANIZATION ( #858, #870 ) ;
#566 = EDGE_CURVE ( 'NONE', #1092, #500, #740, .T. ) ;
#567 = VERTEX_POINT ( 'NONE', #536 ) ;
#568 = DIRECTION ( 'NONE',  ( -0.000000000000000000, -0.000000000000000000, 1.000000000000000000 ) ) ;
#569 = CARTESIAN_POINT ( 'NONE',  ( -7.000000000000006217, 80.30000000000001137, 4.000000000000000000 ) ) ;
#570 = DIRECTION ( 'NONE',  ( -1.000000000000000000, 0.000000000000000000, 0.000000000000000000 ) ) ;
#571 = CIRCLE ( 'NONE', #1287, 9.999999999999994671 ) ;
#572 = CARTESIAN_POINT ( 'NONE',  ( -24.99999999999999645, 88.29999999999999716, 0.000000000000000000 ) ) ;
#573 = VECTOR ( 'NONE', #38, 1000.000000000000000 ) ;
#574 = ORIENTED_EDGE ( 'NONE', *, *, #239, .T. ) ;
#575 = DIRECTION ( 'NONE',  ( 1.000000000000000000, 0.000000000000000000, 0.000000000000000000 ) ) ;
#576 = ADVANCED_FACE ( 'NONE', ( #977 ), #336, .T. ) ;
#577 = DIRECTION ( 'NONE',  ( -0.000000000000000000, -0.000000000000000000, 1.000000000000000000 ) ) ;
#578 = DIRECTION ( 'NONE',  ( -0.000000000000000000, -0.000000000000000000, -1.000000000000000000 ) ) ;
#579 = DIRECTION ( 'NONE',  ( 1.000000000000000000, 0.000000000000000000, 0.000000000000000000 ) ) ;
#580 = ORIENTED_EDGE ( 'NONE', *, *, #375, .T. ) ;
#581 = CARTESIAN_POINT ( 'NONE',  ( -24.99999999999998934, 140.4999999999999716, 0.000000000000000000 ) ) ;
#582 = EDGE_CURVE ( 'NONE', #467, #1244, #754, .T. ) ;
#583 = DIRECTION ( 'NONE',  ( 0.000000000000000000, 0.000000000000000000, 1.000000000000000000 ) ) ;
#584 = CARTESIAN_POINT ( 'NONE',  ( -18.56499999999999062, 140.4999999999999716, 9.000000000000001776 ) ) ;
#585 = DIRECTION ( 'NONE',  ( -0.000000000000000000, -0.000000000000000000, 1.000000000000000000 ) ) ;
#586 = CIRCLE ( 'NONE', #358, 1.064999999999998170 ) ;
#587 = ORIENTED_EDGE ( 'NONE', *, *, #148, .T. ) ;
#588 = EDGE_CURVE ( 'NONE', #1378, #1195, #343, .T. ) ;
#589 = DIRECTION ( 'NONE',  ( 0.000000000000000000, 0.000000000000000000, 1.000000000000000000 ) ) ;
#590 = DIRECTION ( 'NONE',  ( 0.000000000000000000, 0.000000000000000000, 1.000000000000000000 ) ) ;
#591 = ADVANCED_FACE ( 'NONE', ( #220 ), #1316, .F. ) ;
#592 = DIRECTION ( 'NONE',  ( -0.000000000000000000, -0.000000000000000000, 1.000000000000000000 ) ) ;
#593 = EDGE_CURVE ( 'NONE', #489, #709, #233, .T. ) ;
#594 = CIRCLE ( 'NONE', #546, 1.065000000000001723 ) ;
#595 = DIRECTION ( 'NONE',  ( 0.000000000000000000, 0.000000000000000000, 1.000000000000000000 ) ) ;
#596 = CC_DESIGN_SECURITY_CLASSIFICATION ( #1330, ( #236 ) ) ;
#597 = VECTOR ( 'NONE', #1094, 1000.000000000000000 ) ;
#598 = ORIENTED_EDGE ( 'NONE', *, *, #941, .F. ) ;
#599 = AXIS2_PLACEMENT_3D ( 'NONE', #413, #1056, #609 ) ;
#600 = DIRECTION ( 'NONE',  ( -0.000000000000000000, -0.000000000000000000, -1.000000000000000000 ) ) ;
#601 = CARTESIAN_POINT ( 'NONE',  ( -14.49999999999999467, 109.4999999999999716, 9.000000000000001776 ) ) ;
#602 = VERTEX_POINT ( 'NONE', #984 ) ;
#603 = CARTESIAN_POINT ( 'NONE',  ( -35.49999999999999289, 140.4999999999999716, 9.000000000000001776 ) ) ;
#604 = LINE ( 'NONE', #1140, #851 ) ;
#605 = ORIENTED_EDGE ( 'NONE', *, *, #853, .T. ) ;
#606 = CALENDAR_DATE ( 2026, 1, 7 ) ;
#607 = CYLINDRICAL_SURFACE ( 'NONE', #448, 13.00000000000000000 ) ;
#608 = ORIENTED_EDGE ( 'NONE', *, *, #333, .T. ) ;
#609 = DIRECTION ( 'NONE',  ( -1.000000000000000000, 0.000000000000000000, 0.000000000000000000 ) ) ;
#610 = EDGE_CURVE ( 'NONE', #511, #1055, #1289, .T. ) ;
#611 = CARTESIAN_POINT ( 'NONE',  ( -35.49999999999999289, 140.4999999999999716, 9.000000000000001776 ) ) ;
#612 = ORIENTED_EDGE ( 'NONE', *, *, #1403, .F. ) ;
#613 = DIRECTION ( 'NONE',  ( 0.000000000000000000, 0.000000000000000000, 1.000000000000000000 ) ) ;
#614 = AXIS2_PLACEMENT_3D ( 'NONE', #29, #1345, #1029 ) ;
#615 = CARTESIAN_POINT ( 'NONE',  ( -15.56499999999999240, 140.4999999999999716, 9.000000000000001776 ) ) ;
#616 = ORIENTED_EDGE ( 'NONE', *, *, #561, .F. ) ;
#617 = DIRECTION ( 'NONE',  ( -0.000000000000000000, -0.000000000000000000, -1.000000000000000000 ) ) ;
#618 = DIRECTION ( 'NONE',  ( 1.000000000000000000, 0.000000000000000000, 0.000000000000000000 ) ) ;
#619 = AXIS2_PLACEMENT_3D ( 'NONE', #837, #302, #734 ) ;
#620 = AXIS2_PLACEMENT_3D ( 'NONE', #1085, #1076, #555 ) ;
#621 = DIRECTION ( 'NONE',  ( -1.000000000000000000, 0.000000000000000000, 0.000000000000000000 ) ) ;
#622 = ORIENTED_EDGE ( 'NONE', *, *, #1161, .F. ) ;
#623 = FACE_OUTER_BOUND ( 'NONE', #1249, .T. ) ;
#624 = FACE_BOUND ( 'NONE', #523, .T. ) ;
#625 = VERTEX_POINT ( 'NONE', #432 ) ;
#626 = CC_DESIGN_PERSON_AND_ORGANIZATION_ASSIGNMENT ( #450, #766, ( #236 ) ) ;
#627 = EDGE_CURVE ( 'NONE', #602, #120, #737, .T. ) ;
#628 = DIRECTION ( 'NONE',  ( 1.000000000000000000, 6.938893903907224433E-16, 0.000000000000000000 ) ) ;
#629 = VERTEX_POINT ( 'NONE', #1219 ) ;
#630 = FACE_OUTER_BOUND ( 'NONE', #532, .T. ) ;
#631 = DIRECTION ( 'NONE',  ( 0.000000000000000000, 0.000000000000000000, 1.000000000000000000 ) ) ;
#632 = VERTEX_POINT ( 'NONE', #872 ) ;
#633 = VECTOR ( 'NONE', #1031, 1000.000000000000000 ) ;
#634 = EDGE_CURVE ( 'NONE', #219, #1378, #346, .T. ) ;
#635 = FACE_OUTER_BOUND ( 'NONE', #1205, .T. ) ;
#636 = AXIS2_PLACEMENT_3D ( 'NONE', #1111, #785, #1222 ) ;
#637 = ORIENTED_EDGE ( 'NONE', *, *, #996, .T. ) ;
#638 = CARTESIAN_POINT ( 'NONE',  ( -35.49999999999999289, 109.4999999999999716, 9.000000000000001776 ) ) ;
#639 = CARTESIAN_POINT ( 'NONE',  ( -19.99999999999999289, 70.29999999999999716, 0.000000000000000000 ) ) ;
#640 = EDGE_CURVE ( 'NONE', #1006, #516, #1404, .T. ) ;
#641 = VERTEX_POINT ( 'NONE', #1307 ) ;
#642 = AXIS2_PLACEMENT_3D ( 'NONE', #263, #1131, #455 ) ;
#643 = DIRECTION ( 'NONE',  ( 0.000000000000000000, 0.000000000000000000, -1.000000000000000000 ) ) ;
#644 = CIRCLE ( 'NONE', #1125, 13.00000000000000000 ) ;
#645 = ORIENTED_EDGE ( 'NONE', *, *, #423, .T. ) ;
#646 = CARTESIAN_POINT ( 'NONE',  ( -30.00000000000000355, 70.29999999999999716, 4.000000000000000000 ) ) ;
#647 = CIRCLE ( 'NONE', #461, 4.064999999999999503 ) ;
#648 = CYLINDRICAL_SURFACE ( 'NONE', #549, 1.065000000000001723 ) ;
#649 = CARTESIAN_POINT ( 'NONE',  ( -50.00000000000000000, 4.000000000000003553, 4.000000000000000000 ) ) ;
#650 = EDGE_LOOP ( 'NONE', ( #838, #713, #1327, #772, #1000 ) ) ;
#651 = LINE ( 'NONE', #1198, #888 ) ;
#652 = ORIENTED_EDGE ( 'NONE', *, *, #1298, .T. ) ;
#653 = DIRECTION ( 'NONE',  ( -0.000000000000000000, -0.000000000000000000, 1.000000000000000000 ) ) ;
#654 = ADVANCED_FACE ( 'NONE', ( #421 ), #1103, .F. ) ;
#655 = DIRECTION ( 'NONE',  ( 0.000000000000000000, 0.000000000000000000, 1.000000000000000000 ) ) ;
#656 = APPROVAL_STATUS ( 'not_yet_approved' ) ;
#657 = VERTEX_POINT ( 'NONE', #541 ) ;
#658 = CARTESIAN_POINT ( 'NONE',  ( 0.000000000000000000, 0.000000000000000000, 4.000000000000000000 ) ) ;
#659 = EDGE_LOOP ( 'NONE', ( #114, #942 ) ) ;
#660 = DIRECTION ( 'NONE',  ( 6.938893903907224433E-16, -1.000000000000000000, 0.000000000000000000 ) ) ;
#661 = CARTESIAN_POINT ( 'NONE',  ( -13.43499999999999162, 109.4999999999999716, 4.000000000000000000 ) ) ;
#662 = PERSON_AND_ORGANIZATION ( #858, #870 ) ;
#663 = CARTESIAN_POINT ( 'NONE',  ( -19.99999999999999289, 60.30000000000000426, 4.000000000000000000 ) ) ;
#664 = DIRECTION ( 'NONE',  ( -1.000000000000000000, 0.000000000000000000, 0.000000000000000000 ) ) ;
#665 = LOCAL_TIME ( 12, 54, 15.00000000000000000, #1202 ) ;
#666 = AXIS2_PLACEMENT_3D ( 'NONE', #843, #953, #410 ) ;
#667 = CIRCLE ( 'NONE', #325, 1.064999999999996394 ) ;
#668 = CARTESIAN_POINT ( 'NONE',  ( -26.99999999999999645, 140.4999999999999716, 4.000000000000000000 ) ) ;
#669 = EDGE_LOOP ( 'NONE', ( #841, #69, #306, #23 ) ) ;
#670 = EDGE_CURVE ( 'NONE', #762, #6, #761, .T. ) ;
#671 = DIRECTION ( 'NONE',  ( -0.000000000000000000, -0.000000000000000000, -1.000000000000000000 ) ) ;
#672 = CARTESIAN_POINT ( 'NONE',  ( -10.43499999999999517, 140.4999999999999716, 9.000000000000001776 ) ) ;
#673 = EDGE_CURVE ( 'NONE', #1075, #749, #550, .T. ) ;
#674 = DIRECTION ( 'NONE',  ( -0.000000000000000000, -0.000000000000000000, -1.000000000000000000 ) ) ;
#675 = CALENDAR_DATE ( 2026, 1, 7 ) ;
#676 = ORIENTED_EDGE ( 'NONE', *, *, #819, .F. ) ;
#677 = LINE ( 'NONE', #1115, #251 ) ;
#678 = EDGE_CURVE ( 'NONE', #1120, #496, #240, .T. ) ;
#679 = DIRECTION ( 'NONE',  ( 1.000000000000000000, 0.000000000000000000, 0.000000000000000000 ) ) ;
#680 = CIRCLE ( 'NONE', #868, 1.064999999999999947 ) ;
#681 = DIRECTION ( 'NONE',  ( 0.000000000000000000, 0.000000000000000000, 1.000000000000000000 ) ) ;
#682 = AXIS2_PLACEMENT_3D ( 'NONE', #1383, #70, #319 ) ;
#683 = CARTESIAN_POINT ( 'NONE',  ( -14.49999999999999467, 140.4999999999999716, 4.000000000000000000 ) ) ;
#684 = ORIENTED_EDGE ( 'NONE', *, *, #1086, .T. ) ;
#685 = CARTESIAN_POINT ( 'NONE',  ( -34.43499999999999517, 140.4999999999999716, 9.000000000000001776 ) ) ;
#686 = DIRECTION ( 'NONE',  ( 0.000000000000000000, 0.000000000000000000, 1.000000000000000000 ) ) ;
#687 = ORIENTED_EDGE ( 'NONE', *, *, #998, .T. ) ;
#688 = CARTESIAN_POINT ( 'NONE',  ( -19.99999999999999645, 50.30000000000001137, 4.000000000000000000 ) ) ;
#689 = APPROVAL_PERSON_ORGANIZATION ( #235, #911, #126 ) ;
#690 = VECTOR ( 'NONE', #152, 1000.000000000000000 ) ;
#691 = APPROVAL_PERSON_ORGANIZATION ( #839, #538, #1152 ) ;
#692 = CIRCLE ( 'NONE', #76, 2.000000000000005329 ) ;
#693 = FACE_OUTER_BOUND ( 'NONE', #493, .T. ) ;
#694 = ORIENTED_EDGE ( 'NONE', *, *, #92, .F. ) ;
#695 = CYLINDRICAL_SURFACE ( 'NONE', #614, 4.064999999999999503 ) ;
#696 = CARTESIAN_POINT ( 'NONE',  ( -22.99999999999998579, 140.4999999999999716, 0.000000000000000000 ) ) ;
#697 = FACE_OUTER_BOUND ( 'NONE', #954, .T. ) ;
#698 = EDGE_CURVE ( 'NONE', #824, #629, #779, .T. ) ;
#699 = ORIENTED_EDGE ( 'NONE', *, *, #566, .F. ) ;
#700 = ADVANCED_FACE ( 'NONE', ( #227 ), #548, .F. ) ;
#701 = VERTEX_POINT ( 'NONE', #774 ) ;
#702 = CARTESIAN_POINT ( 'NONE',  ( 0.000000000000000000, 0.000000000000000000, 4.000000000000000000 ) ) ;
#703 = CARTESIAN_POINT ( 'NONE',  ( -30.00000000000000355, 50.30000000000001137, 0.000000000000000000 ) ) ;
#704 = CARTESIAN_POINT ( 'NONE',  ( -14.49999999999999467, 109.4999999999999716, 9.000000000000001776 ) ) ;
#705 = EDGE_LOOP ( 'NONE', ( #963, #1208, #265, #1366 ) ) ;
#706 = CIRCLE ( 'NONE', #1255, 4.065000000000003944 ) ;
#707 = ORIENTED_EDGE ( 'NONE', *, *, #936, .T. ) ;
#708 = DIRECTION ( 'NONE',  ( -0.000000000000000000, -0.000000000000000000, -1.000000000000000000 ) ) ;
#709 = VERTEX_POINT ( 'NONE', #1108 ) ;
#710 = FACE_BOUND ( 'NONE', #429, .T. ) ;
#711 = ORIENTED_EDGE ( 'NONE', *, *, #1136, .F. ) ;
#712 = AXIS2_PLACEMENT_3D ( 'NONE', #797, #1021, #900 ) ;
#713 = ORIENTED_EDGE ( 'NONE', *, *, #566, .T. ) ;
#714 = AXIS2_PLACEMENT_3D ( 'NONE', #45, #681, #1139 ) ;
#715 = FACE_OUTER_BOUND ( 'NONE', #1290, .T. ) ;
#716 = ORIENTED_EDGE ( 'NONE', *, *, #14, .F. ) ;
#717 = EDGE_CURVE ( 'NONE', #1244, #417, #506, .T. ) ;
#718 = FACE_BOUND ( 'NONE', #827, .T. ) ;
#719 = DIRECTION ( 'NONE',  ( 0.000000000000000000, 0.000000000000000000, 1.000000000000000000 ) ) ;
#720 = ORIENTED_EDGE ( 'NONE', *, *, #787, .T. ) ;
#721 =( LENGTH_UNIT ( ) NAMED_UNIT ( * ) SI_UNIT ( .MILLI., .METRE. ) );
#722 = DIRECTION ( 'NONE',  ( 0.000000000000000000, 0.000000000000000000, 1.000000000000000000 ) ) ;
#723 = ORIENTED_EDGE ( 'NONE', *, *, #1286, .F. ) ;
#724 = LINE ( 'NONE', #287, #854 ) ;
#725 = DIRECTION ( 'NONE',  ( 1.000000000000000000, 0.000000000000000000, 0.000000000000000000 ) ) ;
#726 = VERTEX_POINT ( 'NONE', #1334 ) ;
#727 = VECTOR ( 'NONE', #1137, 1000.000000000000000 ) ;
#728 = DIRECTION ( 'NONE',  ( 1.000000000000000000, 0.000000000000000000, 0.000000000000000000 ) ) ;
#729 = CIRCLE ( 'NONE', #682, 2.000000000000005329 ) ;
#730 = LINE ( 'NONE', #393, #1280 ) ;
#731 = ORIENTED_EDGE ( 'NONE', *, *, #88, .T. ) ;
#732 = DIRECTION ( 'NONE',  ( 0.000000000000000000, 0.000000000000000000, -1.000000000000000000 ) ) ;
#733 = EDGE_CURVE ( 'NONE', #749, #1075, #898, .T. ) ;
#734 = DIRECTION ( 'NONE',  ( 1.000000000000000000, 0.000000000000000000, 0.000000000000000000 ) ) ;
#735 = EDGE_LOOP ( 'NONE', ( #811, #296, #739, #116 ) ) ;
#736 = AXIS2_PLACEMENT_3D ( 'NONE', #404, #741, #1156 ) ;
#737 = CIRCLE ( 'NONE', #1356, 4.065000000000003944 ) ;
#738 = DIRECTION ( 'NONE',  ( 0.000000000000000000, 0.000000000000000000, 1.000000000000000000 ) ) ;
#739 = ORIENTED_EDGE ( 'NONE', *, *, #208, .T. ) ;
#740 = LINE ( 'NONE', #991, #369 ) ;
#741 = DIRECTION ( 'NONE',  ( 0.000000000000000000, 0.000000000000000000, 1.000000000000000000 ) ) ;
#742 = EDGE_CURVE ( 'NONE', #1102, #467, #644, .T. ) ;
#743 = VERTEX_POINT ( 'NONE', #809 ) ;
#744 = DIRECTION ( 'NONE',  ( 1.000000000000000000, -0.000000000000000000, -0.000000000000000000 ) ) ;
#745 = EDGE_CURVE ( 'NONE', #340, #641, #1246, .T. ) ;
#746 = VERTEX_POINT ( 'NONE', #262 ) ;
#747 = PLANE ( 'NONE',  #599 ) ;
#748 = DIRECTION ( 'NONE',  ( 0.000000000000000000, 0.000000000000000000, 1.000000000000000000 ) ) ;
#749 = VERTEX_POINT ( 'NONE', #129 ) ;
#750 = CIRCLE ( 'NONE', #134, 1.065000000000001723 ) ;
#751 = CARTESIAN_POINT ( 'NONE',  ( -30.00000000000000355, 50.30000000000001137, 4.000000000000000000 ) ) ;
#752 = VECTOR ( 'NONE', #1362, 1000.000000000000000 ) ;
#753 = ORIENTED_EDGE ( 'NONE', *, *, #133, .F. ) ;
#754 = LINE ( 'NONE', #1200, #459 ) ;
#755 = DIRECTION ( 'NONE',  ( 0.000000000000000000, 0.000000000000000000, 1.000000000000000000 ) ) ;
#756 = CYLINDRICAL_SURFACE ( 'NONE', #1051, 1.064999999999998170 ) ;
#757 = ORIENTED_EDGE ( 'NONE', *, *, #208, .F. ) ;
#758 = AXIS2_PLACEMENT_3D ( 'NONE', #1416, #1113, #542 ) ;
#759 = LINE ( 'NONE', #1100, #1254 ) ;
#760 = EDGE_CURVE ( 'NONE', #980, #340, #692, .T. ) ;
#761 = CIRCLE ( 'NONE', #142, 1.064999999999996394 ) ;
#762 = VERTEX_POINT ( 'NONE', #464 ) ;
#763 = DIRECTION ( 'NONE',  ( -0.000000000000000000, -0.000000000000000000, 1.000000000000000000 ) ) ;
#764 = ADVANCED_FACE ( 'NONE', ( #50 ), #802, .F. ) ;
#765 = DIRECTION ( 'NONE',  ( 1.000000000000000000, 0.000000000000000000, 0.000000000000000000 ) ) ;
#766 = PERSON_AND_ORGANIZATION_ROLE ( 'creator' ) ;
#767 = VERTEX_POINT ( 'NONE', #672 ) ;
#768 = DIRECTION ( 'NONE',  ( -0.000000000000000000, -1.000000000000000000, -0.000000000000000000 ) ) ;
#769 = ORIENTED_EDGE ( 'NONE', *, *, #1061, .T. ) ;
#770 = DIRECTION ( 'NONE',  ( -1.000000000000000000, 0.000000000000000000, 0.000000000000000000 ) ) ;
#771 = DIRECTION ( 'NONE',  ( 1.000000000000000000, 0.000000000000000000, 0.000000000000000000 ) ) ;
#772 = ORIENTED_EDGE ( 'NONE', *, *, #950, .T. ) ;
#773 = LINE ( 'NONE', #1204, #817 ) ;
#774 = CARTESIAN_POINT ( 'NONE',  ( -34.43499999999999517, 109.4999999999999716, 9.000000000000001776 ) ) ;
#775 = VECTOR ( 'NONE', #512, 1000.000000000000000 ) ;
#776 = CARTESIAN_POINT ( 'NONE',  ( -41.93500000000000227, 80.30000000000001137, 0.000000000000000000 ) ) ;
#777 = ORIENTED_EDGE ( 'NONE', *, *, #1178, .F. ) ;
#778 = CARTESIAN_POINT ( 'NONE',  ( -8.065000000000008384, 80.30000000000001137, 0.000000000000000000 ) ) ;
#779 = LINE ( 'NONE', #111, #414 ) ;
#780 = VECTOR ( 'NONE', #436, 1000.000000000000000 ) ;
#781 = AXIS2_PLACEMENT_3D ( 'NONE', #1285, #1273, #75 ) ;
#782 = CARTESIAN_POINT ( 'NONE',  ( -7.000000000000006217, 80.30000000000001137, 0.000000000000000000 ) ) ;
#783 = ORIENTED_EDGE ( 'NONE', *, *, #30, .T. ) ;
#784 = EDGE_CURVE ( 'NONE', #500, #286, #435, .T. ) ;
#785 = DIRECTION ( 'NONE',  ( -0.000000000000000000, -0.000000000000000000, -1.000000000000000000 ) ) ;
#786 = LINE ( 'NONE', #371, #633 ) ;
#787 = EDGE_CURVE ( 'NONE', #657, #11, #647, .T. ) ;
#788 = FACE_OUTER_BOUND ( 'NONE', #892, .T. ) ;
#789 = SECURITY_CLASSIFICATION_LEVEL ( 'unclassified' ) ;
#790 = ORIENTED_EDGE ( 'NONE', *, *, #627, .T. ) ;
#791 = EDGE_LOOP ( 'NONE', ( #926, #1396, #711, #74 ) ) ;
#792 = FACE_OUTER_BOUND ( 'NONE', #183, .T. ) ;
#793 = CARTESIAN_POINT ( 'NONE',  ( -24.99999999999998934, 140.4999999999999716, 0.000000000000000000 ) ) ;
#794 = VECTOR ( 'NONE', #419, 1000.000000000000000 ) ;
#795 = VERTEX_POINT ( 'NONE', #254 ) ;
#796 = EDGE_CURVE ( 'NONE', #567, #726, #814, .T. ) ;
#797 = CARTESIAN_POINT ( 'NONE',  ( -24.99999999999998934, 140.4999999999999716, 4.000000000000000000 ) ) ;
#798 = CIRCLE ( 'NONE', #427, 1.064999999999996394 ) ;
#799 = ORIENTED_EDGE ( 'NONE', *, *, #1193, .T. ) ;
#800 = ORIENTED_EDGE ( 'NONE', *, *, #1406, .T. ) ;
#801 = FACE_OUTER_BOUND ( 'NONE', #1382, .T. ) ;
#802 = CYLINDRICAL_SURFACE ( 'NONE', #216, 9.999999999999991118 ) ;
#803 = FACE_BOUND ( 'NONE', #303, .T. ) ;
#804 = CIRCLE ( 'NONE', #5, 1.064999999999996394 ) ;
#805 = AXIS2_PLACEMENT_3D ( 'NONE', #301, #409, #1069 ) ;
#806 = DIRECTION ( 'NONE',  ( -1.000000000000000000, 0.000000000000000000, 0.000000000000000000 ) ) ;
#807 = ORIENTED_EDGE ( 'NONE', *, *, #849, .T. ) ;
#808 = CARTESIAN_POINT ( 'NONE',  ( -5.935000000000004938, 80.30000000000001137, 0.000000000000000000 ) ) ;
#809 = CARTESIAN_POINT ( 'NONE',  ( -39.56499999999999062, 140.4999999999999716, 9.000000000000001776 ) ) ;
#810 = CYLINDRICAL_SURFACE ( 'NONE', #434, 1.064999999999998170 ) ;
#811 = ORIENTED_EDGE ( 'NONE', *, *, #1349, .F. ) ;
#812 = ORIENTED_EDGE ( 'NONE', *, *, #610, .F. ) ;
#813 = CARTESIAN_POINT ( 'NONE',  ( -8.065000000000008384, 80.30000000000001137, 0.000000000000000000 ) ) ;
#814 = LINE ( 'NONE', #469, #573 ) ;
#815 = ORIENTED_EDGE ( 'NONE', *, *, #936, .F. ) ;
#816 = DIRECTION ( 'NONE',  ( -1.000000000000000000, 0.000000000000000000, 0.000000000000000000 ) ) ;
#817 = VECTOR ( 'NONE', #94, 1000.000000000000000 ) ;
#818 = ORIENTED_EDGE ( 'NONE', *, *, #760, .T. ) ;
#819 = EDGE_CURVE ( 'NONE', #1336, #1318, #394, .T. ) ;
#820 = ORIENTED_EDGE ( 'NONE', *, *, #1403, .T. ) ;
#821 = APPROVAL_STATUS ( 'not_yet_approved' ) ;
#822 = EDGE_CURVE ( 'NONE', #795, #1235, #1082, .T. ) ;
#823 = CARTESIAN_POINT ( 'NONE',  ( -14.49999999999999467, 109.4999999999999716, 9.000000000000001776 ) ) ;
#824 = VERTEX_POINT ( 'NONE', #137 ) ;
#825 = PLANE ( 'NONE',  #1013 ) ;
#826 = VECTOR ( 'NONE', #674, 1000.000000000000000 ) ;
#827 = EDGE_LOOP ( 'NONE', ( #1008, #84 ) ) ;
#828 = AXIS2_PLACEMENT_3D ( 'NONE', #913, #158, #1146 ) ;
#829 = EDGE_LOOP ( 'NONE', ( #860, #605, #357, #193 ) ) ;
#830 = EDGE_CURVE ( 'NONE', #496, #1120, #284, .T. ) ;
#831 = CIRCLE ( 'NONE', #981, 1.065000000000001723 ) ;
#832 = FACE_OUTER_BOUND ( 'NONE', #491, .T. ) ;
#833 = CARTESIAN_POINT ( 'NONE',  ( -36.56499999999998352, 109.4999999999999716, 9.000000000000001776 ) ) ;
#834 = ORIENTED_EDGE ( 'NONE', *, *, #634, .T. ) ;
#835 = CARTESIAN_POINT ( 'NONE',  ( -31.43499999999999162, 109.4999999999999716, 4.000000000000000000 ) ) ;
#836 = EDGE_CURVE ( 'NONE', #632, #1037, #831, .T. ) ;
#837 = CARTESIAN_POINT ( 'NONE',  ( -24.99999999999999645, 88.29999999999999716, 4.000000000000000000 ) ) ;
#838 = ORIENTED_EDGE ( 'NONE', *, *, #184, .T. ) ;
#839 = PERSON_AND_ORGANIZATION ( #858, #870 ) ;
#840 = CARTESIAN_POINT ( 'NONE',  ( -34.43499999999999517, 140.4999999999999716, 9.000000000000001776 ) ) ;
#841 = ORIENTED_EDGE ( 'NONE', *, *, #415, .F. ) ;
#842 = DIRECTION ( 'NONE',  ( -0.000000000000000000, -0.000000000000000000, 1.000000000000000000 ) ) ;
#843 = CARTESIAN_POINT ( 'NONE',  ( -14.49999999999999467, 109.4999999999999716, 9.000000000000001776 ) ) ;
#844 = ORIENTED_EDGE ( 'NONE', *, *, #698, .T. ) ;
#845 = CIRCLE ( 'NONE', #1026, 4.065000000000003944 ) ;
#846 = DIRECTION ( 'NONE',  ( -1.000000000000000000, 0.000000000000000000, 0.000000000000000000 ) ) ;
#847 = ORIENTED_EDGE ( 'NONE', *, *, #146, .F. ) ;
#848 = DIRECTION ( 'NONE',  ( 1.000000000000000000, 0.000000000000000000, 0.000000000000000000 ) ) ;
#849 = EDGE_CURVE ( 'NONE', #500, #395, #786, .T. ) ;
#850 = DIRECTION ( 'NONE',  ( -0.000000000000000000, -0.000000000000000000, 1.000000000000000000 ) ) ;
#851 = VECTOR ( 'NONE', #495, 1000.000000000000000 ) ;
#852 = ORIENTED_EDGE ( 'NONE', *, *, #733, .F. ) ;
#853 = EDGE_CURVE ( 'NONE', #726, #629, #267, .T. ) ;
#854 = VECTOR ( 'NONE', #842, 1000.000000000000000 ) ;
#855 = CARTESIAN_POINT ( 'NONE',  ( -18.56499999999999062, 140.4999999999999716, 4.000000000000000000 ) ) ;
#856 = EDGE_LOOP ( 'NONE', ( #720, #26 ) ) ;
#857 = CARTESIAN_POINT ( 'NONE',  ( -19.99999999999999645, 50.30000000000001847, 0.000000000000000000 ) ) ;
#858 = PERSON ( 'UNSPECIFIED', 'UNSPECIFIED', 'UNSPECIFIED', ('UNSPECIFIED'), ('UNSPECIFIED'), ('UNSPECIFIED') ) ;
#859 = DIRECTION ( 'NONE',  ( -0.000000000000000000, -0.000000000000000000, 1.000000000000000000 ) ) ;
#860 = ORIENTED_EDGE ( 'NONE', *, *, #1193, .F. ) ;
#861 = LINE ( 'NONE', #1107, #1418 ) ;
#862 = ORIENTED_EDGE ( 'NONE', *, *, #327, .F. ) ;
#863 = CARTESIAN_POINT ( 'NONE',  ( -35.49999999999999289, 140.4999999999999716, 4.000000000000000000 ) ) ;
#864 = PLANE ( 'NONE',  #944 ) ;
#865 = LINE ( 'NONE', #1268, #752 ) ;
#866 = ORIENTED_EDGE ( 'NONE', *, *, #745, .F. ) ;
#867 = EDGE_CURVE ( 'NONE', #1092, #1199, #32, .T. ) ;
#868 = AXIS2_PLACEMENT_3D ( 'NONE', #20, #589, #1245 ) ;
#869 = PLANE ( 'NONE',  #383 ) ;
#870 = ORGANIZATION ( 'UNSPECIFIED', 'UNSPECIFIED', '' ) ;
#871 = ADVANCED_FACE ( 'NONE', ( #925 ), #1339, .F. ) ;
#872 = CARTESIAN_POINT ( 'NONE',  ( -8.065000000000008384, 80.30000000000001137, 4.000000000000000000 ) ) ;
#873 = FACE_BOUND ( 'NONE', #66, .T. ) ;
#874 = ORIENTED_EDGE ( 'NONE', *, *, #1349, .T. ) ;
#875 = AXIS2_PLACEMENT_3D ( 'NONE', #91, #972, #1288 ) ;
#876 = CARTESIAN_POINT ( 'NONE',  ( -10.00000000000000178, 60.30000000000000426, 0.000000000000000000 ) ) ;
#877 = AXIS2_PLACEMENT_3D ( 'NONE', #1399, #1379, #396 ) ;
#878 = ORIENTED_EDGE ( 'NONE', *, *, #242, .F. ) ;
#879 = DIRECTION ( 'NONE',  ( -1.000000000000000000, -0.000000000000000000, -0.000000000000000000 ) ) ;
#880 = CARTESIAN_POINT ( 'NONE',  ( -14.49999999999999467, 109.4999999999999716, 4.000000000000000000 ) ) ;
#881 = ORIENTED_EDGE ( 'NONE', *, *, #717, .F. ) ;
#882 = LINE ( 'NONE', #1421, #518 ) ;
#883 = DIRECTION ( 'NONE',  ( -0.000000000000000000, -0.000000000000000000, 1.000000000000000000 ) ) ;
#884 = DIRECTION ( 'NONE',  ( -0.000000000000000000, -0.000000000000000000, -1.000000000000000000 ) ) ;
#885 = ADVANCED_FACE ( 'NONE', ( #354 ), #1277, .T. ) ;
#886 = PLANE ( 'NONE',  #179 ) ;
#887 = DIRECTION ( 'NONE',  ( -1.000000000000000000, 0.000000000000000000, 0.000000000000000000 ) ) ;
#888 = VECTOR ( 'NONE', #768, 1000.000000000000000 ) ;
#889 = EDGE_CURVE ( 'NONE', #1199, #395, #730, .T. ) ;
#890 = CARTESIAN_POINT ( 'NONE',  ( -43.00000000000000000, 80.30000000000001137, 0.000000000000000000 ) ) ;
#891 = APPROVAL_DATE_TIME ( #543, #911 ) ;
#892 = EDGE_LOOP ( 'NONE', ( #231, #482, #1052, #1189 ) ) ;
#893 = EDGE_CURVE ( 'NONE', #905, #1391, #185, .T. ) ;
#894 = CYLINDRICAL_SURFACE ( 'NONE', #359, 2.000000000000005329 ) ;
#895 = ADVANCED_FACE ( 'NONE', ( #1039 ), #607, .F. ) ;
#896 = AXIS2_PLACEMENT_3D ( 'NONE', #890, #118, #771 ) ;
#897 = DIRECTION ( 'NONE',  ( -0.000000000000000000, -0.000000000000000000, 1.000000000000000000 ) ) ;
#898 = CIRCLE ( 'NONE', #28, 4.064999999999999503 ) ;
#899 = VECTOR ( 'NONE', #1392, 1000.000000000000000 ) ;
#900 = DIRECTION ( 'NONE',  ( 1.000000000000000000, 0.000000000000000000, 0.000000000000000000 ) ) ;
#901 = APPROVAL_ROLE ( '' ) ;
#902 = ORIENTED_EDGE ( 'NONE', *, *, #593, .T. ) ;
#903 = DIRECTION ( 'NONE',  ( 1.000000000000000000, 0.000000000000000000, -0.000000000000000000 ) ) ;
#904 = DIRECTION ( 'NONE',  ( 1.000000000000000000, 0.000000000000000000, 0.000000000000000000 ) ) ;
#905 = VERTEX_POINT ( 'NONE', #406 ) ;
#906 = DIRECTION ( 'NONE',  ( -1.000000000000000000, 0.000000000000000000, 0.000000000000000000 ) ) ;
#907 = DIRECTION ( 'NONE',  ( 0.000000000000000000, 0.000000000000000000, 1.000000000000000000 ) ) ;
#908 = EDGE_LOOP ( 'NONE', ( #970, #452, #1359, #976 ) ) ;
#909 = CARTESIAN_POINT ( 'NONE',  ( -23.93500000000000227, 9.000000000000005329, 0.000000000000000000 ) ) ;
#910 = DIRECTION ( 'NONE',  ( 1.000000000000000000, 0.000000000000000000, 0.000000000000000000 ) ) ;
#911 = APPROVAL ( #1417, 'UNSPECIFIED' ) ;
#912 = CIRCLE ( 'NONE', #65, 4.064999999999997726 ) ;
#913 = CARTESIAN_POINT ( 'NONE',  ( -25.00000000000000000, 9.000000000000005329, 0.000000000000000000 ) ) ;
#914 = CYLINDRICAL_SURFACE ( 'NONE', #25, 1.064999999999996394 ) ;
#915 = ORIENTED_EDGE ( 'NONE', *, *, #822, .T. ) ;
#916 = CYLINDRICAL_SURFACE ( 'NONE', #1230, 1.064999999999996394 ) ;
#917 = DIRECTION ( 'NONE',  ( 0.000000000000000000, 0.000000000000000000, 1.000000000000000000 ) ) ;
#918 = CC_DESIGN_DATE_AND_TIME_ASSIGNMENT ( #993, #222, ( #1330 ) ) ;
#919 = CARTESIAN_POINT ( 'NONE',  ( -30.00000000000000355, 70.29999999999999716, 0.000000000000000000 ) ) ;
#920 = CIRCLE ( 'NONE', #875, 1.065000000000001723 ) ;
#921 = CIRCLE ( 'NONE', #1264, 4.064999999999999503 ) ;
#922 = ORIENTED_EDGE ( 'NONE', *, *, #1001, .F. ) ;
#923 = VERTEX_POINT ( 'NONE', #855 ) ;
#924 = DIRECTION ( 'NONE',  ( -0.000000000000000000, -0.000000000000000000, 1.000000000000000000 ) ) ;
#925 = FACE_OUTER_BOUND ( 'NONE', #445, .T. ) ;
#926 = ORIENTED_EDGE ( 'NONE', *, *, #418, .F. ) ;
#927 = FACE_OUTER_BOUND ( 'NONE', #250, .T. ) ;
#928 = EDGE_CURVE ( 'NONE', #489, #986, #407, .T. ) ;
#929 = ORIENTED_EDGE ( 'NONE', *, *, #279, .F. ) ;
#930 = EDGE_CURVE ( 'NONE', #258, #567, #1384, .T. ) ;
#931 = ORIENTED_EDGE ( 'NONE', *, *, #486, .F. ) ;
#932 = APPLICATION_PROTOCOL_DEFINITION ( 'international standard', 'config_control_design', 1994, #353 ) ;
#933 = DIRECTION ( 'NONE',  ( 0.000000000000000000, 0.000000000000000000, 1.000000000000000000 ) ) ;
#934 = ORIENTED_EDGE ( 'NONE', *, *, #1422, .T. ) ;
#935 = CARTESIAN_POINT ( 'NONE',  ( -23.93500000000000227, 9.000000000000005329, 4.000000000000000000 ) ) ;
#936 = EDGE_CURVE ( 'NONE', #120, #602, #706, .T. ) ;
#937 = CARTESIAN_POINT ( 'NONE',  ( -36.56499999999998352, 140.4999999999999716, 4.000000000000000000 ) ) ;
#938 =( GEOMETRIC_REPRESENTATION_CONTEXT ( 3 ) GLOBAL_UNCERTAINTY_ASSIGNED_CONTEXT ( ( #1237 ) ) GLOBAL_UNIT_ASSIGNED_CONTEXT ( ( #721, #1192, #1367 ) ) REPRESENTATION_CONTEXT ( 'NONE', 'WORKASPACE' ) );
#939 = ORIENTED_EDGE ( 'NONE', *, *, #582, .F. ) ;
#940 = DIRECTION ( 'NONE',  ( 0.000000000000000000, 0.000000000000000000, 1.000000000000000000 ) ) ;
#941 = EDGE_CURVE ( 'NONE', #175, #120, #517, .T. ) ;
#942 = ORIENTED_EDGE ( 'NONE', *, *, #14, .T. ) ;
#943 = PLANE ( 'NONE',  #1081 ) ;
#944 = AXIS2_PLACEMENT_3D ( 'NONE', #1213, #318, #1087 ) ;
#945 = FACE_BOUND ( 'NONE', #1060, .T. ) ;
#946 = AXIS2_PLACEMENT_3D ( 'NONE', #1093, #2, #323 ) ;
#947 = ORIENTED_EDGE ( 'NONE', *, *, #742, .T. ) ;
#948 = LINE ( 'NONE', #813, #317 ) ;
#949 = CARTESIAN_POINT ( 'NONE',  ( -7.000000000000006217, 80.30000000000001137, 0.000000000000000000 ) ) ;
#950 = EDGE_CURVE ( 'NONE', #286, #1043, #473, .T. ) ;
#951 = VERTEX_POINT ( 'NONE', #1143 ) ;
#952 = DIRECTION ( 'NONE',  ( -1.000000000000000000, 0.000000000000000000, -0.000000000000000000 ) ) ;
#953 = DIRECTION ( 'NONE',  ( -0.000000000000000000, -0.000000000000000000, -1.000000000000000000 ) ) ;
#954 = EDGE_LOOP ( 'NONE', ( #1154, #874, #1066, #757 ) ) ;
#955 = CARTESIAN_POINT ( 'NONE',  ( -14.49999999999999467, 140.4999999999999716, 4.000000000000000000 ) ) ;
#956 = ORIENTED_EDGE ( 'NONE', *, *, #433, .T. ) ;
#957 = FACE_OUTER_BOUND ( 'NONE', #669, .T. ) ;
#958 = DIRECTION ( 'NONE',  ( 1.000000000000000000, 0.000000000000000000, -0.000000000000000000 ) ) ;
#959 = EDGE_CURVE ( 'NONE', #923, #223, #912, .T. ) ;
#960 = ORIENTED_EDGE ( 'NONE', *, *, #257, .T. ) ;
#961 = AXIS2_PLACEMENT_3D ( 'NONE', #1397, #722, #177 ) ;
#962 = CARTESIAN_POINT ( 'NONE',  ( -35.49999999999999289, 109.4999999999999716, 4.000000000000000000 ) ) ;
#963 = ORIENTED_EDGE ( 'NONE', *, *, #1406, .F. ) ;
#964 = FACE_BOUND ( 'NONE', #440, .T. ) ;
#965 = DIRECTION ( 'NONE',  ( 0.000000000000000000, 0.000000000000000000, 1.000000000000000000 ) ) ;
#966 = ORIENTED_EDGE ( 'NONE', *, *, #92, .T. ) ;
#967 = AXIS2_PLACEMENT_3D ( 'NONE', #1350, #592, #33 ) ;
#968 = AXIS2_PLACEMENT_3D ( 'NONE', #105, #660, #316 ) ;
#969 = CARTESIAN_POINT ( 'NONE',  ( 0.000000000000000000, 0.000000000000000000, 0.000000000000000000 ) ) ;
#970 = ORIENTED_EDGE ( 'NONE', *, *, #224, .F. ) ;
#971 = CARTESIAN_POINT ( 'NONE',  ( -14.49999999999999467, 109.4999999999999716, 9.000000000000001776 ) ) ;
#972 = DIRECTION ( 'NONE',  ( 0.000000000000000000, 0.000000000000000000, 1.000000000000000000 ) ) ;
#973 = EDGE_LOOP ( 'NONE', ( #652, #818 ) ) ;
#974 = PRODUCT_DEFINITION_SHAPE ( 'NONE', 'NONE',  #355 ) ;
#975 = PLANE ( 'NONE',  #1049 ) ;
#976 = ORIENTED_EDGE ( 'NONE', *, *, #1360, .F. ) ;
#977 = FACE_OUTER_BOUND ( 'NONE', #1032, .T. ) ;
#978 = CARTESIAN_POINT ( 'NONE',  ( -10.00000000000000178, 60.30000000000000426, 4.000000000000000000 ) ) ;
#979 = COORDINATED_UNIVERSAL_TIME_OFFSET ( 1, 0, .AHEAD. ) ;
#980 = VERTEX_POINT ( 'NONE', #1283 ) ;
#981 = AXIS2_PLACEMENT_3D ( 'NONE', #569, #1112, #157 ) ;
#982 = DIRECTION ( 'NONE',  ( 1.000000000000000000, 0.000000000000000000, 0.000000000000000000 ) ) ;
#983 = AXIS2_PLACEMENT_3D ( 'NONE', #1009, #568, #1122 ) ;
#984 = CARTESIAN_POINT ( 'NONE',  ( -18.56499999999999773, 109.4999999999999716, 4.000000000000000000 ) ) ;
#985 = LINE ( 'NONE', #3, #780 ) ;
#986 = VERTEX_POINT ( 'NONE', #615 ) ;
#987 = AXIS2_PLACEMENT_3D ( 'NONE', #1388, #719, #1281 ) ;
#988 = VECTOR ( 'NONE', #289, 1000.000000000000000 ) ;
#989 = FACE_BOUND ( 'NONE', #1174, .T. ) ;
#990 = VERTEX_POINT ( 'NONE', #1067 ) ;
#991 = CARTESIAN_POINT ( 'NONE',  ( -30.00000000000000355, 50.30000000000001137, 0.000000000000000000 ) ) ;
#992 = DIRECTION ( 'NONE',  ( -0.000000000000000000, -0.000000000000000000, 1.000000000000000000 ) ) ;
#993 = DATE_AND_TIME ( #1114, #665 ) ;
#994 = EDGE_LOOP ( 'NONE', ( #694, #881 ) ) ;
#995 = CARTESIAN_POINT ( 'NONE',  ( -39.56499999999999062, 109.4999999999999716, 4.000000000000000000 ) ) ;
#996 = EDGE_CURVE ( 'NONE', #175, #81, #845, .T. ) ;
#997 = DIRECTION ( 'NONE',  ( -0.000000000000000000, -0.000000000000000000, 1.000000000000000000 ) ) ;
#998 = EDGE_CURVE ( 'NONE', #1235, #762, #1158, .T. ) ;
#999 = DIRECTION ( 'NONE',  ( 1.000000000000000000, 0.000000000000000000, 0.000000000000000000 ) ) ;
#1000 = ORIENTED_EDGE ( 'NONE', *, *, #503, .T. ) ;
#1001 = EDGE_CURVE ( 'NONE', #990, #188, #750, .T. ) ;
#1002 = DIRECTION ( 'NONE',  ( 0.000000000000000000, 0.7071067811865475727, -0.7071067811865475727 ) ) ;
#1003 = AXIS2_PLACEMENT_3D ( 'NONE', #1083, #545, #103 ) ;
#1004 = DIRECTION ( 'NONE',  ( -0.000000000000000000, 0.7071067811865451302, -0.7071067811865500152 ) ) ;
#1005 = AXIS2_PLACEMENT_3D ( 'NONE', #498, #1276, #728 ) ;
#1006 = VERTEX_POINT ( 'NONE', #283 ) ;
#1007 = FACE_BOUND ( 'NONE', #1275, .T. ) ;
#1008 = ORIENTED_EDGE ( 'NONE', *, *, #478, .F. ) ;
#1009 = CARTESIAN_POINT ( 'NONE',  ( -30.00000000000000355, 60.30000000000000426, 0.000000000000000000 ) ) ;
#1010 = CLOSED_SHELL ( 'NONE', ( #373, #1269, #386, #37, #342, #1358, #1340, #337, #60, #171, #273, #270, #871, #22, #1144, #1077, #439, #192, #458, #1234, #895, #521, #1250, #380, #764, #591, #654, #700, #1314, #162, #885, #41, #488, #351, #1387, #1295, #576, #167, #1165, #490, #1329, #1017, #1337, #288, #528 ) ) ;
#1011 = CIRCLE ( 'NONE', #49, 1.065000000000001723 ) ;
#1012 = DIRECTION ( 'NONE',  ( -0.000000000000000000, -0.000000000000000000, 1.000000000000000000 ) ) ;
#1013 = AXIS2_PLACEMENT_3D ( 'NONE', #509, #1263, #1386 ) ;
#1014 = AXIS2_PLACEMENT_3D ( 'NONE', #1223, #686, #477 ) ;
#1015 = PLANE ( 'NONE',  #1123 ) ;
#1016 = EDGE_LOOP ( 'NONE', ( #1036, #1226, #1419, #1262 ) ) ;
#1017 = ADVANCED_FACE ( 'NONE', ( #715 ), #1390, .F. ) ;
#1018 = ORIENTED_EDGE ( 'NONE', *, *, #1099, .T. ) ;
#1019 = FACE_OUTER_BOUND ( 'NONE', #78, .T. ) ;
#1020 = DIRECTION ( 'NONE',  ( 0.000000000000000000, 0.000000000000000000, 1.000000000000000000 ) ) ;
#1021 = DIRECTION ( 'NONE',  ( 0.000000000000000000, 0.000000000000000000, 1.000000000000000000 ) ) ;
#1022 = DIRECTION ( 'NONE',  ( -1.000000000000000000, 0.000000000000000000, 0.000000000000000000 ) ) ;
#1023 = ORIENTED_EDGE ( 'NONE', *, *, #212, .T. ) ;
#1024 = DIRECTION ( 'NONE',  ( 1.000000000000000000, 0.000000000000000000, 0.000000000000000000 ) ) ;
#1025 = DIRECTION ( 'NONE',  ( 1.000000000000000000, 0.000000000000000000, 0.000000000000000000 ) ) ;
#1026 = AXIS2_PLACEMENT_3D ( 'NONE', #601, #400, #385 ) ;
#1027 = DIRECTION ( 'NONE',  ( -0.000000000000000000, -0.000000000000000000, -1.000000000000000000 ) ) ;
#1028 = DIRECTION ( 'NONE',  ( -0.000000000000000000, -0.000000000000000000, -1.000000000000000000 ) ) ;
#1029 = DIRECTION ( 'NONE',  ( -1.000000000000000000, 0.000000000000000000, 0.000000000000000000 ) ) ;
#1030 = EDGE_CURVE ( 'NONE', #1391, #625, #1162, .T. ) ;
#1031 = DIRECTION ( 'NONE',  ( -0.000000000000000000, -0.000000000000000000, 1.000000000000000000 ) ) ;
#1032 = EDGE_LOOP ( 'NONE', ( #598, #278, #1023, #790 ) ) ;
#1033 = DIRECTION ( 'NONE',  ( -0.000000000000000000, -0.000000000000000000, -1.000000000000000000 ) ) ;
#1034 = AXIS2_PLACEMENT_3D ( 'NONE', #107, #1321, #1308 ) ;
#1035 = AXIS2_PLACEMENT_3D ( 'NONE', #124, #243, #331 ) ;
#1036 = ORIENTED_EDGE ( 'NONE', *, *, #128, .T. ) ;
#1037 = VERTEX_POINT ( 'NONE', #291 ) ;
#1038 = APPLICATION_PROTOCOL_DEFINITION ( 'international standard', 'config_control_design', 1994, #17 ) ;
#1039 = FACE_OUTER_BOUND ( 'NONE', #47, .T. ) ;
#1040 = EDGE_CURVE ( 'NONE', #322, #292, #272, .T. ) ;
#1041 = ORIENTED_EDGE ( 'NONE', *, *, #80, .T. ) ;
#1042 = CYLINDRICAL_SURFACE ( 'NONE', #642, 1.064999999999996394 ) ;
#1043 = VERTEX_POINT ( 'NONE', #1054 ) ;
#1044 = ORIENTED_EDGE ( 'NONE', *, *, #742, .F. ) ;
#1045 = DIRECTION ( 'NONE',  ( 1.000000000000000000, 0.000000000000000000, 0.000000000000000000 ) ) ;
#1046 = DIRECTION ( 'NONE',  ( 0.000000000000000000, 1.000000000000000000, 0.000000000000000000 ) ) ;
#1047 = ORIENTED_EDGE ( 'NONE', *, *, #1187, .T. ) ;
#1048 = FACE_OUTER_BOUND ( 'NONE', #93, .T. ) ;
#1049 = AXIS2_PLACEMENT_3D ( 'NONE', #1091, #425, #643 ) ;
#1050 = DIRECTION ( 'NONE',  ( 1.000000000000000000, 0.000000000000000000, 0.000000000000000000 ) ) ;
#1051 = AXIS2_PLACEMENT_3D ( 'NONE', #484, #1088, #1302 ) ;
#1052 = ORIENTED_EDGE ( 'NONE', *, *, #1040, .F. ) ;
#1053 = CYLINDRICAL_SURFACE ( 'NONE', #1348, 4.064999999999997726 ) ;
#1054 = CARTESIAN_POINT ( 'NONE',  ( -19.99999999999999289, 70.29999999999999716, 0.000000000000000000 ) ) ;
#1055 = VERTEX_POINT ( 'NONE', #507 ) ;
#1056 = DIRECTION ( 'NONE',  ( -0.000000000000000000, -0.7071067811865500152, -0.7071067811865451302 ) ) ;
#1057 = AXIS2_PLACEMENT_3D ( 'NONE', #326, #655, #244 ) ;
#1058 = CARTESIAN_POINT ( 'NONE',  ( -30.00000000000000355, 60.30000000000000426, 0.000000000000000000 ) ) ;
#1059 = VECTOR ( 'NONE', #268, 1000.000000000000000 ) ;
#1060 = EDGE_LOOP ( 'NONE', ( #1315, #753 ) ) ;
#1061 = EDGE_CURVE ( 'NONE', #1318, #1336, #1072, .T. ) ;
#1062 = DIRECTION ( 'NONE',  ( -0.000000000000000000, -0.000000000000000000, -1.000000000000000000 ) ) ;
#1063 = EDGE_LOOP ( 'NONE', ( #196, #956 ) ) ;
#1064 = DIRECTION ( 'NONE',  ( 1.000000000000000000, 0.000000000000000000, -0.000000000000000000 ) ) ;
#1065 = CARTESIAN_POINT ( 'NONE',  ( -11.99999999999999822, 88.29999999999999716, 0.000000000000000000 ) ) ;
#1066 = ORIENTED_EDGE ( 'NONE', *, *, #733, .T. ) ;
#1067 = CARTESIAN_POINT ( 'NONE',  ( -15.56499999999999595, 109.4999999999999716, 9.000000000000001776 ) ) ;
#1068 = ORIENTED_EDGE ( 'NONE', *, *, #1248, .F. ) ;
#1069 = DIRECTION ( 'NONE',  ( 1.000000000000000000, 0.000000000000000000, 0.000000000000000000 ) ) ;
#1070 = DIRECTION ( 'NONE',  ( -0.000000000000000000, -0.000000000000000000, 1.000000000000000000 ) ) ;
#1071 = ORIENTED_EDGE ( 'NONE', *, *, #1360, .T. ) ;
#1072 = CIRCLE ( 'NONE', #1210, 1.065000000000001723 ) ;
#1073 = DIRECTION ( 'NONE',  ( -1.000000000000000000, 0.000000000000000000, 0.000000000000000000 ) ) ;
#1074 = EDGE_CURVE ( 'NONE', #986, #489, #586, .T. ) ;
#1075 = VERTEX_POINT ( 'NONE', #335 ) ;
#1076 = DIRECTION ( 'NONE',  ( 0.000000000000000000, 0.000000000000000000, 1.000000000000000000 ) ) ;
#1077 = ADVANCED_FACE ( 'NONE', ( #1305 ), #975, .F. ) ;
#1078 = FACE_OUTER_BOUND ( 'NONE', #544, .T. ) ;
#1079 = ORIENTED_EDGE ( 'NONE', *, *, #867, .T. ) ;
#1080 = LOCAL_TIME ( 12, 54, 15.00000000000000000, #297 ) ;
#1081 = AXIS2_PLACEMENT_3D ( 'NONE', #89, #732, #952 ) ;
#1082 = CIRCLE ( 'NONE', #31, 1.064999999999996394 ) ;
#1083 = CARTESIAN_POINT ( 'NONE',  ( -14.49999999999999467, 140.4999999999999716, 4.000000000000000000 ) ) ;
#1084 = ORIENTED_EDGE ( 'NONE', *, *, #784, .F. ) ;
#1085 = CARTESIAN_POINT ( 'NONE',  ( -19.99999999999999289, 60.30000000000000426, 4.000000000000000000 ) ) ;
#1086 = EDGE_CURVE ( 'NONE', #951, #743, #339, .T. ) ;
#1087 = DIRECTION ( 'NONE',  ( -1.000000000000000000, 0.000000000000000000, -0.000000000000000000 ) ) ;
#1088 = DIRECTION ( 'NONE',  ( -0.000000000000000000, -0.000000000000000000, -1.000000000000000000 ) ) ;
#1089 = VERTEX_POINT ( 'NONE', #969 ) ;
#1090 = EDGE_CURVE ( 'NONE', #1344, #1089, #882, .T. ) ;
#1091 = CARTESIAN_POINT ( 'NONE',  ( -50.00000000000000000, 0.000000000000000000, 4.000000000000000000 ) ) ;
#1092 = VERTEX_POINT ( 'NONE', #1407 ) ;
#1093 = CARTESIAN_POINT ( 'NONE',  ( -35.49999999999999289, 140.4999999999999716, 4.000000000000000000 ) ) ;
#1094 = DIRECTION ( 'NONE',  ( -0.000000000000000000, -0.000000000000000000, 1.000000000000000000 ) ) ;
#1095 = DATE_AND_TIME ( #675, #213 ) ;
#1096 = APPROVAL ( #656, 'UNSPECIFIED' ) ;
#1097 = ORIENTED_EDGE ( 'NONE', *, *, #819, .T. ) ;
#1098 = VECTOR ( 'NONE', #1004, 1000.000000000000114 ) ;
#1099 = EDGE_CURVE ( 'NONE', #286, #219, #1319, .T. ) ;
#1100 = CARTESIAN_POINT ( 'NONE',  ( 0.000000000000000000, 4.000000000000003553, 4.000000000000000000 ) ) ;
#1101 = VECTOR ( 'NONE', #48, 1000.000000000000000 ) ;
#1102 = VERTEX_POINT ( 'NONE', #329 ) ;
#1103 = CYLINDRICAL_SURFACE ( 'NONE', #1035, 1.065000000000001723 ) ;
#1104 = DIRECTION ( 'NONE',  ( -0.000000000000000000, -0.000000000000000000, -1.000000000000000000 ) ) ;
#1105 = PERSON_AND_ORGANIZATION ( #858, #870 ) ;
#1106 = ORIENTED_EDGE ( 'NONE', *, *, #796, .F. ) ;
#1107 = CARTESIAN_POINT ( 'NONE',  ( 0.000000000000000000, 4.000000000000003553, 4.000000000000000000 ) ) ;
#1108 = CARTESIAN_POINT ( 'NONE',  ( -13.43499999999999517, 140.4999999999999716, 4.000000000000000000 ) ) ;
#1109 = DIRECTION ( 'NONE',  ( 1.000000000000000000, 0.000000000000000000, 0.000000000000000000 ) ) ;
#1110 = ORIENTED_EDGE ( 'NONE', *, *, #950, .F. ) ;
#1111 = CARTESIAN_POINT ( 'NONE',  ( -35.49999999999999289, 140.4999999999999716, 9.000000000000001776 ) ) ;
#1112 = DIRECTION ( 'NONE',  ( 0.000000000000000000, 0.000000000000000000, 1.000000000000000000 ) ) ;
#1113 = DIRECTION ( 'NONE',  ( 0.000000000000000000, 0.000000000000000000, -1.000000000000000000 ) ) ;
#1114 = CALENDAR_DATE ( 2026, 1, 7 ) ;
#1115 = CARTESIAN_POINT ( 'NONE',  ( -31.43499999999999162, 140.4999999999999716, 9.000000000000001776 ) ) ;
#1116 = VECTOR ( 'NONE', #1062, 1000.000000000000000 ) ;
#1117 = CARTESIAN_POINT ( 'NONE',  ( -35.49999999999999289, 140.4999999999999716, 9.000000000000001776 ) ) ;
#1118 = CIRCLE ( 'NONE', #1186, 2.000000000000005329 ) ;
#1119 = CARTESIAN_POINT ( 'NONE',  ( -15.56499999999999595, 109.4999999999999716, 4.000000000000000000 ) ) ;
#1120 = VERTEX_POINT ( 'NONE', #995 ) ;
#1121 = ORIENTED_EDGE ( 'NONE', *, *, #72, .F. ) ;
#1122 = DIRECTION ( 'NONE',  ( 1.000000000000000000, 0.000000000000000000, 0.000000000000000000 ) ) ;
#1123 = AXIS2_PLACEMENT_3D ( 'NONE', #919, #465, #372 ) ;
#1124 = DIRECTION ( 'NONE',  ( 0.000000000000000000, 0.000000000000000000, 1.000000000000000000 ) ) ;
#1125 = AXIS2_PLACEMENT_3D ( 'NONE', #44, #917, #454 ) ;
#1126 = CARTESIAN_POINT ( 'NONE',  ( -31.43499999999999162, 109.4999999999999716, 9.000000000000001776 ) ) ;
#1127 = ORIENTED_EDGE ( 'NONE', *, *, #1209, .F. ) ;
#1128 = EDGE_LOOP ( 'NONE', ( #1372, #878, #1310, #275, #217 ) ) ;
#1129 = CYLINDRICAL_SURFACE ( 'NONE', #983, 9.999999999999994671 ) ;
#1130 = DIRECTION ( 'NONE',  ( -0.000000000000000000, -0.000000000000000000, 1.000000000000000000 ) ) ;
#1131 = DIRECTION ( 'NONE',  ( -0.000000000000000000, -0.000000000000000000, -1.000000000000000000 ) ) ;
#1132 = DIRECTION ( 'NONE',  ( 1.000000000000000000, 0.000000000000000000, 0.000000000000000000 ) ) ;
#1133 = EDGE_CURVE ( 'NONE', #395, #219, #451, .T. ) ;
#1134 = ORIENTED_EDGE ( 'NONE', *, *, #670, .T. ) ;
#1135 = FACE_OUTER_BOUND ( 'NONE', #1225, .T. ) ;
#1136 = EDGE_CURVE ( 'NONE', #258, #1089, #759, .T. ) ;
#1137 = DIRECTION ( 'NONE',  ( -0.000000000000000000, -0.000000000000000000, 1.000000000000000000 ) ) ;
#1138 = AXIS2_PLACEMENT_3D ( 'NONE', #310, #430, #314 ) ;
#1139 = DIRECTION ( 'NONE',  ( 1.000000000000000000, 0.000000000000000000, 0.000000000000000000 ) ) ;
#1140 = CARTESIAN_POINT ( 'NONE',  ( -5.935000000000004938, 80.30000000000001137, 0.000000000000000000 ) ) ;
#1141 = ORIENTED_EDGE ( 'NONE', *, *, #717, .T. ) ;
#1142 = EDGE_CURVE ( 'NONE', #629, #1344, #651, .T. ) ;
#1143 = CARTESIAN_POINT ( 'NONE',  ( -31.43499999999999162, 140.4999999999999716, 9.000000000000001776 ) ) ;
#1144 = ADVANCED_FACE ( 'NONE', ( #635 ), #446, .F. ) ;
#1145 = ORIENTED_EDGE ( 'NONE', *, *, #88, .F. ) ;
#1146 = DIRECTION ( 'NONE',  ( 1.000000000000000000, 0.000000000000000000, 0.000000000000000000 ) ) ;
#1147 = LOCAL_TIME ( 12, 54, 15.00000000000000000, #979 ) ;
#1148 = AXIS2_PLACEMENT_3D ( 'NONE', #138, #487, #570 ) ;
#1149 = EDGE_CURVE ( 'NONE', #990, #322, #773, .T. ) ;
#1150 = CARTESIAN_POINT ( 'NONE',  ( -31.43499999999999162, 109.4999999999999716, 9.000000000000001776 ) ) ;
#1151 = ORIENTED_EDGE ( 'NONE', *, *, #1030, .T. ) ;
#1152 = APPROVAL_ROLE ( '' ) ;
#1153 = DIRECTION ( 'NONE',  ( -0.000000000000000000, -0.000000000000000000, 1.000000000000000000 ) ) ;
#1154 = ORIENTED_EDGE ( 'NONE', *, *, #1086, .F. ) ;
#1155 = FACE_OUTER_BOUND ( 'NONE', #374, .T. ) ;
#1156 = DIRECTION ( 'NONE',  ( 1.000000000000000000, 0.000000000000000000, 0.000000000000000000 ) ) ;
#1157 = VERTEX_POINT ( 'NONE', #218 ) ;
#1158 = LINE ( 'NONE', #840, #775 ) ;
#1159 = EDGE_LOOP ( 'NONE', ( #52, #684 ) ) ;
#1160 = FACE_BOUND ( 'NONE', #558, .T. ) ;
#1161 = EDGE_CURVE ( 'NONE', #746, #709, #203, .T. ) ;
#1162 = CIRCLE ( 'NONE', #1228, 1.064999999999996394 ) ;
#1163 = CARTESIAN_POINT ( 'NONE',  ( -10.43499999999998984, 109.4999999999999716, 9.000000000000001776 ) ) ;
#1164 = AXIS2_PLACEMENT_3D ( 'NONE', #702, #1218, #1227 ) ;
#1165 = ADVANCED_FACE ( 'NONE', ( #1211, #989 ), #869, .T. ) ;
#1166 = ORIENTED_EDGE ( 'NONE', *, *, #1136, .T. ) ;
#1167 = DIRECTION ( 'NONE',  ( -0.000000000000000000, -0.000000000000000000, -1.000000000000000000 ) ) ;
#1168 = ORIENTED_EDGE ( 'NONE', *, *, #928, .F. ) ;
#1169 = DIRECTION ( 'NONE',  ( 0.000000000000000000, 0.000000000000000000, 1.000000000000000000 ) ) ;
#1170 = CIRCLE ( 'NONE', #324, 9.999999999999994671 ) ;
#1171 = DIRECTION ( 'NONE',  ( 1.000000000000000000, 0.000000000000000000, 0.000000000000000000 ) ) ;
#1172 = VECTOR ( 'NONE', #879, 1000.000000000000000 ) ;
#1173 = DIRECTION ( 'NONE',  ( 0.000000000000000000, 0.000000000000000000, -1.000000000000000000 ) ) ;
#1174 = EDGE_LOOP ( 'NONE', ( #547, #1121 ) ) ;
#1175 = CARTESIAN_POINT ( 'NONE',  ( -43.00000000000000000, 80.30000000000001137, 0.000000000000000000 ) ) ;
#1176 = CARTESIAN_POINT ( 'NONE',  ( -24.99999999999998934, 140.4999999999999716, 0.000000000000000000 ) ) ;
#1177 = ORIENTED_EDGE ( 'NONE', *, *, #1133, .T. ) ;
#1178 = EDGE_CURVE ( 'NONE', #188, #292, #534, .T. ) ;
#1179 = DIRECTION ( 'NONE',  ( -0.000000000000000000, -0.000000000000000000, 1.000000000000000000 ) ) ;
#1180 = ORIENTED_EDGE ( 'NONE', *, *, #849, .F. ) ;
#1181 = FACE_BOUND ( 'NONE', #994, .T. ) ;
#1182 = CYLINDRICAL_SURFACE ( 'NONE', #666, 1.065000000000001723 ) ;
#1183 = PERSON_AND_ORGANIZATION_ROLE ( 'creator' ) ;
#1184 = AXIS2_PLACEMENT_3D ( 'NONE', #57, #933, #492 ) ;
#1185 = EDGE_LOOP ( 'NONE', ( #847, #334, #1141, #55 ) ) ;
#1186 = AXIS2_PLACEMENT_3D ( 'NONE', #581, #1324, #1024 ) ;
#1187 = EDGE_CURVE ( 'NONE', #1373, #258, #861, .T. ) ;
#1188 = LINE ( 'NONE', #207, #1369 ) ;
#1189 = ORIENTED_EDGE ( 'NONE', *, *, #1149, .F. ) ;
#1190 = CARTESIAN_POINT ( 'NONE',  ( -13.43499999999999517, 140.4999999999999716, 9.000000000000001776 ) ) ;
#1191 = LINE ( 'NONE', #564, #1217 ) ;
#1192 =( NAMED_UNIT ( * ) PLANE_ANGLE_UNIT ( ) SI_UNIT ( $, .RADIAN. ) );
#1193 = EDGE_CURVE ( 'NONE', #726, #1373, #123, .T. ) ;
#1194 = VECTOR ( 'NONE', #1257, 1000.000000000000000 ) ;
#1195 = VERTEX_POINT ( 'NONE', #1297 ) ;
#1196 = VECTOR ( 'NONE', #249, 1000.000000000000114 ) ;
#1197 = AXIS2_PLACEMENT_3D ( 'NONE', #1239, #583, #910 ) ;
#1198 = CARTESIAN_POINT ( 'NONE',  ( -50.00000000000000000, 0.000000000000000000, 0.000000000000000000 ) ) ;
#1199 = VERTEX_POINT ( 'NONE', #751 ) ;
#1200 = CARTESIAN_POINT ( 'NONE',  ( -38.00000000000000000, 88.29999999999999716, 0.000000000000000000 ) ) ;
#1201 = CARTESIAN_POINT ( 'NONE',  ( -15.56499999999999240, 140.4999999999999716, 9.000000000000001776 ) ) ;
#1202 = COORDINATED_UNIVERSAL_TIME_OFFSET ( 1, 0, .AHEAD. ) ;
#1203 = ORIENTED_EDGE ( 'NONE', *, *, #1394, .T. ) ;
#1204 = CARTESIAN_POINT ( 'NONE',  ( -15.56499999999999595, 109.4999999999999716, 9.000000000000001776 ) ) ;
#1205 = EDGE_LOOP ( 'NONE', ( #260, #934, #1385, #1166 ) ) ;
#1206 = CARTESIAN_POINT ( 'NONE',  ( -25.00000000000000000, 9.000000000000005329, 0.000000000000000000 ) ) ;
#1207 = CARTESIAN_POINT ( 'NONE',  ( -19.99999999999999289, 60.30000000000000426, 0.000000000000000000 ) ) ;
#1208 = ORIENTED_EDGE ( 'NONE', *, *, #85, .F. ) ;
#1209 = EDGE_CURVE ( 'NONE', #657, #1120, #1188, .T. ) ;
#1210 = AXIS2_PLACEMENT_3D ( 'NONE', #949, #225, #1413 ) ;
#1211 = FACE_OUTER_BOUND ( 'NONE', #856, .T. ) ;
#1212 = DIRECTION ( 'NONE',  ( -0.000000000000000000, -0.000000000000000000, -1.000000000000000000 ) ) ;
#1213 = CARTESIAN_POINT ( 'NONE',  ( 0.000000000000000000, 0.000000000000000000, 0.000000000000000000 ) ) ;
#1214 = PRODUCT ( 'Sensor_Box_LG_mount', 'Sensor_Box_LG_mount', '', ( #531 ) ) ;
#1215 = EDGE_LOOP ( 'NONE', ( #246, #87, #1414, #608 ) ) ;
#1216 = AXIS2_PLACEMENT_3D ( 'NONE', #572, #585, #1132 ) ;
#1217 = VECTOR ( 'NONE', #884, 1000.000000000000000 ) ;
#1218 = DIRECTION ( 'NONE',  ( 0.000000000000000000, 0.000000000000000000, -1.000000000000000000 ) ) ;
#1219 = CARTESIAN_POINT ( 'NONE',  ( -50.00000000000000000, 150.0000000000000000, 0.000000000000000000 ) ) ;
#1220 = LINE ( 'NONE', #1201, #826 ) ;
#1221 = EDGE_LOOP ( 'NONE', ( #508, #252 ) ) ;
#1222 = DIRECTION ( 'NONE',  ( -1.000000000000000000, 0.000000000000000000, 0.000000000000000000 ) ) ;
#1223 = CARTESIAN_POINT ( 'NONE',  ( -19.99999999999999289, 60.30000000000000426, 0.000000000000000000 ) ) ;
#1224 = CARTESIAN_POINT ( 'NONE',  ( -11.99999999999999822, 88.29999999999999716, 4.000000000000000000 ) ) ;
#1225 = EDGE_LOOP ( 'NONE', ( #915, #687, #271, #58 ) ) ;
#1226 = ORIENTED_EDGE ( 'NONE', *, *, #224, .T. ) ;
#1227 = DIRECTION ( 'NONE',  ( -1.000000000000000000, 0.000000000000000000, -0.000000000000000000 ) ) ;
#1228 = AXIS2_PLACEMENT_3D ( 'NONE', #962, #940, #1376 ) ;
#1229 = DIRECTION ( 'NONE',  ( 1.000000000000000000, 0.000000000000000000, 0.000000000000000000 ) ) ;
#1230 = AXIS2_PLACEMENT_3D ( 'NONE', #475, #347, #1332 ) ;
#1231 = ORIENTED_EDGE ( 'NONE', *, *, #1149, .T. ) ;
#1232 = FACE_OUTER_BOUND ( 'NONE', #1016, .T. ) ;
#1233 = EDGE_LOOP ( 'NONE', ( #777, #731, #1231, #431 ) ) ;
#1234 = ADVANCED_FACE ( 'NONE', ( #155 ), #36, .F. ) ;
#1235 = VERTEX_POINT ( 'NONE', #685 ) ;
#1236 = CARTESIAN_POINT ( 'NONE',  ( -14.49999999999999467, 109.4999999999999716, 9.000000000000001776 ) ) ;
#1237 = UNCERTAINTY_MEASURE_WITH_UNIT (LENGTH_MEASURE( 1.000000000000000082E-05 ), #721, 'distance_accuracy_value', 'NONE');
#1238 = AXIS2_PLACEMENT_3D ( 'NONE', #704, #578, #145 ) ;
#1239 = CARTESIAN_POINT ( 'NONE',  ( -7.000000000000006217, 80.30000000000001137, 0.000000000000000000 ) ) ;
#1240 = AXIS2_PLACEMENT_3D ( 'NONE', #210, #426, #117 ) ;
#1241 = CARTESIAN_POINT ( 'NONE',  ( -30.00000000000000355, 70.29999999999999716, 0.000000000000000000 ) ) ;
#1242 = FACE_OUTER_BOUND ( 'NONE', #474, .T. ) ;
#1243 = CC_DESIGN_PERSON_AND_ORGANIZATION_ASSIGNMENT ( #399, #384, ( #1214 ) ) ;
#1244 = VERTEX_POINT ( 'NONE', #127 ) ;
#1245 = DIRECTION ( 'NONE',  ( 1.000000000000000000, 0.000000000000000000, 0.000000000000000000 ) ) ;
#1246 = LINE ( 'NONE', #696, #1312 ) ;
#1247 = LINE ( 'NONE', #1126, #1059 ) ;
#1248 = EDGE_CURVE ( 'NONE', #516, #1006, #680, .T. ) ;
#1249 = EDGE_LOOP ( 'NONE', ( #1151, #1071 ) ) ;
#1250 = ADVANCED_FACE ( 'NONE', ( #801 ), #1129, .F. ) ;
#1251 = ORIENTED_EDGE ( 'NONE', *, *, #294, .F. ) ;
#1252 = DIRECTION ( 'NONE',  ( -0.000000000000000000, -0.7071067811865451302, 0.7071067811865500152 ) ) ;
#1253 = CARTESIAN_POINT ( 'NONE',  ( -50.00000000000000000, 146.0000000000000284, 4.000000000000000000 ) ) ;
#1254 = VECTOR ( 'NONE', #115, 1000.000000000000114 ) ;
#1255 = AXIS2_PLACEMENT_3D ( 'NONE', #274, #1368, #621 ) ;
#1256 = ORIENTED_EDGE ( 'NONE', *, *, #1061, .F. ) ;
#1257 = DIRECTION ( 'NONE',  ( -0.000000000000000000, -0.000000000000000000, 1.000000000000000000 ) ) ;
#1258 = EDGE_LOOP ( 'NONE', ( #616, #1343, #1259, #1271 ) ) ;
#1259 = ORIENTED_EDGE ( 'NONE', *, *, #294, .T. ) ;
#1260 = CARTESIAN_POINT ( 'NONE',  ( -36.56499999999998352, 109.4999999999999716, 4.000000000000000000 ) ) ;
#1261 = DIRECTION ( 'NONE',  ( 1.000000000000000000, 0.000000000000000000, 0.000000000000000000 ) ) ;
#1262 = ORIENTED_EDGE ( 'NONE', *, *, #893, .F. ) ;
#1263 = DIRECTION ( 'NONE',  ( 0.000000000000000000, 0.000000000000000000, -1.000000000000000000 ) ) ;
#1264 = AXIS2_PLACEMENT_3D ( 'NONE', #638, #202, #520 ) ;
#1265 = AXIS2_PLACEMENT_3D ( 'NONE', #1355, #348, #1363 ) ;
#1266 = DIRECTION ( 'NONE',  ( 1.000000000000000000, 0.000000000000000000, 0.000000000000000000 ) ) ;
#1267 = ORIENTED_EDGE ( 'NONE', *, *, #928, .T. ) ;
#1268 = CARTESIAN_POINT ( 'NONE',  ( -10.43499999999999517, 140.4999999999999716, 9.000000000000001776 ) ) ;
#1269 = ADVANCED_FACE ( 'NONE', ( #150 ), #695, .T. ) ;
#1270 = DIRECTION ( 'NONE',  ( 0.000000000000000000, 0.000000000000000000, 1.000000000000000000 ) ) ;
#1271 = ORIENTED_EDGE ( 'NONE', *, *, #478, .T. ) ;
#1272 = EDGE_CURVE ( 'NONE', #411, #923, #1353, .T. ) ;
#1273 = DIRECTION ( 'NONE',  ( -0.000000000000000000, -0.000000000000000000, 1.000000000000000000 ) ) ;
#1274 = DIRECTION ( 'NONE',  ( 0.000000000000000000, 0.000000000000000000, 1.000000000000000000 ) ) ;
#1275 = EDGE_LOOP ( 'NONE', ( #947, #540 ) ) ;
#1276 = DIRECTION ( 'NONE',  ( 0.000000000000000000, 0.000000000000000000, 1.000000000000000000 ) ) ;
#1277 = CYLINDRICAL_SURFACE ( 'NONE', #113, 4.064999999999999503 ) ;
#1278 = ORIENTED_EDGE ( 'NONE', *, *, #1074, .T. ) ;
#1279 = CARTESIAN_POINT ( 'NONE',  ( -38.00000000000000000, 88.29999999999999716, 0.000000000000000000 ) ) ;
#1280 = VECTOR ( 'NONE', #628, 1000.000000000000000 ) ;
#1281 = DIRECTION ( 'NONE',  ( 1.000000000000000000, 0.000000000000000000, 0.000000000000000000 ) ) ;
#1282 = VERTEX_POINT ( 'NONE', #468 ) ;
#1283 = CARTESIAN_POINT ( 'NONE',  ( -26.99999999999999645, 140.4999999999999716, 0.000000000000000000 ) ) ;
#1284 = ORIENTED_EDGE ( 'NONE', *, *, #16, .T. ) ;
#1285 = CARTESIAN_POINT ( 'NONE',  ( -25.00000000000000000, 9.000000000000005329, 0.000000000000000000 ) ) ;
#1286 = EDGE_CURVE ( 'NONE', #511, #516, #361, .T. ) ;
#1287 = AXIS2_PLACEMENT_3D ( 'NONE', #1058, #182, #618 ) ;
#1288 = DIRECTION ( 'NONE',  ( 1.000000000000000000, 0.000000000000000000, 0.000000000000000000 ) ) ;
#1289 = CIRCLE ( 'NONE', #121, 1.064999999999999947 ) ;
#1290 = EDGE_LOOP ( 'NONE', ( #391, #1134 ) ) ;
#1291 = CARTESIAN_POINT ( 'NONE',  ( -14.49999999999999467, 140.4999999999999716, 9.000000000000001776 ) ) ;
#1292 = ORIENTED_EDGE ( 'NONE', *, *, #333, .F. ) ;
#1293 = CARTESIAN_POINT ( 'NONE',  ( -30.00000000000000355, 70.29999999999999716, 0.000000000000000000 ) ) ;
#1294 = CARTESIAN_POINT ( 'NONE',  ( -35.49999999999999289, 140.4999999999999716, 9.000000000000001776 ) ) ;
#1295 = ADVANCED_FACE ( 'NONE', ( #1019, #463 ), #886, .T. ) ;
#1296 = ORIENTED_EDGE ( 'NONE', *, *, #593, .F. ) ;
#1297 = CARTESIAN_POINT ( 'NONE',  ( -30.00000000000000355, 70.29999999999999716, 4.000000000000000000 ) ) ;
#1298 = EDGE_CURVE ( 'NONE', #340, #980, #1118, .T. ) ;
#1299 = EDGE_LOOP ( 'NONE', ( #330, #563, #159, #1306 ) ) ;
#1300 = DIRECTION ( 'NONE',  ( 1.000000000000000000, 0.000000000000000000, 0.000000000000000000 ) ) ;
#1301 = CARTESIAN_POINT ( 'NONE',  ( -39.56499999999999062, 140.4999999999999716, 9.000000000000001776 ) ) ;
#1302 = DIRECTION ( 'NONE',  ( -1.000000000000000000, 0.000000000000000000, 0.000000000000000000 ) ) ;
#1303 = ORIENTED_EDGE ( 'NONE', *, *, #1074, .F. ) ;
#1304 = CC_DESIGN_PERSON_AND_ORGANIZATION_ASSIGNMENT ( #565, #557, ( #1330 ) ) ;
#1305 = FACE_OUTER_BOUND ( 'NONE', #829, .T. ) ;
#1306 = ORIENTED_EDGE ( 'NONE', *, *, #106, .F. ) ;
#1307 = CARTESIAN_POINT ( 'NONE',  ( -22.99999999999998579, 140.4999999999999716, 4.000000000000000000 ) ) ;
#1308 = DIRECTION ( 'NONE',  ( 1.000000000000000000, 0.000000000000000000, 0.000000000000000000 ) ) ;
#1309 = VECTOR ( 'NONE', #859, 1000.000000000000000 ) ;
#1310 = ORIENTED_EDGE ( 'NONE', *, *, #588, .F. ) ;
#1311 = APPROVAL_PERSON_ORGANIZATION ( #662, #1096, #901 ) ;
#1312 = VECTOR ( 'NONE', #1130, 1000.000000000000000 ) ;
#1313 = DIRECTION ( 'NONE',  ( 0.000000000000000000, 0.000000000000000000, 1.000000000000000000 ) ) ;
#1314 = ADVANCED_FACE ( 'NONE', ( #341 ), #894, .F. ) ;
#1315 = ORIENTED_EDGE ( 'NONE', *, *, #822, .F. ) ;
#1316 = PLANE ( 'NONE',  #968 ) ;
#1317 = FACE_OUTER_BOUND ( 'NONE', #1299, .T. ) ;
#1318 = VERTEX_POINT ( 'NONE', #778 ) ;
#1319 = LINE ( 'NONE', #876, #1323 ) ;
#1320 = DIRECTION ( 'NONE',  ( 1.000000000000000000, 0.000000000000000000, 0.000000000000000000 ) ) ;
#1321 = DIRECTION ( 'NONE',  ( 0.000000000000000000, 0.000000000000000000, 1.000000000000000000 ) ) ;
#1322 = PRODUCT_RELATED_PRODUCT_CATEGORY ( 'detail', '', ( #1214 ) ) ;
#1323 = VECTOR ( 'NONE', #1179, 1000.000000000000000 ) ;
#1324 = DIRECTION ( 'NONE',  ( 0.000000000000000000, 0.000000000000000000, 1.000000000000000000 ) ) ;
#1325 = DIRECTION ( 'NONE',  ( 0.000000000000000000, 0.000000000000000000, 1.000000000000000000 ) ) ;
#1326 = CYLINDRICAL_SURFACE ( 'NONE', #140, 9.999999999999991118 ) ;
#1327 = ORIENTED_EDGE ( 'NONE', *, *, #784, .T. ) ;
#1328 = AXIS2_PLACEMENT_3D ( 'NONE', #1294, #748, #958 ) ;
#1329 = ADVANCED_FACE ( 'NONE', ( #253 ), #916, .F. ) ;
#1330 = SECURITY_CLASSIFICATION ( '', '', #789 ) ;
#1331 = CIRCLE ( 'NONE', #1034, 4.064999999999999503 ) ;
#1332 = DIRECTION ( 'NONE',  ( -1.000000000000000000, 0.000000000000000000, 0.000000000000000000 ) ) ;
#1333 = AXIS2_PLACEMENT_3D ( 'NONE', #1347, #1020, #144 ) ;
#1334 = CARTESIAN_POINT ( 'NONE',  ( -50.00000000000000000, 146.0000000000000284, 4.000000000000000000 ) ) ;
#1335 = LINE ( 'NONE', #349, #1194 ) ;
#1336 = VERTEX_POINT ( 'NONE', #808 ) ;
#1337 = ADVANCED_FACE ( 'NONE', ( #143 ), #370, .F. ) ;
#1338 = DIRECTION ( 'NONE',  ( -0.000000000000000000, -0.000000000000000000, 1.000000000000000000 ) ) ;
#1339 = CYLINDRICAL_SURFACE ( 'NONE', #1393, 1.064999999999999947 ) ;
#1340 = ADVANCED_FACE ( 'NONE', ( #1135 ), #241, .F. ) ;
#1341 = ORIENTED_EDGE ( 'NONE', *, *, #533, .F. ) ;
#1342 = CYLINDRICAL_SURFACE ( 'NONE', #1148, 4.064999999999997726 ) ;
#1343 = ORIENTED_EDGE ( 'NONE', *, *, #239, .F. ) ;
#1344 = VERTEX_POINT ( 'NONE', #247 ) ;
#1345 = DIRECTION ( 'NONE',  ( -0.000000000000000000, -0.000000000000000000, -1.000000000000000000 ) ) ;
#1346 = CC_DESIGN_PERSON_AND_ORGANIZATION_ASSIGNMENT ( #1105, #131, ( #236 ) ) ;
#1347 = CARTESIAN_POINT ( 'NONE',  ( -24.99999999999999645, 88.29999999999999716, 4.000000000000000000 ) ) ;
#1348 = AXIS2_PLACEMENT_3D ( 'NONE', #56, #600, #176 ) ;
#1349 = EDGE_CURVE ( 'NONE', #951, #749, #677, .T. ) ;
#1350 = CARTESIAN_POINT ( 'NONE',  ( -14.49999999999999467, 140.4999999999999716, 4.000000000000000000 ) ) ;
#1351 = CARTESIAN_POINT ( 'NONE',  ( -35.49999999999999289, 140.4999999999999716, 9.000000000000001776 ) ) ;
#1352 = EDGE_LOOP ( 'NONE', ( #922, #1145 ) ) ;
#1353 = LINE ( 'NONE', #559, #1101 ) ;
#1354 = VECTOR ( 'NONE', #428, 1000.000000000000000 ) ;
#1355 = CARTESIAN_POINT ( 'NONE',  ( -35.49999999999999289, 109.4999999999999716, 4.000000000000000000 ) ) ;
#1356 = AXIS2_PLACEMENT_3D ( 'NONE', #9, #653, #887 ) ;
#1357 = CYLINDRICAL_SURFACE ( 'NONE', #457, 4.064999999999999503 ) ;
#1358 = ADVANCED_FACE ( 'NONE', ( #792 ), #1053, .T. ) ;
#1359 = ORIENTED_EDGE ( 'NONE', *, *, #893, .T. ) ;
#1360 = EDGE_CURVE ( 'NONE', #625, #1391, #798, .T. ) ;
#1361 = EDGE_LOOP ( 'NONE', ( #238, #676, #1284, #783 ) ) ;
#1362 = DIRECTION ( 'NONE',  ( -0.000000000000000000, -0.000000000000000000, -1.000000000000000000 ) ) ;
#1363 = DIRECTION ( 'NONE',  ( -1.000000000000000000, 0.000000000000000000, 0.000000000000000000 ) ) ;
#1364 = FACE_OUTER_BOUND ( 'NONE', #705, .T. ) ;
#1365 = ORIENTED_EDGE ( 'NONE', *, *, #442, .T. ) ;
#1366 = ORIENTED_EDGE ( 'NONE', *, *, #959, .T. ) ;
#1367 =( NAMED_UNIT ( * ) SI_UNIT ( $, .STERADIAN. ) SOLID_ANGLE_UNIT ( ) );
#1368 = DIRECTION ( 'NONE',  ( -0.000000000000000000, -0.000000000000000000, 1.000000000000000000 ) ) ;
#1369 = VECTOR ( 'NONE', #671, 1000.000000000000000 ) ;
#1370 = ORIENTED_EDGE ( 'NONE', *, *, #796, .T. ) ;
#1371 = LINE ( 'NONE', #1293, #899 ) ;
#1372 = ORIENTED_EDGE ( 'NONE', *, *, #889, .F. ) ;
#1373 = VERTEX_POINT ( 'NONE', #649 ) ;
#1374 = PERSON_AND_ORGANIZATION ( #858, #870 ) ;
#1375 = AXIS2_PLACEMENT_3D ( 'NONE', #683, #595, #139 ) ;
#1376 = DIRECTION ( 'NONE',  ( 1.000000000000000000, 0.000000000000000000, 0.000000000000000000 ) ) ;
#1377 = CIRCLE ( 'NONE', #896, 1.064999999999996394 ) ;
#1378 = VERTEX_POINT ( 'NONE', #392 ) ;
#1379 = DIRECTION ( 'NONE',  ( -0.000000000000000000, -0.000000000000000000, -1.000000000000000000 ) ) ;
#1380 = VECTOR ( 'NONE', #1409, 1000.000000000000000 ) ;
#1381 = CYLINDRICAL_SURFACE ( 'NONE', #281, 1.064999999999996394 ) ;
#1382 = EDGE_LOOP ( 'NONE', ( #535, #206, #401, #110 ) ) ;
#1383 = CARTESIAN_POINT ( 'NONE',  ( -24.99999999999998934, 140.4999999999999716, 4.000000000000000000 ) ) ;
#1384 = LINE ( 'NONE', #298, #156 ) ;
#1385 = ORIENTED_EDGE ( 'NONE', *, *, #930, .F. ) ;
#1386 = DIRECTION ( 'NONE',  ( -1.000000000000000000, 0.000000000000000000, -0.000000000000000000 ) ) ;
#1387 = ADVANCED_FACE ( 'NONE', ( #832 ), #756, .F. ) ;
#1388 = CARTESIAN_POINT ( 'NONE',  ( -35.49999999999999289, 109.4999999999999716, 9.000000000000001776 ) ) ;
#1389 = ORIENTED_EDGE ( 'NONE', *, *, #930, .T. ) ;
#1390 = PLANE ( 'NONE',  #178 ) ;
#1391 = VERTEX_POINT ( 'NONE', #1260 ) ;
#1392 = DIRECTION ( 'NONE',  ( -1.000000000000000000, -0.000000000000000000, -0.000000000000000000 ) ) ;
#1393 = AXIS2_PLACEMENT_3D ( 'NONE', #21, #897, #904 ) ;
#1394 = EDGE_CURVE ( 'NONE', #1318, #632, #948, .T. ) ;
#1395 = FACE_OUTER_BOUND ( 'NONE', #1233, .T. ) ;
#1396 = ORIENTED_EDGE ( 'NONE', *, *, #1090, .T. ) ;
#1397 = CARTESIAN_POINT ( 'NONE',  ( -14.49999999999999467, 109.4999999999999716, 4.000000000000000000 ) ) ;
#1398 = EDGE_LOOP ( 'NONE', ( #437, #1084, #807, #1177 ) ) ;
#1399 = CARTESIAN_POINT ( 'NONE',  ( -35.49999999999999289, 109.4999999999999716, 9.000000000000001776 ) ) ;
#1400 = AXIS2_PLACEMENT_3D ( 'NONE', #153, #1028, #1022 ) ;
#1401 = CC_DESIGN_APPROVAL ( #538, ( #355 ) ) ;
#1402 = CARTESIAN_POINT ( 'NONE',  ( -30.00000000000000355, 70.29999999999999716, 0.000000000000000000 ) ) ;
#1403 = EDGE_CURVE ( 'NONE', #201, #641, #729, .T. ) ;
#1404 = CIRCLE ( 'NONE', #1240, 1.064999999999999947 ) ;
#1405 = ORIENTED_EDGE ( 'NONE', *, *, #533, .T. ) ;
#1406 = EDGE_CURVE ( 'NONE', #767, #223, #865, .T. ) ;
#1407 = CARTESIAN_POINT ( 'NONE',  ( -30.00000000000000355, 50.30000000000001137, 0.000000000000000000 ) ) ;
#1408 = ORIENTED_EDGE ( 'NONE', *, *, #673, .F. ) ;
#1409 = DIRECTION ( 'NONE',  ( -0.000000000000000000, -0.000000000000000000, -1.000000000000000000 ) ) ;
#1410 = CARTESIAN_POINT ( 'NONE',  ( 0.000000000000000000, 0.000000000000000000, 0.000000000000000000 ) ) ;
#1411 = CALENDAR_DATE ( 2026, 1, 7 ) ;
#1412 = ORIENTED_EDGE ( 'NONE', *, *, #836, .F. ) ;
#1413 = DIRECTION ( 'NONE',  ( 1.000000000000000000, 0.000000000000000000, 0.000000000000000000 ) ) ;
#1414 = ORIENTED_EDGE ( 'NONE', *, *, #745, .T. ) ;
#1415 = DIRECTION ( 'NONE',  ( 1.000000000000000000, 0.000000000000000000, 0.000000000000000000 ) ) ;
#1416 = CARTESIAN_POINT ( 'NONE',  ( 0.000000000000000000, 0.000000000000000000, 4.000000000000000000 ) ) ;
#1417 = APPROVAL_STATUS ( 'not_yet_approved' ) ;
#1418 = VECTOR ( 'NONE', #438, 1000.000000000000000 ) ;
#1419 = ORIENTED_EDGE ( 'NONE', *, *, #1030, .F. ) ;
#1420 = VECTOR ( 'NONE', #266, 1000.000000000000000 ) ;
#1421 = CARTESIAN_POINT ( 'NONE',  ( 0.000000000000000000, 0.000000000000000000, 0.000000000000000000 ) ) ;
#1422 = EDGE_CURVE ( 'NONE', #824, #567, #63, .T. ) ;
ENDSEC;
END-ISO-10303-21;
